2026-02-06 14:54:27,392 [INFO] Registered component for monitoring: HeartLoop
2026-02-06 14:54:30,900 [INFO] Could not import comtypes.gen, trying to create it.
2026-02-06 14:54:30,904 [INFO] Created comtypes.gen directory: 'C:\Users\Administrator\Documents\THESE ARE MY PROJECTS\BRIM AI\.venv\Lib\site-packages\comtypes\gen'
2026-02-06 14:54:30,905 [INFO] Writing __init__.py file: 'C:\Users\Administrator\Documents\THESE ARE MY PROJECTS\BRIM AI\.venv\Lib\site-packages\comtypes\gen\__init__.py'
2026-02-06 14:54:30,958 [INFO] Using writeable comtypes cache directory: 'C:\Users\Administrator\Documents\THESE ARE MY PROJECTS\BRIM AI\.venv\Lib\site-packages\comtypes\gen'
2026-02-06 14:54:31,017 [INFO] Could not import comtypes.gen._C866CA3A_32F7_11D2_9602_00C04F8EE628_0_5_4: No module named 'comtypes.gen._C866CA3A_32F7_11D2_9602_00C04F8EE628_0_5_4'
2026-02-06 14:54:31,032 [INFO] # Generating comtypes.gen._C866CA3A_32F7_11D2_9602_00C04F8EE628_0_5_4
2026-02-06 14:54:31,467 [INFO] # Generating comtypes.gen.SpeechLib
2026-02-06 14:54:31,508 [INFO] Could not import comtypes.gen._00020430_0000_0000_C000_000000000046_0_2_0: No module named 'comtypes.gen._00020430_0000_0000_C000_000000000046_0_2_0'
2026-02-06 14:54:31,510 [INFO] # Generating comtypes.gen._00020430_0000_0000_C000_000000000046_0_2_0
2026-02-06 14:54:31,532 [INFO] # Generating comtypes.gen.stdole
2026-02-06 14:54:33,718 [INFO] Registered component for monitoring: VoiceEngine
2026-02-06 14:54:33,862 [CRITICAL] [HeartLoop] Fatal Tick Error: type object 'EmotionTrigger' has no attribute 'SYSTEM_ERROR'
2026-02-06 14:54:34,008 [CRITICAL] [HeartLoop] Fatal Tick Error: type object 'EmotionTrigger' has no attribute 'SYSTEM_ERROR'
2026-02-06 14:54:34,061 [CRITICAL] [HeartLoop] Fatal Tick Error: type object 'EmotionTrigger' has no attribute 'SYSTEM_ERROR'
2026-02-06 14:54:34,115 [CRITICAL] [HeartLoop] Fatal Tick Error: type object 'EmotionTrigger' has no attribute 'SYSTEM_ERROR'
2026-02-06 14:54:34,166 [CRITICAL] [HeartLoop] Fatal Tick Error: type object 'EmotionTrigger' has no attribute 'SYSTEM_ERROR'
2026-02-06 14:54:34,284 [CRITICAL] [HeartLoop] Fatal Tick Error: type object 'EmotionTrigger' has no attribute 'SYSTEM_ERROR'
2026-02-06 14:54:34,404 [CRITICAL] [HeartLoop] Fatal Tick Error: type object 'EmotionTrigger' has no attribute 'SYSTEM_ERROR'
2026-02-06 14:54:34,455 [CRITICAL] [HeartLoop] Fatal Tick Error: type object 'EmotionTrigger' has no attribute 'SYSTEM_ERROR'
2026-02-06 14:54:34,639 [CRITICAL] [HeartLoop] Fatal Tick Error: type object 'EmotionTrigger' has no attribute 'SYSTEM_ERROR'
2026-02-06 14:54:36,590 [CRITICAL] [HeartLoop] Fatal Tick Error: type object 'EmotionTrigger' has no attribute 'SYSTEM_ERROR'
2026-02-06 14:54:48,709 [CRITICAL] [HeartLoop] Fatal Tick Error: type object 'EmotionTrigger' has no attribute 'SYSTEM_ERROR'
2026-02-06 14:54:49,026 [CRITICAL] [HeartLoop] Fatal Tick Error: type object 'EmotionTrigger' has no attribute 'SYSTEM_ERROR'
2026-02-06 14:54:49,234 [CRITICAL] [HeartLoop] Fatal Tick Error: type object 'EmotionTrigger' has no attribute 'SYSTEM_ERROR'
2026-02-06 14:54:49,464 [CRITICAL] [HeartLoop] Fatal Tick Error: type object 'EmotionTrigger' has no attribute 'SYSTEM_ERROR'
2026-02-06 14:54:49,568 [CRITICAL] [HeartLoop] Fatal Tick Error: type object 'EmotionTrigger' has no attribute 'SYSTEM_ERROR'
2026-02-06 14:54:49,646 [CRITICAL] [HeartLoop] Fatal Tick Error: type object 'EmotionTrigger' has no attribute 'SYSTEM_ERROR'
2026-02-06 14:54:49,697 [CRITICAL] [HeartLoop] Fatal Tick Error: type object 'EmotionTrigger' has no attribute 'SYSTEM_ERROR'
2026-02-06 14:54:49,749 [CRITICAL] [HeartLoop] Fatal Tick Error: type object 'EmotionTrigger' has no attribute 'SYSTEM_ERROR'
2026-02-06 14:54:50,627 [CRITICAL] [HeartLoop] Fatal Tick Error: type object 'EmotionTrigger' has no attribute 'SYSTEM_ERROR'
2026-02-06 14:54:50,679 [CRITICAL] [HeartLoop] Fatal Tick Error: type object 'EmotionTrigger' has no attribute 'SYSTEM_ERROR'
2026-02-06 14:54:50,894 [CRITICAL] [HeartLoop] Fatal Tick Error: type object 'EmotionTrigger' has no attribute 'SYSTEM_ERROR'
2026-02-06 14:54:50,948 [CRITICAL] [HeartLoop] Fatal Tick Error: type object 'EmotionTrigger' has no attribute 'SYSTEM_ERROR'
2026-02-06 14:54:51,000 [CRITICAL] [HeartLoop] Fatal Tick Error: type object 'EmotionTrigger' has no attribute 'SYSTEM_ERROR'
2026-02-06 14:54:51,311 [CRITICAL] [HeartLoop] Fatal Tick Error: type object 'EmotionTrigger' has no attribute 'SYSTEM_ERROR'
2026-02-06 14:54:51,523 [CRITICAL] [HeartLoop] Fatal Tick Error: type object 'EmotionTrigger' has no attribute 'SYSTEM_ERROR'
2026-02-06 14:54:51,979 [CRITICAL] [HeartLoop] Fatal Tick Error: type object 'EmotionTrigger' has no attribute 'SYSTEM_ERROR'
2026-02-06 14:54:52,033 [CRITICAL] [HeartLoop] Fatal Tick Error: type object 'EmotionTrigger' has no attribute 'SYSTEM_ERROR'
2026-02-06 14:54:52,251 [CRITICAL] [HeartLoop] Fatal Tick Error: type object 'EmotionTrigger' has no attribute 'SYSTEM_ERROR'
2026-02-06 14:54:52,302 [CRITICAL] [HeartLoop] Fatal Tick Error: type object 'EmotionTrigger' has no attribute 'SYSTEM_ERROR'
2026-02-06 14:55:14,013 [CRITICAL] [HeartLoop] Fatal Tick Error: type object 'EmotionTrigger' has no attribute 'SYSTEM_ERROR'
2026-02-06 14:55:14,065 [CRITICAL] [HeartLoop] Fatal Tick Error: type object 'EmotionTrigger' has no attribute 'SYSTEM_ERROR'
2026-02-06 14:55:59,071 [CRITICAL] [HeartLoop] Fatal Tick Error: type object 'EmotionTrigger' has no attribute 'SYSTEM_ERROR'
2026-02-06 14:55:59,123 [CRITICAL] [HeartLoop] Fatal Tick Error: type object 'EmotionTrigger' has no attribute 'SYSTEM_ERROR'
2026-02-06 14:56:01,021 [CRITICAL] [HeartLoop] Fatal Tick Error: type object 'EmotionTrigger' has no attribute 'SYSTEM_ERROR'
2026-02-06 14:56:01,073 [CRITICAL] [HeartLoop] Fatal Tick Error: type object 'EmotionTrigger' has no attribute 'SYSTEM_ERROR'
2026-02-06 14:56:01,125 [CRITICAL] [HeartLoop] Fatal Tick Error: type object 'EmotionTrigger' has no attribute 'SYSTEM_ERROR'
2026-02-06 14:56:01,176 [CRITICAL] [HeartLoop] Fatal Tick Error: type object 'EmotionTrigger' has no attribute 'SYSTEM_ERROR'
2026-02-06 14:56:07,036 [CRITICAL] [HeartLoop] Fatal Tick Error: type object 'EmotionTrigger' has no attribute 'SYSTEM_ERROR'
2026-02-06 14:56:07,473 [CRITICAL] [HeartLoop] Fatal Tick Error: type object 'EmotionTrigger' has no attribute 'SYSTEM_ERROR'
2026-02-06 14:56:09,422 [CRITICAL] [HeartLoop] Fatal Tick Error: type object 'EmotionTrigger' has no attribute 'SYSTEM_ERROR'
2026-02-06 14:56:09,475 [CRITICAL] [HeartLoop] Fatal Tick Error: type object 'EmotionTrigger' has no attribute 'SYSTEM_ERROR'
2026-02-06 14:56:10,459 [CRITICAL] [HeartLoop] Fatal Tick Error: type object 'EmotionTrigger' has no attribute 'SYSTEM_ERROR'
2026-02-06 14:56:10,512 [CRITICAL] [HeartLoop] Fatal Tick Error: type object 'EmotionTrigger' has no attribute 'SYSTEM_ERROR'
2026-02-06 14:56:29,166 [CRITICAL] [HeartLoop] Fatal Tick Error: type object 'EmotionTrigger' has no attribute 'SYSTEM_ERROR'
2026-02-06 14:56:29,219 [CRITICAL] [HeartLoop] Fatal Tick Error: type object 'EmotionTrigger' has no attribute 'SYSTEM_ERROR'
2026-02-06 14:56:37,844 [CRITICAL] [HeartLoop] Fatal Tick Error: type object 'EmotionTrigger' has no attribute 'SYSTEM_ERROR'
2026-02-06 14:56:59,147 [CRITICAL] [HeartLoop] Fatal Tick Error: type object 'EmotionTrigger' has no attribute 'SYSTEM_ERROR'
2026-02-06 14:57:01,100 [CRITICAL] [HeartLoop] Fatal Tick Error: type object 'EmotionTrigger' has no attribute 'SYSTEM_ERROR'
2026-02-06 14:57:10,636 [CRITICAL] [HeartLoop] Fatal Tick Error: type object 'EmotionTrigger' has no attribute 'SYSTEM_ERROR'
2026-02-06 14:57:10,687 [CRITICAL] [HeartLoop] Fatal Tick Error: type object 'EmotionTrigger' has no attribute 'SYSTEM_ERROR'
2026-02-06 14:57:10,739 [CRITICAL] [HeartLoop] Fatal Tick Error: type object 'EmotionTrigger' has no attribute 'SYSTEM_ERROR'
2026-02-06 14:57:10,793 [CRITICAL] [HeartLoop] Fatal Tick Error: type object 'EmotionTrigger' has no attribute 'SYSTEM_ERROR'
2026-02-06 14:57:12,626 [CRITICAL] [HeartLoop] Fatal Tick Error: type object 'EmotionTrigger' has no attribute 'SYSTEM_ERROR'
2026-02-06 14:57:26,546 [CRITICAL] [HeartLoop] Fatal Tick Error: type object 'EmotionTrigger' has no attribute 'SYSTEM_ERROR'
2026-02-06 14:57:42,129 [CRITICAL] [HeartLoop] Fatal Tick Error: type object 'EmotionTrigger' has no attribute 'SYSTEM_ERROR'
2026-02-06 14:57:42,853 [CRITICAL] [HeartLoop] Fatal Tick Error: type object 'EmotionTrigger' has no attribute 'SYSTEM_ERROR'
2026-02-06 14:57:57,328 [CRITICAL] [HeartLoop] Fatal Tick Error: type object 'EmotionTrigger' has no attribute 'SYSTEM_ERROR'
2026-02-06 14:57:57,379 [CRITICAL] [HeartLoop] Fatal Tick Error: type object 'EmotionTrigger' has no attribute 'SYSTEM_ERROR'
2026-02-06 14:57:59,106 [CRITICAL] [HeartLoop] Fatal Tick Error: type object 'EmotionTrigger' has no attribute 'SYSTEM_ERROR'
2026-02-06 14:58:01,935 [CRITICAL] [HeartLoop] Fatal Tick Error: type object 'EmotionTrigger' has no attribute 'SYSTEM_ERROR'
2026-02-06 14:58:01,990 [CRITICAL] [HeartLoop] Fatal Tick Error: type object 'EmotionTrigger' has no attribute 'SYSTEM_ERROR'
2026-02-06 14:58:02,041 [CRITICAL] [HeartLoop] Fatal Tick Error: type object 'EmotionTrigger' has no attribute 'SYSTEM_ERROR'
2026-02-06 14:58:06,973 [CRITICAL] [HeartLoop] Fatal Tick Error: type object 'EmotionTrigger' has no attribute 'SYSTEM_ERROR'
2026-02-06 14:58:10,733 [CRITICAL] [HeartLoop] Fatal Tick Error: type object 'EmotionTrigger' has no attribute 'SYSTEM_ERROR'
2026-02-06 14:58:10,894 [CRITICAL] [HeartLoop] Fatal Tick Error: type object 'EmotionTrigger' has no attribute 'SYSTEM_ERROR'
2026-02-06 14:58:11,515 [CRITICAL] [HeartLoop] Fatal Tick Error: type object 'EmotionTrigger' has no attribute 'SYSTEM_ERROR'
2026-02-06 14:58:13,763 [CRITICAL] [HeartLoop] Fatal Tick Error: type object 'EmotionTrigger' has no attribute 'SYSTEM_ERROR'
2026-02-06 14:58:18,803 [CRITICAL] [HeartLoop] Fatal Tick Error: type object 'EmotionTrigger' has no attribute 'SYSTEM_ERROR'
2026-02-06 14:58:27,795 [CRITICAL] [HeartLoop] Fatal Tick Error: type object 'EmotionTrigger' has no attribute 'SYSTEM_ERROR'
2026-02-06 14:58:27,846 [CRITICAL] [HeartLoop] Fatal Tick Error: type object 'EmotionTrigger' has no attribute 'SYSTEM_ERROR'
2026-02-06 14:58:29,174 [CRITICAL] [HeartLoop] Fatal Tick Error: type object 'EmotionTrigger' has no attribute 'SYSTEM_ERROR'
2026-02-06 14:58:41,631 [CRITICAL] [HeartLoop] Fatal Tick Error: type object 'EmotionTrigger' has no attribute 'SYSTEM_ERROR'
2026-02-06 14:58:59,054 [CRITICAL] [HeartLoop] Fatal Tick Error: type object 'EmotionTrigger' has no attribute 'SYSTEM_ERROR'
2026-02-06 14:59:59,078 [CRITICAL] [HeartLoop] Fatal Tick Error: type object 'EmotionTrigger' has no attribute 'SYSTEM_ERROR'
2026-02-06 15:00:04,823 [CRITICAL] [HeartLoop] Fatal Tick Error: type object 'EmotionTrigger' has no attribute 'SYSTEM_ERROR'
2026-02-06 15:00:04,874 [CRITICAL] [HeartLoop] Fatal Tick Error: type object 'EmotionTrigger' has no attribute 'SYSTEM_ERROR'
2026-02-06 15:00:04,927 [CRITICAL] [HeartLoop] Fatal Tick Error: type object 'EmotionTrigger' has no attribute 'SYSTEM_ERROR'
2026-02-06 15:00:04,978 [CRITICAL] [HeartLoop] Fatal Tick Error: type object 'EmotionTrigger' has no attribute 'SYSTEM_ERROR'
2026-02-06 15:00:05,033 [CRITICAL] [HeartLoop] Fatal Tick Error: type object 'EmotionTrigger' has no attribute 'SYSTEM_ERROR'
2026-02-06 15:00:05,084 [CRITICAL] [HeartLoop] Fatal Tick Error: type object 'EmotionTrigger' has no attribute 'SYSTEM_ERROR'
2026-02-06 15:00:07,033 [CRITICAL] [HeartLoop] Fatal Tick Error: type object 'EmotionTrigger' has no attribute 'SYSTEM_ERROR'
2026-02-06 15:00:08,706 [CRITICAL] [HeartLoop] Fatal Tick Error: type object 'EmotionTrigger' has no attribute 'SYSTEM_ERROR'
2026-02-06 15:00:08,853 [CRITICAL] [HeartLoop] Fatal Tick Error: type object 'EmotionTrigger' has no attribute 'SYSTEM_ERROR'
2026-02-06 15:00:10,002 [CRITICAL] [HeartLoop] Fatal Tick Error: type object 'EmotionTrigger' has no attribute 'SYSTEM_ERROR'
2026-02-06 15:00:10,469 [CRITICAL] [HeartLoop] Fatal Tick Error: type object 'EmotionTrigger' has no attribute 'SYSTEM_ERROR'
2026-02-06 15:00:10,612 [CRITICAL] [HeartLoop] Fatal Tick Error: type object 'EmotionTrigger' has no attribute 'SYSTEM_ERROR'
2026-02-06 15:00:10,663 [CRITICAL] [HeartLoop] Fatal Tick Error: type object 'EmotionTrigger' has no attribute 'SYSTEM_ERROR'
2026-02-06 15:00:10,802 [CRITICAL] [HeartLoop] Fatal Tick Error: type object 'EmotionTrigger' has no attribute 'SYSTEM_ERROR'
2026-02-06 15:00:10,853 [CRITICAL] [HeartLoop] Fatal Tick Error: type object 'EmotionTrigger' has no attribute 'SYSTEM_ERROR'
2026-02-06 15:00:10,981 [CRITICAL] [HeartLoop] Fatal Tick Error: type object 'EmotionTrigger' has no attribute 'SYSTEM_ERROR'
2026-02-06 15:00:11,114 [CRITICAL] [HeartLoop] Fatal Tick Error: type object 'EmotionTrigger' has no attribute 'SYSTEM_ERROR'
2026-02-06 15:00:12,785 [CRITICAL] [HeartLoop] Fatal Tick Error: type object 'EmotionTrigger' has no attribute 'SYSTEM_ERROR'
2026-02-06 15:00:14,117 [CRITICAL] [HeartLoop] Fatal Tick Error: type object 'EmotionTrigger' has no attribute 'SYSTEM_ERROR'
2026-02-06 15:00:33,516 [INFO] Registered component for monitoring: HeartLoop
2026-02-06 15:00:35,875 [CRITICAL] [HeartLoop] Fatal Tick Error: type object 'EmotionTrigger' has no attribute 'SYSTEM_ERROR'
2026-02-06 15:00:36,013 [CRITICAL] [HeartLoop] Fatal Tick Error: type object 'EmotionTrigger' has no attribute 'SYSTEM_ERROR'
2026-02-06 15:00:36,280 [INFO] Imported existing <module 'comtypes.gen' from 'C:\\Users\\Administrator\\Documents\\THESE ARE MY PROJECTS\\BRIM AI\\.venv\\Lib\\site-packages\\comtypes\\gen\\__init__.py'>
2026-02-06 15:00:36,280 [INFO] Using writeable comtypes cache directory: 'C:\Users\Administrator\Documents\THESE ARE MY PROJECTS\BRIM AI\.venv\Lib\site-packages\comtypes\gen'
2026-02-06 15:00:36,649 [CRITICAL] [HeartLoop] Fatal Tick Error: type object 'EmotionTrigger' has no attribute 'SYSTEM_ERROR'
2026-02-06 15:00:36,784 [CRITICAL] [HeartLoop] Fatal Tick Error: type object 'EmotionTrigger' has no attribute 'SYSTEM_ERROR'
2026-02-06 15:00:38,048 [INFO] Registered component for monitoring: VoiceEngine
2026-02-06 15:01:00,458 [CRITICAL] [HeartLoop] Fatal Tick Error: type object 'EmotionTrigger' has no attribute 'SYSTEM_ERROR'
2026-02-06 15:01:00,459 [CRITICAL] [HeartLoop] Fatal Tick Error: type object 'EmotionTrigger' has no attribute 'SYSTEM_ERROR'
2026-02-06 15:01:00,510 [CRITICAL] [HeartLoop] Fatal Tick Error: type object 'EmotionTrigger' has no attribute 'SYSTEM_ERROR'
2026-02-06 15:01:00,510 [CRITICAL] [HeartLoop] Fatal Tick Error: type object 'EmotionTrigger' has no attribute 'SYSTEM_ERROR'
2026-02-06 15:01:01,860 [CRITICAL] [HeartLoop] Fatal Tick Error: type object 'EmotionTrigger' has no attribute 'SYSTEM_ERROR'
2026-02-06 15:01:01,862 [CRITICAL] [HeartLoop] Fatal Tick Error: type object 'EmotionTrigger' has no attribute 'SYSTEM_ERROR'
2026-02-06 15:01:02,530 [CRITICAL] [HeartLoop] Fatal Tick Error: type object 'EmotionTrigger' has no attribute 'SYSTEM_ERROR'
2026-02-06 15:01:02,531 [CRITICAL] [HeartLoop] Fatal Tick Error: type object 'EmotionTrigger' has no attribute 'SYSTEM_ERROR'
2026-02-06 15:01:02,689 [CRITICAL] [HeartLoop] Fatal Tick Error: type object 'EmotionTrigger' has no attribute 'SYSTEM_ERROR'
2026-02-06 15:01:02,696 [CRITICAL] [HeartLoop] Fatal Tick Error: type object 'EmotionTrigger' has no attribute 'SYSTEM_ERROR'
2026-02-06 15:01:02,743 [CRITICAL] [HeartLoop] Fatal Tick Error: type object 'EmotionTrigger' has no attribute 'SYSTEM_ERROR'
2026-02-06 15:01:02,753 [CRITICAL] [HeartLoop] Fatal Tick Error: type object 'EmotionTrigger' has no attribute 'SYSTEM_ERROR'
2026-02-06 15:01:07,257 [CRITICAL] [HeartLoop] Fatal Tick Error: type object 'EmotionTrigger' has no attribute 'SYSTEM_ERROR'
2026-02-06 15:01:07,260 [CRITICAL] [HeartLoop] Fatal Tick Error: type object 'EmotionTrigger' has no attribute 'SYSTEM_ERROR'
2026-02-06 15:01:07,309 [CRITICAL] [HeartLoop] Fatal Tick Error: type object 'EmotionTrigger' has no attribute 'SYSTEM_ERROR'
2026-02-06 15:01:07,312 [CRITICAL] [HeartLoop] Fatal Tick Error: type object 'EmotionTrigger' has no attribute 'SYSTEM_ERROR'
2026-02-06 15:01:47,815 [CRITICAL] [HeartLoop] Fatal Tick Error: type object 'EmotionTrigger' has no attribute 'SYSTEM_ERROR'
2026-02-06 15:01:47,816 [CRITICAL] [HeartLoop] Fatal Tick Error: type object 'EmotionTrigger' has no attribute 'SYSTEM_ERROR'
2026-02-06 15:01:49,573 [CRITICAL] [HeartLoop] Fatal Tick Error: type object 'EmotionTrigger' has no attribute 'SYSTEM_ERROR'
2026-02-06 15:01:49,573 [CRITICAL] [HeartLoop] Fatal Tick Error: type object 'EmotionTrigger' has no attribute 'SYSTEM_ERROR'
2026-02-06 15:02:03,411 [CRITICAL] [HeartLoop] Fatal Tick Error: type object 'EmotionTrigger' has no attribute 'SYSTEM_ERROR'
2026-02-06 15:02:03,412 [CRITICAL] [HeartLoop] Fatal Tick Error: type object 'EmotionTrigger' has no attribute 'SYSTEM_ERROR'
2026-02-06 15:02:29,582 [CRITICAL] [HeartLoop] Fatal Tick Error: type object 'EmotionTrigger' has no attribute 'SYSTEM_ERROR'
2026-02-06 15:02:29,583 [CRITICAL] [HeartLoop] Fatal Tick Error: type object 'EmotionTrigger' has no attribute 'SYSTEM_ERROR'
2026-02-06 15:03:04,745 [CRITICAL] [HeartLoop] Fatal Tick Error: type object 'EmotionTrigger' has no attribute 'SYSTEM_ERROR'
2026-02-06 15:03:04,745 [CRITICAL] [HeartLoop] Fatal Tick Error: type object 'EmotionTrigger' has no attribute 'SYSTEM_ERROR'
2026-02-06 15:03:05,005 [CRITICAL] [HeartLoop] Fatal Tick Error: type object 'EmotionTrigger' has no attribute 'SYSTEM_ERROR'
2026-02-06 15:03:05,006 [CRITICAL] [HeartLoop] Fatal Tick Error: type object 'EmotionTrigger' has no attribute 'SYSTEM_ERROR'
2026-02-06 15:03:05,057 [CRITICAL] [HeartLoop] Fatal Tick Error: type object 'EmotionTrigger' has no attribute 'SYSTEM_ERROR'
2026-02-06 15:03:05,060 [CRITICAL] [HeartLoop] Fatal Tick Error: type object 'EmotionTrigger' has no attribute 'SYSTEM_ERROR'
2026-02-06 15:03:05,108 [CRITICAL] [HeartLoop] Fatal Tick Error: type object 'EmotionTrigger' has no attribute 'SYSTEM_ERROR'
2026-02-06 15:03:05,112 [CRITICAL] [HeartLoop] Fatal Tick Error: type object 'EmotionTrigger' has no attribute 'SYSTEM_ERROR'
2026-02-06 15:03:13,965 [CRITICAL] [HeartLoop] Fatal Tick Error: type object 'EmotionTrigger' has no attribute 'SYSTEM_ERROR'
2026-02-06 15:03:19,436 [CRITICAL] [HeartLoop] Fatal Tick Error: type object 'EmotionTrigger' has no attribute 'SYSTEM_ERROR'
2026-02-06 15:03:19,460 [CRITICAL] [HeartLoop] Fatal Tick Error: type object 'EmotionTrigger' has no attribute 'SYSTEM_ERROR'
2026-02-06 15:03:26,600 [CRITICAL] [HeartLoop] Fatal Tick Error: type object 'EmotionTrigger' has no attribute 'SYSTEM_ERROR'
2026-02-06 15:03:26,600 [CRITICAL] [HeartLoop] Fatal Tick Error: type object 'EmotionTrigger' has no attribute 'SYSTEM_ERROR'
2026-02-06 15:03:27,078 [CRITICAL] [HeartLoop] Fatal Tick Error: type object 'EmotionTrigger' has no attribute 'SYSTEM_ERROR'
2026-02-06 15:03:27,096 [CRITICAL] [HeartLoop] Fatal Tick Error: type object 'EmotionTrigger' has no attribute 'SYSTEM_ERROR'
2026-02-06 15:03:27,131 [CRITICAL] [HeartLoop] Fatal Tick Error: type object 'EmotionTrigger' has no attribute 'SYSTEM_ERROR'
2026-02-06 15:03:27,149 [CRITICAL] [HeartLoop] Fatal Tick Error: type object 'EmotionTrigger' has no attribute 'SYSTEM_ERROR'
2026-02-06 15:03:27,827 [CRITICAL] [HeartLoop] Fatal Tick Error: type object 'EmotionTrigger' has no attribute 'SYSTEM_ERROR'
2026-02-06 15:03:27,887 [CRITICAL] [HeartLoop] Fatal Tick Error: type object 'EmotionTrigger' has no attribute 'SYSTEM_ERROR'
2026-02-06 15:03:28,325 [CRITICAL] [HeartLoop] Fatal Tick Error: type object 'EmotionTrigger' has no attribute 'SYSTEM_ERROR'
2026-02-06 15:03:35,714 [CRITICAL] [HeartLoop] Fatal Tick Error: type object 'EmotionTrigger' has no attribute 'SYSTEM_ERROR'
2026-02-06 15:03:35,716 [CRITICAL] [HeartLoop] Fatal Tick Error: type object 'EmotionTrigger' has no attribute 'SYSTEM_ERROR'
2026-02-06 15:03:35,867 [CRITICAL] [HeartLoop] Fatal Tick Error: type object 'EmotionTrigger' has no attribute 'SYSTEM_ERROR'
2026-02-06 15:03:35,869 [CRITICAL] [HeartLoop] Fatal Tick Error: type object 'EmotionTrigger' has no attribute 'SYSTEM_ERROR'
2026-02-06 15:03:35,921 [CRITICAL] [HeartLoop] Fatal Tick Error: type object 'EmotionTrigger' has no attribute 'SYSTEM_ERROR'
2026-02-06 15:03:35,923 [CRITICAL] [HeartLoop] Fatal Tick Error: type object 'EmotionTrigger' has no attribute 'SYSTEM_ERROR'
2026-02-06 15:03:36,071 [CRITICAL] [HeartLoop] Fatal Tick Error: type object 'EmotionTrigger' has no attribute 'SYSTEM_ERROR'
2026-02-06 15:03:36,072 [CRITICAL] [HeartLoop] Fatal Tick Error: type object 'EmotionTrigger' has no attribute 'SYSTEM_ERROR'
2026-02-06 15:03:36,237 [CRITICAL] [HeartLoop] Fatal Tick Error: type object 'EmotionTrigger' has no attribute 'SYSTEM_ERROR'
2026-02-06 15:03:36,237 [CRITICAL] [HeartLoop] Fatal Tick Error: type object 'EmotionTrigger' has no attribute 'SYSTEM_ERROR'
2026-02-06 15:03:36,294 [CRITICAL] [HeartLoop] Fatal Tick Error: type object 'EmotionTrigger' has no attribute 'SYSTEM_ERROR'
2026-02-06 15:03:36,294 [CRITICAL] [HeartLoop] Fatal Tick Error: type object 'EmotionTrigger' has no attribute 'SYSTEM_ERROR'
2026-02-06 15:03:36,454 [CRITICAL] [HeartLoop] Fatal Tick Error: type object 'EmotionTrigger' has no attribute 'SYSTEM_ERROR'
2026-02-06 15:03:36,461 [CRITICAL] [HeartLoop] Fatal Tick Error: type object 'EmotionTrigger' has no attribute 'SYSTEM_ERROR'
2026-02-06 15:03:36,714 [CRITICAL] [HeartLoop] Fatal Tick Error: type object 'EmotionTrigger' has no attribute 'SYSTEM_ERROR'
2026-02-06 15:03:36,722 [CRITICAL] [HeartLoop] Fatal Tick Error: type object 'EmotionTrigger' has no attribute 'SYSTEM_ERROR'
2026-02-06 15:03:36,766 [CRITICAL] [HeartLoop] Fatal Tick Error: type object 'EmotionTrigger' has no attribute 'SYSTEM_ERROR'
2026-02-06 15:03:36,775 [CRITICAL] [HeartLoop] Fatal Tick Error: type object 'EmotionTrigger' has no attribute 'SYSTEM_ERROR'
2026-02-06 15:03:36,820 [CRITICAL] [HeartLoop] Fatal Tick Error: type object 'EmotionTrigger' has no attribute 'SYSTEM_ERROR'
2026-02-06 15:03:36,828 [CRITICAL] [HeartLoop] Fatal Tick Error: type object 'EmotionTrigger' has no attribute 'SYSTEM_ERROR'
2026-02-06 15:03:36,874 [CRITICAL] [HeartLoop] Fatal Tick Error: type object 'EmotionTrigger' has no attribute 'SYSTEM_ERROR'
2026-02-06 15:03:36,882 [CRITICAL] [HeartLoop] Fatal Tick Error: type object 'EmotionTrigger' has no attribute 'SYSTEM_ERROR'
2026-02-06 15:03:37,653 [CRITICAL] [HeartLoop] Fatal Tick Error: type object 'EmotionTrigger' has no attribute 'SYSTEM_ERROR'
2026-02-06 15:04:06,014 [CRITICAL] [HeartLoop] Fatal Tick Error: type object 'EmotionTrigger' has no attribute 'SYSTEM_ERROR'
2026-02-06 15:04:06,014 [CRITICAL] [HeartLoop] Fatal Tick Error: type object 'EmotionTrigger' has no attribute 'SYSTEM_ERROR'
2026-02-06 15:04:06,069 [CRITICAL] [HeartLoop] Fatal Tick Error: type object 'EmotionTrigger' has no attribute 'SYSTEM_ERROR'
2026-02-06 15:04:06,069 [CRITICAL] [HeartLoop] Fatal Tick Error: type object 'EmotionTrigger' has no attribute 'SYSTEM_ERROR'
2026-02-06 15:04:06,120 [CRITICAL] [HeartLoop] Fatal Tick Error: type object 'EmotionTrigger' has no attribute 'SYSTEM_ERROR'
2026-02-06 15:04:06,121 [CRITICAL] [HeartLoop] Fatal Tick Error: type object 'EmotionTrigger' has no attribute 'SYSTEM_ERROR'
2026-02-06 15:04:06,452 [CRITICAL] [HeartLoop] Fatal Tick Error: type object 'EmotionTrigger' has no attribute 'SYSTEM_ERROR'
2026-02-06 15:04:23,160 [CRITICAL] [HeartLoop] Fatal Tick Error: type object 'EmotionTrigger' has no attribute 'SYSTEM_ERROR'
2026-02-06 15:04:23,212 [CRITICAL] [HeartLoop] Fatal Tick Error: type object 'EmotionTrigger' has no attribute 'SYSTEM_ERROR'
2026-02-06 15:04:23,212 [CRITICAL] [HeartLoop] Fatal Tick Error: type object 'EmotionTrigger' has no attribute 'SYSTEM_ERROR'
2026-02-06 15:04:23,264 [CRITICAL] [HeartLoop] Fatal Tick Error: type object 'EmotionTrigger' has no attribute 'SYSTEM_ERROR'
2026-02-06 15:04:23,265 [CRITICAL] [HeartLoop] Fatal Tick Error: type object 'EmotionTrigger' has no attribute 'SYSTEM_ERROR'
2026-02-06 15:04:24,878 [CRITICAL] [HeartLoop] Fatal Tick Error: type object 'EmotionTrigger' has no attribute 'SYSTEM_ERROR'
2026-02-06 15:04:45,062 [CRITICAL] [HeartLoop] Fatal Tick Error: type object 'EmotionTrigger' has no attribute 'SYSTEM_ERROR'
2026-02-06 15:04:45,062 [CRITICAL] [HeartLoop] Fatal Tick Error: type object 'EmotionTrigger' has no attribute 'SYSTEM_ERROR'
2026-02-06 15:04:47,363 [CRITICAL] [HeartLoop] Fatal Tick Error: type object 'EmotionTrigger' has no attribute 'SYSTEM_ERROR'
2026-02-06 15:04:47,363 [CRITICAL] [HeartLoop] Fatal Tick Error: type object 'EmotionTrigger' has no attribute 'SYSTEM_ERROR'
2026-02-06 15:04:47,773 [CRITICAL] [HeartLoop] Fatal Tick Error: type object 'EmotionTrigger' has no attribute 'SYSTEM_ERROR'
2026-02-06 15:04:47,774 [CRITICAL] [HeartLoop] Fatal Tick Error: type object 'EmotionTrigger' has no attribute 'SYSTEM_ERROR'
2026-02-06 15:04:47,825 [CRITICAL] [HeartLoop] Fatal Tick Error: type object 'EmotionTrigger' has no attribute 'SYSTEM_ERROR'
2026-02-06 15:04:47,826 [CRITICAL] [HeartLoop] Fatal Tick Error: type object 'EmotionTrigger' has no attribute 'SYSTEM_ERROR'
2026-02-06 15:04:47,876 [CRITICAL] [HeartLoop] Fatal Tick Error: type object 'EmotionTrigger' has no attribute 'SYSTEM_ERROR'
2026-02-06 15:04:47,877 [CRITICAL] [HeartLoop] Fatal Tick Error: type object 'EmotionTrigger' has no attribute 'SYSTEM_ERROR'
2026-02-06 15:04:48,166 [CRITICAL] [HeartLoop] Fatal Tick Error: type object 'EmotionTrigger' has no attribute 'SYSTEM_ERROR'
2026-02-06 15:04:58,758 [CRITICAL] [HeartLoop] Fatal Tick Error: type object 'EmotionTrigger' has no attribute 'SYSTEM_ERROR'
2026-02-06 15:04:58,759 [CRITICAL] [HeartLoop] Fatal Tick Error: type object 'EmotionTrigger' has no attribute 'SYSTEM_ERROR'
2026-02-06 15:04:59,564 [INFO] Registered component for monitoring: HeartLoop
2026-02-06 15:05:03,273 [CRITICAL] [HeartLoop] Fatal Tick Error: type object 'EmotionTrigger' has no attribute 'SYSTEM_ERROR'
2026-02-06 15:05:03,275 [CRITICAL] [HeartLoop] Fatal Tick Error: type object 'EmotionTrigger' has no attribute 'SYSTEM_ERROR'
2026-02-06 15:05:08,342 [CRITICAL] [HeartLoop] Fatal Tick Error: type object 'EmotionTrigger' has no attribute 'SYSTEM_ERROR'
2026-02-06 15:05:08,342 [CRITICAL] [HeartLoop] Fatal Tick Error: type object 'EmotionTrigger' has no attribute 'SYSTEM_ERROR'
2026-02-06 15:05:12,984 [CRITICAL] [HeartLoop] Fatal Tick Error: type object 'EmotionTrigger' has no attribute 'SYSTEM_ERROR'
2026-02-06 15:05:12,986 [CRITICAL] [HeartLoop] Fatal Tick Error: type object 'EmotionTrigger' has no attribute 'SYSTEM_ERROR'
2026-02-06 15:05:13,036 [CRITICAL] [HeartLoop] Fatal Tick Error: type object 'EmotionTrigger' has no attribute 'SYSTEM_ERROR'
2026-02-06 15:05:13,037 [CRITICAL] [HeartLoop] Fatal Tick Error: type object 'EmotionTrigger' has no attribute 'SYSTEM_ERROR'
2026-02-06 15:05:15,288 [CRITICAL] [HeartLoop] Fatal Tick Error: type object 'EmotionTrigger' has no attribute 'SYSTEM_ERROR'
2026-02-06 15:05:15,289 [CRITICAL] [HeartLoop] Fatal Tick Error: type object 'EmotionTrigger' has no attribute 'SYSTEM_ERROR'
2026-02-06 15:05:15,346 [CRITICAL] [HeartLoop] Fatal Tick Error: type object 'EmotionTrigger' has no attribute 'SYSTEM_ERROR'
2026-02-06 15:05:15,348 [CRITICAL] [HeartLoop] Fatal Tick Error: type object 'EmotionTrigger' has no attribute 'SYSTEM_ERROR'
2026-02-06 15:05:15,397 [CRITICAL] [HeartLoop] Fatal Tick Error: type object 'EmotionTrigger' has no attribute 'SYSTEM_ERROR'
2026-02-06 15:05:15,399 [CRITICAL] [HeartLoop] Fatal Tick Error: type object 'EmotionTrigger' has no attribute 'SYSTEM_ERROR'
2026-02-06 15:05:15,450 [CRITICAL] [HeartLoop] Fatal Tick Error: type object 'EmotionTrigger' has no attribute 'SYSTEM_ERROR'
2026-02-06 15:05:15,451 [CRITICAL] [HeartLoop] Fatal Tick Error: type object 'EmotionTrigger' has no attribute 'SYSTEM_ERROR'
2026-02-06 15:05:15,501 [CRITICAL] [HeartLoop] Fatal Tick Error: type object 'EmotionTrigger' has no attribute 'SYSTEM_ERROR'
2026-02-06 15:05:15,503 [CRITICAL] [HeartLoop] Fatal Tick Error: type object 'EmotionTrigger' has no attribute 'SYSTEM_ERROR'
2026-02-06 15:05:35,747 [CRITICAL] [HeartLoop] Fatal Tick Error: type object 'EmotionTrigger' has no attribute 'SYSTEM_ERROR'
2026-02-06 15:05:35,747 [CRITICAL] [HeartLoop] Fatal Tick Error: type object 'EmotionTrigger' has no attribute 'SYSTEM_ERROR'
2026-02-06 15:05:35,799 [CRITICAL] [HeartLoop] Fatal Tick Error: type object 'EmotionTrigger' has no attribute 'SYSTEM_ERROR'
2026-02-06 15:05:35,800 [CRITICAL] [HeartLoop] Fatal Tick Error: type object 'EmotionTrigger' has no attribute 'SYSTEM_ERROR'
2026-02-06 15:05:35,857 [CRITICAL] [HeartLoop] Fatal Tick Error: type object 'EmotionTrigger' has no attribute 'SYSTEM_ERROR'
2026-02-06 15:05:35,857 [CRITICAL] [HeartLoop] Fatal Tick Error: type object 'EmotionTrigger' has no attribute 'SYSTEM_ERROR'
2026-02-06 15:05:35,933 [CRITICAL] [HeartLoop] Fatal Tick Error: type object 'EmotionTrigger' has no attribute 'SYSTEM_ERROR'
2026-02-06 15:05:35,933 [CRITICAL] [HeartLoop] Fatal Tick Error: type object 'EmotionTrigger' has no attribute 'SYSTEM_ERROR'
2026-02-06 15:05:35,987 [CRITICAL] [HeartLoop] Fatal Tick Error: type object 'EmotionTrigger' has no attribute 'SYSTEM_ERROR'
2026-02-06 15:05:35,989 [CRITICAL] [HeartLoop] Fatal Tick Error: type object 'EmotionTrigger' has no attribute 'SYSTEM_ERROR'
2026-02-06 15:05:36,040 [CRITICAL] [HeartLoop] Fatal Tick Error: type object 'EmotionTrigger' has no attribute 'SYSTEM_ERROR'
2026-02-06 15:05:36,041 [CRITICAL] [HeartLoop] Fatal Tick Error: type object 'EmotionTrigger' has no attribute 'SYSTEM_ERROR'
2026-02-06 15:05:36,113 [CRITICAL] [HeartLoop] Fatal Tick Error: type object 'EmotionTrigger' has no attribute 'SYSTEM_ERROR'
2026-02-06 15:05:36,113 [CRITICAL] [HeartLoop] Fatal Tick Error: type object 'EmotionTrigger' has no attribute 'SYSTEM_ERROR'
2026-02-06 15:05:36,164 [CRITICAL] [HeartLoop] Fatal Tick Error: type object 'EmotionTrigger' has no attribute 'SYSTEM_ERROR'
2026-02-06 15:05:36,164 [CRITICAL] [HeartLoop] Fatal Tick Error: type object 'EmotionTrigger' has no attribute 'SYSTEM_ERROR'
2026-02-06 15:05:36,215 [CRITICAL] [HeartLoop] Fatal Tick Error: type object 'EmotionTrigger' has no attribute 'SYSTEM_ERROR'
2026-02-06 15:05:36,216 [CRITICAL] [HeartLoop] Fatal Tick Error: type object 'EmotionTrigger' has no attribute 'SYSTEM_ERROR'
2026-02-06 15:05:36,719 [INFO] Registered component for monitoring: HeartLoop
2026-02-06 15:05:37,022 [INFO] Imported existing <module 'comtypes.gen' from 'C:\\Users\\Administrator\\Documents\\THESE ARE MY PROJECTS\\BRIM AI\\.venv\\Lib\\site-packages\\comtypes\\gen\\__init__.py'>
2026-02-06 15:05:37,022 [INFO] Using writeable comtypes cache directory: 'C:\Users\Administrator\Documents\THESE ARE MY PROJECTS\BRIM AI\.venv\Lib\site-packages\comtypes\gen'
2026-02-06 15:05:38,795 [INFO] Registered component for monitoring: VoiceEngine
2026-02-06 15:05:44,647 [CRITICAL] [HeartLoop] Fatal Tick Error: type object 'EmotionTrigger' has no attribute 'SYSTEM_ERROR'
2026-02-06 15:05:44,662 [CRITICAL] [HeartLoop] Fatal Tick Error: type object 'EmotionTrigger' has no attribute 'SYSTEM_ERROR'
2026-02-06 15:05:44,663 [CRITICAL] [HeartLoop] Fatal Tick Error: type object 'EmotionTrigger' has no attribute 'SYSTEM_ERROR'
2026-02-06 15:05:47,053 [CRITICAL] [HeartLoop] Fatal Tick Error: type object 'EmotionTrigger' has no attribute 'SYSTEM_ERROR'
2026-02-06 15:05:47,104 [CRITICAL] [HeartLoop] Fatal Tick Error: type object 'EmotionTrigger' has no attribute 'SYSTEM_ERROR'
2026-02-06 15:05:47,121 [CRITICAL] [HeartLoop] Fatal Tick Error: type object 'EmotionTrigger' has no attribute 'SYSTEM_ERROR'
2026-02-06 15:05:47,124 [CRITICAL] [HeartLoop] Fatal Tick Error: type object 'EmotionTrigger' has no attribute 'SYSTEM_ERROR'
2026-02-06 15:05:56,028 [CRITICAL] [HeartLoop] Fatal Tick Error: type object 'EmotionTrigger' has no attribute 'SYSTEM_ERROR'
2026-02-06 15:05:56,044 [CRITICAL] [HeartLoop] Fatal Tick Error: type object 'EmotionTrigger' has no attribute 'SYSTEM_ERROR'
2026-02-06 15:05:56,045 [CRITICAL] [HeartLoop] Fatal Tick Error: type object 'EmotionTrigger' has no attribute 'SYSTEM_ERROR'
2026-02-06 15:05:56,081 [CRITICAL] [HeartLoop] Fatal Tick Error: type object 'EmotionTrigger' has no attribute 'SYSTEM_ERROR'
2026-02-06 15:05:56,095 [CRITICAL] [HeartLoop] Fatal Tick Error: type object 'EmotionTrigger' has no attribute 'SYSTEM_ERROR'
2026-02-06 15:05:56,097 [CRITICAL] [HeartLoop] Fatal Tick Error: type object 'EmotionTrigger' has no attribute 'SYSTEM_ERROR'
2026-02-06 15:05:58,430 [CRITICAL] [HeartLoop] Fatal Tick Error: type object 'EmotionTrigger' has no attribute 'SYSTEM_ERROR'
2026-02-06 15:05:58,431 [CRITICAL] [HeartLoop] Fatal Tick Error: type object 'EmotionTrigger' has no attribute 'SYSTEM_ERROR'
2026-02-06 15:05:58,431 [CRITICAL] [HeartLoop] Fatal Tick Error: type object 'EmotionTrigger' has no attribute 'SYSTEM_ERROR'
2026-02-06 15:05:58,493 [CRITICAL] [HeartLoop] Fatal Tick Error: type object 'EmotionTrigger' has no attribute 'SYSTEM_ERROR'
2026-02-06 15:05:59,212 [CRITICAL] [HeartLoop] Fatal Tick Error: type object 'EmotionTrigger' has no attribute 'SYSTEM_ERROR'
2026-02-06 15:05:59,263 [CRITICAL] [HeartLoop] Fatal Tick Error: type object 'EmotionTrigger' has no attribute 'SYSTEM_ERROR'
2026-02-06 15:06:05,614 [CRITICAL] [HeartLoop] Fatal Tick Error: type object 'EmotionTrigger' has no attribute 'SYSTEM_ERROR'
2026-02-06 15:06:06,643 [CRITICAL] [HeartLoop] Fatal Tick Error: type object 'EmotionTrigger' has no attribute 'SYSTEM_ERROR'
2026-02-06 15:06:06,644 [CRITICAL] [HeartLoop] Fatal Tick Error: type object 'EmotionTrigger' has no attribute 'SYSTEM_ERROR'
2026-02-06 15:06:06,653 [CRITICAL] [HeartLoop] Fatal Tick Error: type object 'EmotionTrigger' has no attribute 'SYSTEM_ERROR'
2026-02-06 15:06:06,699 [CRITICAL] [HeartLoop] Fatal Tick Error: type object 'EmotionTrigger' has no attribute 'SYSTEM_ERROR'
2026-02-06 15:06:06,703 [CRITICAL] [HeartLoop] Fatal Tick Error: type object 'EmotionTrigger' has no attribute 'SYSTEM_ERROR'
2026-02-06 15:06:06,755 [CRITICAL] [HeartLoop] Fatal Tick Error: type object 'EmotionTrigger' has no attribute 'SYSTEM_ERROR'
2026-02-06 15:06:06,793 [CRITICAL] [HeartLoop] Fatal Tick Error: type object 'EmotionTrigger' has no attribute 'SYSTEM_ERROR'
2026-02-06 15:06:09,210 [CRITICAL] [HeartLoop] Fatal Tick Error: type object 'EmotionTrigger' has no attribute 'SYSTEM_ERROR'
2026-02-06 15:06:09,211 [CRITICAL] [HeartLoop] Fatal Tick Error: type object 'EmotionTrigger' has no attribute 'SYSTEM_ERROR'
2026-02-06 15:06:09,211 [CRITICAL] [HeartLoop] Fatal Tick Error: type object 'EmotionTrigger' has no attribute 'SYSTEM_ERROR'
2026-02-06 15:06:19,035 [CRITICAL] [HeartLoop] Fatal Tick Error: type object 'EmotionTrigger' has no attribute 'SYSTEM_ERROR'
2026-02-06 15:06:19,086 [CRITICAL] [HeartLoop] Fatal Tick Error: type object 'EmotionTrigger' has no attribute 'SYSTEM_ERROR'
2026-02-06 15:06:33,621 [CRITICAL] [HeartLoop] Fatal Tick Error: type object 'EmotionTrigger' has no attribute 'SYSTEM_ERROR'
2026-02-06 15:06:33,672 [CRITICAL] [HeartLoop] Fatal Tick Error: type object 'EmotionTrigger' has no attribute 'SYSTEM_ERROR'
2026-02-06 15:06:33,713 [CRITICAL] [HeartLoop] Fatal Tick Error: type object 'EmotionTrigger' has no attribute 'SYSTEM_ERROR'
2026-02-06 15:06:33,713 [CRITICAL] [HeartLoop] Fatal Tick Error: type object 'EmotionTrigger' has no attribute 'SYSTEM_ERROR'
2026-02-06 15:06:33,724 [CRITICAL] [HeartLoop] Fatal Tick Error: type object 'EmotionTrigger' has no attribute 'SYSTEM_ERROR'
2026-02-06 15:06:48,010 [CRITICAL] [HeartLoop] Fatal Tick Error: type object 'EmotionTrigger' has no attribute 'SYSTEM_ERROR'
2026-02-06 15:06:48,062 [CRITICAL] [HeartLoop] Fatal Tick Error: type object 'EmotionTrigger' has no attribute 'SYSTEM_ERROR'
2026-02-06 15:06:48,093 [CRITICAL] [HeartLoop] Fatal Tick Error: type object 'EmotionTrigger' has no attribute 'SYSTEM_ERROR'
2026-02-06 15:06:48,093 [CRITICAL] [HeartLoop] Fatal Tick Error: type object 'EmotionTrigger' has no attribute 'SYSTEM_ERROR'
2026-02-06 15:06:48,113 [CRITICAL] [HeartLoop] Fatal Tick Error: type object 'EmotionTrigger' has no attribute 'SYSTEM_ERROR'
2026-02-06 15:07:02,301 [CRITICAL] [HeartLoop] Fatal Tick Error: type object 'EmotionTrigger' has no attribute 'SYSTEM_ERROR'
2026-02-06 15:07:02,352 [CRITICAL] [HeartLoop] Fatal Tick Error: type object 'EmotionTrigger' has no attribute 'SYSTEM_ERROR'
2026-02-06 15:07:02,373 [CRITICAL] [HeartLoop] Fatal Tick Error: type object 'EmotionTrigger' has no attribute 'SYSTEM_ERROR'
2026-02-06 15:07:02,378 [CRITICAL] [HeartLoop] Fatal Tick Error: type object 'EmotionTrigger' has no attribute 'SYSTEM_ERROR'
2026-02-06 15:07:03,983 [CRITICAL] [HeartLoop] Fatal Tick Error: type object 'EmotionTrigger' has no attribute 'SYSTEM_ERROR'
2026-02-06 15:07:04,026 [CRITICAL] [HeartLoop] Fatal Tick Error: type object 'EmotionTrigger' has no attribute 'SYSTEM_ERROR'
2026-02-06 15:07:04,035 [CRITICAL] [HeartLoop] Fatal Tick Error: type object 'EmotionTrigger' has no attribute 'SYSTEM_ERROR'
2026-02-06 15:07:04,047 [CRITICAL] [HeartLoop] Fatal Tick Error: type object 'EmotionTrigger' has no attribute 'SYSTEM_ERROR'
2026-02-06 15:07:15,775 [CRITICAL] [HeartLoop] Fatal Tick Error: type object 'EmotionTrigger' has no attribute 'SYSTEM_ERROR'
2026-02-06 15:07:15,851 [CRITICAL] [HeartLoop] Fatal Tick Error: type object 'EmotionTrigger' has no attribute 'SYSTEM_ERROR'
2026-02-06 15:07:15,852 [CRITICAL] [HeartLoop] Fatal Tick Error: type object 'EmotionTrigger' has no attribute 'SYSTEM_ERROR'
2026-02-06 15:07:27,503 [CRITICAL] [HeartLoop] Fatal Tick Error: type object 'EmotionTrigger' has no attribute 'SYSTEM_ERROR'
2026-02-06 15:07:36,697 [CRITICAL] [HeartLoop] Fatal Tick Error: type object 'EmotionTrigger' has no attribute 'SYSTEM_ERROR'
2026-02-06 15:07:48,621 [CRITICAL] [HeartLoop] Fatal Tick Error: type object 'EmotionTrigger' has no attribute 'SYSTEM_ERROR'
2026-02-06 15:07:48,672 [CRITICAL] [HeartLoop] Fatal Tick Error: type object 'EmotionTrigger' has no attribute 'SYSTEM_ERROR'
2026-02-06 15:07:56,496 [CRITICAL] [HeartLoop] Fatal Tick Error: type object 'EmotionTrigger' has no attribute 'SYSTEM_ERROR'
2026-02-06 15:07:56,541 [CRITICAL] [HeartLoop] Fatal Tick Error: type object 'EmotionTrigger' has no attribute 'SYSTEM_ERROR'
2026-02-06 15:07:56,541 [CRITICAL] [HeartLoop] Fatal Tick Error: type object 'EmotionTrigger' has no attribute 'SYSTEM_ERROR'
2026-02-06 15:07:56,593 [CRITICAL] [HeartLoop] Fatal Tick Error: type object 'EmotionTrigger' has no attribute 'SYSTEM_ERROR'
2026-02-06 15:08:06,232 [CRITICAL] [HeartLoop] Fatal Tick Error: type object 'EmotionTrigger' has no attribute 'SYSTEM_ERROR'
2026-02-06 15:08:06,234 [CRITICAL] [HeartLoop] Fatal Tick Error: type object 'EmotionTrigger' has no attribute 'SYSTEM_ERROR'
2026-02-06 15:08:06,238 [CRITICAL] [HeartLoop] Fatal Tick Error: type object 'EmotionTrigger' has no attribute 'SYSTEM_ERROR'
2026-02-06 15:08:06,773 [CRITICAL] [HeartLoop] Fatal Tick Error: type object 'EmotionTrigger' has no attribute 'SYSTEM_ERROR'
2026-02-06 15:08:06,809 [CRITICAL] [HeartLoop] Fatal Tick Error: type object 'EmotionTrigger' has no attribute 'SYSTEM_ERROR'
2026-02-06 15:08:06,824 [CRITICAL] [HeartLoop] Fatal Tick Error: type object 'EmotionTrigger' has no attribute 'SYSTEM_ERROR'
2026-02-06 15:08:06,824 [CRITICAL] [HeartLoop] Fatal Tick Error: type object 'EmotionTrigger' has no attribute 'SYSTEM_ERROR'
2026-02-06 15:08:06,863 [CRITICAL] [HeartLoop] Fatal Tick Error: type object 'EmotionTrigger' has no attribute 'SYSTEM_ERROR'
2026-02-06 15:08:06,913 [CRITICAL] [HeartLoop] Fatal Tick Error: type object 'EmotionTrigger' has no attribute 'SYSTEM_ERROR'
2026-02-06 15:08:06,913 [CRITICAL] [HeartLoop] Fatal Tick Error: type object 'EmotionTrigger' has no attribute 'SYSTEM_ERROR'
2026-02-06 15:08:06,914 [CRITICAL] [HeartLoop] Fatal Tick Error: type object 'EmotionTrigger' has no attribute 'SYSTEM_ERROR'
2026-02-06 15:08:08,561 [CRITICAL] [HeartLoop] Fatal Tick Error: type object 'EmotionTrigger' has no attribute 'SYSTEM_ERROR'
2026-02-06 15:08:08,596 [CRITICAL] [HeartLoop] Fatal Tick Error: type object 'EmotionTrigger' has no attribute 'SYSTEM_ERROR'
2026-02-06 15:08:08,599 [CRITICAL] [HeartLoop] Fatal Tick Error: type object 'EmotionTrigger' has no attribute 'SYSTEM_ERROR'
2026-02-06 15:08:23,801 [CRITICAL] [HeartLoop] Fatal Tick Error: type object 'EmotionTrigger' has no attribute 'SYSTEM_ERROR'
2026-02-06 15:08:23,817 [CRITICAL] [HeartLoop] Fatal Tick Error: type object 'EmotionTrigger' has no attribute 'SYSTEM_ERROR'
2026-02-06 15:08:23,821 [CRITICAL] [HeartLoop] Fatal Tick Error: type object 'EmotionTrigger' has no attribute 'SYSTEM_ERROR'
2026-02-06 15:08:23,852 [CRITICAL] [HeartLoop] Fatal Tick Error: type object 'EmotionTrigger' has no attribute 'SYSTEM_ERROR'
2026-02-06 15:08:23,973 [CRITICAL] [HeartLoop] Fatal Tick Error: type object 'EmotionTrigger' has no attribute 'SYSTEM_ERROR'
2026-02-06 15:08:24,023 [CRITICAL] [HeartLoop] Fatal Tick Error: type object 'EmotionTrigger' has no attribute 'SYSTEM_ERROR'
2026-02-06 15:08:24,026 [CRITICAL] [HeartLoop] Fatal Tick Error: type object 'EmotionTrigger' has no attribute 'SYSTEM_ERROR'
2026-02-06 15:08:24,030 [CRITICAL] [HeartLoop] Fatal Tick Error: type object 'EmotionTrigger' has no attribute 'SYSTEM_ERROR'
2026-02-06 15:08:24,074 [CRITICAL] [HeartLoop] Fatal Tick Error: type object 'EmotionTrigger' has no attribute 'SYSTEM_ERROR'
2026-02-06 15:08:24,077 [CRITICAL] [HeartLoop] Fatal Tick Error: type object 'EmotionTrigger' has no attribute 'SYSTEM_ERROR'
2026-02-06 15:08:25,793 [CRITICAL] [HeartLoop] Fatal Tick Error: type object 'EmotionTrigger' has no attribute 'SYSTEM_ERROR'
2026-02-06 15:08:25,795 [CRITICAL] [HeartLoop] Fatal Tick Error: type object 'EmotionTrigger' has no attribute 'SYSTEM_ERROR'
2026-02-06 15:08:25,801 [CRITICAL] [HeartLoop] Fatal Tick Error: type object 'EmotionTrigger' has no attribute 'SYSTEM_ERROR'
2026-02-06 15:08:31,650 [CRITICAL] [HeartLoop] Fatal Tick Error: type object 'EmotionTrigger' has no attribute 'SYSTEM_ERROR'
2026-02-06 15:08:31,656 [CRITICAL] [HeartLoop] Fatal Tick Error: type object 'EmotionTrigger' has no attribute 'SYSTEM_ERROR'
2026-02-06 15:08:31,662 [CRITICAL] [HeartLoop] Fatal Tick Error: type object 'EmotionTrigger' has no attribute 'SYSTEM_ERROR'
2026-02-06 15:08:31,813 [CRITICAL] [HeartLoop] Fatal Tick Error: type object 'EmotionTrigger' has no attribute 'SYSTEM_ERROR'
2026-02-06 15:08:32,111 [CRITICAL] [HeartLoop] Fatal Tick Error: type object 'EmotionTrigger' has no attribute 'SYSTEM_ERROR'
2026-02-06 15:08:32,128 [CRITICAL] [HeartLoop] Fatal Tick Error: type object 'EmotionTrigger' has no attribute 'SYSTEM_ERROR'
2026-02-06 15:08:32,133 [CRITICAL] [HeartLoop] Fatal Tick Error: type object 'EmotionTrigger' has no attribute 'SYSTEM_ERROR'
2026-02-06 15:08:32,164 [CRITICAL] [HeartLoop] Fatal Tick Error: type object 'EmotionTrigger' has no attribute 'SYSTEM_ERROR'
2026-02-06 15:08:32,180 [CRITICAL] [HeartLoop] Fatal Tick Error: type object 'EmotionTrigger' has no attribute 'SYSTEM_ERROR'
2026-02-06 15:08:32,184 [CRITICAL] [HeartLoop] Fatal Tick Error: type object 'EmotionTrigger' has no attribute 'SYSTEM_ERROR'
2026-02-06 15:08:32,217 [CRITICAL] [HeartLoop] Fatal Tick Error: type object 'EmotionTrigger' has no attribute 'SYSTEM_ERROR'
2026-02-06 15:08:32,234 [CRITICAL] [HeartLoop] Fatal Tick Error: type object 'EmotionTrigger' has no attribute 'SYSTEM_ERROR'
2026-02-06 15:08:32,236 [CRITICAL] [HeartLoop] Fatal Tick Error: type object 'EmotionTrigger' has no attribute 'SYSTEM_ERROR'
2026-02-06 15:08:32,274 [CRITICAL] [HeartLoop] Fatal Tick Error: type object 'EmotionTrigger' has no attribute 'SYSTEM_ERROR'
2026-02-06 15:08:32,291 [CRITICAL] [HeartLoop] Fatal Tick Error: type object 'EmotionTrigger' has no attribute 'SYSTEM_ERROR'
2026-02-06 15:08:32,292 [CRITICAL] [HeartLoop] Fatal Tick Error: type object 'EmotionTrigger' has no attribute 'SYSTEM_ERROR'
2026-02-06 15:08:32,391 [CRITICAL] [HeartLoop] Fatal Tick Error: type object 'EmotionTrigger' has no attribute 'SYSTEM_ERROR'
2026-02-06 15:08:32,893 [CRITICAL] [HeartLoop] Fatal Tick Error: type object 'EmotionTrigger' has no attribute 'SYSTEM_ERROR'
2026-02-06 15:08:33,094 [INFO] Registered component for monitoring: HeartLoop
2026-02-06 15:08:33,693 [INFO] Imported existing <module 'comtypes.gen' from 'C:\\Users\\Administrator\\Documents\\THESE ARE MY PROJECTS\\BRIM AI\\.venv\\Lib\\site-packages\\comtypes\\gen\\__init__.py'>
2026-02-06 15:08:33,693 [INFO] Using writeable comtypes cache directory: 'C:\Users\Administrator\Documents\THESE ARE MY PROJECTS\BRIM AI\.venv\Lib\site-packages\comtypes\gen'
2026-02-06 15:08:35,650 [INFO] Registered component for monitoring: VoiceEngine
2026-02-06 15:08:37,762 [CRITICAL] [HeartLoop] Fatal Tick Error: type object 'EmotionTrigger' has no attribute 'SYSTEM_ERROR'
2026-02-06 15:08:37,764 [CRITICAL] [HeartLoop] Fatal Tick Error: type object 'EmotionTrigger' has no attribute 'SYSTEM_ERROR'
2026-02-06 15:08:37,766 [CRITICAL] [HeartLoop] Fatal Tick Error: type object 'EmotionTrigger' has no attribute 'SYSTEM_ERROR'
2026-02-06 15:08:40,985 [CRITICAL] [HeartLoop] Fatal Tick Error: type object 'EmotionTrigger' has no attribute 'SYSTEM_ERROR'
2026-02-06 15:08:41,050 [CRITICAL] [HeartLoop] Fatal Tick Error: type object 'EmotionTrigger' has no attribute 'SYSTEM_ERROR'
2026-02-06 15:08:41,050 [CRITICAL] [HeartLoop] Fatal Tick Error: type object 'EmotionTrigger' has no attribute 'SYSTEM_ERROR'
2026-02-06 15:08:41,051 [CRITICAL] [HeartLoop] Fatal Tick Error: type object 'EmotionTrigger' has no attribute 'SYSTEM_ERROR'
2026-02-06 15:09:07,331 [CRITICAL] [HeartLoop] Fatal Tick Error: type object 'EmotionTrigger' has no attribute 'SYSTEM_ERROR'
2026-02-06 15:09:07,352 [CRITICAL] [HeartLoop] Fatal Tick Error: type object 'EmotionTrigger' has no attribute 'SYSTEM_ERROR'
2026-02-06 15:09:07,382 [CRITICAL] [HeartLoop] Fatal Tick Error: type object 'EmotionTrigger' has no attribute 'SYSTEM_ERROR'
2026-02-06 15:09:07,382 [CRITICAL] [HeartLoop] Fatal Tick Error: type object 'EmotionTrigger' has no attribute 'SYSTEM_ERROR'
2026-02-06 15:09:23,481 [CRITICAL] [HeartLoop] Fatal Tick Error: type object 'EmotionTrigger' has no attribute 'SYSTEM_ERROR'
2026-02-06 15:09:37,692 [CRITICAL] [HeartLoop] Fatal Tick Error: type object 'EmotionTrigger' has no attribute 'SYSTEM_ERROR'
2026-02-06 15:09:37,753 [CRITICAL] [HeartLoop] Fatal Tick Error: type object 'EmotionTrigger' has no attribute 'SYSTEM_ERROR'
2026-02-06 15:09:39,745 [CRITICAL] [HeartLoop] Fatal Tick Error: type object 'EmotionTrigger' has no attribute 'SYSTEM_ERROR'
2026-02-06 15:09:39,751 [CRITICAL] [HeartLoop] Fatal Tick Error: type object 'EmotionTrigger' has no attribute 'SYSTEM_ERROR'
2026-02-06 15:09:39,751 [CRITICAL] [HeartLoop] Fatal Tick Error: type object 'EmotionTrigger' has no attribute 'SYSTEM_ERROR'
2026-02-06 15:09:39,753 [CRITICAL] [HeartLoop] Fatal Tick Error: type object 'EmotionTrigger' has no attribute 'SYSTEM_ERROR'
2026-02-06 15:09:52,211 [CRITICAL] [HeartLoop] Fatal Tick Error: type object 'EmotionTrigger' has no attribute 'SYSTEM_ERROR'
2026-02-06 15:09:52,234 [CRITICAL] [HeartLoop] Fatal Tick Error: type object 'EmotionTrigger' has no attribute 'SYSTEM_ERROR'
2026-02-06 15:09:52,235 [CRITICAL] [HeartLoop] Fatal Tick Error: type object 'EmotionTrigger' has no attribute 'SYSTEM_ERROR'
2026-02-06 15:09:54,025 [CRITICAL] [HeartLoop] Fatal Tick Error: type object 'EmotionTrigger' has no attribute 'SYSTEM_ERROR'
2026-02-06 15:09:54,051 [CRITICAL] [HeartLoop] Fatal Tick Error: type object 'EmotionTrigger' has no attribute 'SYSTEM_ERROR'
2026-02-06 15:09:54,076 [CRITICAL] [HeartLoop] Fatal Tick Error: type object 'EmotionTrigger' has no attribute 'SYSTEM_ERROR'
2026-02-06 15:09:54,104 [CRITICAL] [HeartLoop] Fatal Tick Error: type object 'EmotionTrigger' has no attribute 'SYSTEM_ERROR'
2026-02-06 15:09:54,106 [CRITICAL] [HeartLoop] Fatal Tick Error: type object 'EmotionTrigger' has no attribute 'SYSTEM_ERROR'
2026-02-06 15:09:54,106 [CRITICAL] [HeartLoop] Fatal Tick Error: type object 'EmotionTrigger' has no attribute 'SYSTEM_ERROR'
2026-02-06 15:09:54,155 [CRITICAL] [HeartLoop] Fatal Tick Error: type object 'EmotionTrigger' has no attribute 'SYSTEM_ERROR'
2026-02-06 15:09:54,157 [CRITICAL] [HeartLoop] Fatal Tick Error: type object 'EmotionTrigger' has no attribute 'SYSTEM_ERROR'
2026-02-06 15:09:54,158 [CRITICAL] [HeartLoop] Fatal Tick Error: type object 'EmotionTrigger' has no attribute 'SYSTEM_ERROR'
2026-02-06 15:10:02,922 [CRITICAL] [HeartLoop] Fatal Tick Error: type object 'EmotionTrigger' has no attribute 'SYSTEM_ERROR'
2026-02-06 15:10:02,973 [CRITICAL] [HeartLoop] Fatal Tick Error: type object 'EmotionTrigger' has no attribute 'SYSTEM_ERROR'
2026-02-06 15:10:02,973 [CRITICAL] [HeartLoop] Fatal Tick Error: type object 'EmotionTrigger' has no attribute 'SYSTEM_ERROR'
2026-02-06 15:10:02,973 [CRITICAL] [HeartLoop] Fatal Tick Error: type object 'EmotionTrigger' has no attribute 'SYSTEM_ERROR'
2026-02-06 15:10:02,975 [CRITICAL] [HeartLoop] Fatal Tick Error: type object 'EmotionTrigger' has no attribute 'SYSTEM_ERROR'
2026-02-06 15:10:03,043 [CRITICAL] [HeartLoop] Fatal Tick Error: type object 'EmotionTrigger' has no attribute 'SYSTEM_ERROR'
2026-02-06 15:10:03,043 [CRITICAL] [HeartLoop] Fatal Tick Error: type object 'EmotionTrigger' has no attribute 'SYSTEM_ERROR'
2026-02-06 15:10:03,043 [CRITICAL] [HeartLoop] Fatal Tick Error: type object 'EmotionTrigger' has no attribute 'SYSTEM_ERROR'
2026-02-06 15:10:03,266 [CRITICAL] [HeartLoop] Fatal Tick Error: type object 'EmotionTrigger' has no attribute 'SYSTEM_ERROR'
2026-02-06 15:10:03,280 [CRITICAL] [HeartLoop] Fatal Tick Error: type object 'EmotionTrigger' has no attribute 'SYSTEM_ERROR'
2026-02-06 15:10:03,280 [CRITICAL] [HeartLoop] Fatal Tick Error: type object 'EmotionTrigger' has no attribute 'SYSTEM_ERROR'
2026-02-06 15:10:03,280 [CRITICAL] [HeartLoop] Fatal Tick Error: type object 'EmotionTrigger' has no attribute 'SYSTEM_ERROR'
2026-02-06 15:10:03,318 [CRITICAL] [HeartLoop] Fatal Tick Error: type object 'EmotionTrigger' has no attribute 'SYSTEM_ERROR'
2026-02-06 15:10:03,331 [CRITICAL] [HeartLoop] Fatal Tick Error: type object 'EmotionTrigger' has no attribute 'SYSTEM_ERROR'
2026-02-06 15:10:03,331 [CRITICAL] [HeartLoop] Fatal Tick Error: type object 'EmotionTrigger' has no attribute 'SYSTEM_ERROR'
2026-02-06 15:10:03,332 [CRITICAL] [HeartLoop] Fatal Tick Error: type object 'EmotionTrigger' has no attribute 'SYSTEM_ERROR'
2026-02-06 15:10:03,436 [CRITICAL] [HeartLoop] Fatal Tick Error: type object 'EmotionTrigger' has no attribute 'SYSTEM_ERROR'
2026-02-06 15:10:03,530 [CRITICAL] [HeartLoop] Fatal Tick Error: type object 'EmotionTrigger' has no attribute 'SYSTEM_ERROR'
2026-02-06 15:10:03,530 [CRITICAL] [HeartLoop] Fatal Tick Error: type object 'EmotionTrigger' has no attribute 'SYSTEM_ERROR'
2026-02-06 15:10:03,531 [CRITICAL] [HeartLoop] Fatal Tick Error: type object 'EmotionTrigger' has no attribute 'SYSTEM_ERROR'
2026-02-06 15:10:03,623 [CRITICAL] [HeartLoop] Fatal Tick Error: type object 'EmotionTrigger' has no attribute 'SYSTEM_ERROR'
2026-02-06 15:10:13,527 [CRITICAL] [HeartLoop] Fatal Tick Error: type object 'EmotionTrigger' has no attribute 'SYSTEM_ERROR'
2026-02-06 15:10:13,535 [CRITICAL] [HeartLoop] Fatal Tick Error: type object 'EmotionTrigger' has no attribute 'SYSTEM_ERROR'
2026-02-06 15:10:13,539 [CRITICAL] [HeartLoop] Fatal Tick Error: type object 'EmotionTrigger' has no attribute 'SYSTEM_ERROR'
2026-02-06 15:10:14,116 [CRITICAL] [HeartLoop] Fatal Tick Error: type object 'EmotionTrigger' has no attribute 'SYSTEM_ERROR'
2026-02-06 15:10:14,123 [CRITICAL] [HeartLoop] Fatal Tick Error: type object 'EmotionTrigger' has no attribute 'SYSTEM_ERROR'
2026-02-06 15:10:14,123 [CRITICAL] [HeartLoop] Fatal Tick Error: type object 'EmotionTrigger' has no attribute 'SYSTEM_ERROR'
2026-02-06 15:10:14,124 [CRITICAL] [HeartLoop] Fatal Tick Error: type object 'EmotionTrigger' has no attribute 'SYSTEM_ERROR'
2026-02-06 15:10:14,171 [CRITICAL] [HeartLoop] Fatal Tick Error: type object 'EmotionTrigger' has no attribute 'SYSTEM_ERROR'
2026-02-06 15:10:14,174 [CRITICAL] [HeartLoop] Fatal Tick Error: type object 'EmotionTrigger' has no attribute 'SYSTEM_ERROR'
2026-02-06 15:10:14,175 [CRITICAL] [HeartLoop] Fatal Tick Error: type object 'EmotionTrigger' has no attribute 'SYSTEM_ERROR'
2026-02-06 15:10:14,175 [CRITICAL] [HeartLoop] Fatal Tick Error: type object 'EmotionTrigger' has no attribute 'SYSTEM_ERROR'
2026-02-06 15:10:25,069 [CRITICAL] [HeartLoop] Fatal Tick Error: type object 'EmotionTrigger' has no attribute 'SYSTEM_ERROR'
2026-02-06 15:10:25,121 [CRITICAL] [HeartLoop] Fatal Tick Error: type object 'EmotionTrigger' has no attribute 'SYSTEM_ERROR'
2026-02-06 15:10:25,122 [CRITICAL] [HeartLoop] Fatal Tick Error: type object 'EmotionTrigger' has no attribute 'SYSTEM_ERROR'
2026-02-06 15:10:25,123 [CRITICAL] [HeartLoop] Fatal Tick Error: type object 'EmotionTrigger' has no attribute 'SYSTEM_ERROR'
2026-02-06 15:10:35,849 [CRITICAL] [HeartLoop] Fatal Tick Error: type object 'EmotionTrigger' has no attribute 'SYSTEM_ERROR'
2026-02-06 15:10:35,881 [CRITICAL] [HeartLoop] Fatal Tick Error: type object 'EmotionTrigger' has no attribute 'SYSTEM_ERROR'
2026-02-06 15:10:35,884 [CRITICAL] [HeartLoop] Fatal Tick Error: type object 'EmotionTrigger' has no attribute 'SYSTEM_ERROR'
2026-02-06 15:10:36,114 [CRITICAL] [HeartLoop] Fatal Tick Error: type object 'EmotionTrigger' has no attribute 'SYSTEM_ERROR'
2026-02-06 15:10:36,130 [CRITICAL] [HeartLoop] Fatal Tick Error: type object 'EmotionTrigger' has no attribute 'SYSTEM_ERROR'
2026-02-06 15:10:36,131 [CRITICAL] [HeartLoop] Fatal Tick Error: type object 'EmotionTrigger' has no attribute 'SYSTEM_ERROR'
2026-02-06 15:10:36,131 [CRITICAL] [HeartLoop] Fatal Tick Error: type object 'EmotionTrigger' has no attribute 'SYSTEM_ERROR'
2026-02-06 15:10:36,169 [CRITICAL] [HeartLoop] Fatal Tick Error: type object 'EmotionTrigger' has no attribute 'SYSTEM_ERROR'
2026-02-06 15:10:36,189 [CRITICAL] [HeartLoop] Fatal Tick Error: type object 'EmotionTrigger' has no attribute 'SYSTEM_ERROR'
2026-02-06 15:10:36,189 [CRITICAL] [HeartLoop] Fatal Tick Error: type object 'EmotionTrigger' has no attribute 'SYSTEM_ERROR'
2026-02-06 15:10:36,189 [CRITICAL] [HeartLoop] Fatal Tick Error: type object 'EmotionTrigger' has no attribute 'SYSTEM_ERROR'
2026-02-06 15:10:37,731 [CRITICAL] [HeartLoop] Fatal Tick Error: type object 'EmotionTrigger' has no attribute 'SYSTEM_ERROR'
2026-02-06 15:10:37,736 [CRITICAL] [HeartLoop] Fatal Tick Error: type object 'EmotionTrigger' has no attribute 'SYSTEM_ERROR'
2026-02-06 15:10:37,750 [CRITICAL] [HeartLoop] Fatal Tick Error: type object 'EmotionTrigger' has no attribute 'SYSTEM_ERROR'
2026-02-06 15:10:37,751 [CRITICAL] [HeartLoop] Fatal Tick Error: type object 'EmotionTrigger' has no attribute 'SYSTEM_ERROR'
2026-02-06 15:10:39,505 [CRITICAL] [HeartLoop] Fatal Tick Error: type object 'EmotionTrigger' has no attribute 'SYSTEM_ERROR'
2026-02-06 15:10:39,521 [CRITICAL] [HeartLoop] Fatal Tick Error: type object 'EmotionTrigger' has no attribute 'SYSTEM_ERROR'
2026-02-06 15:10:39,573 [CRITICAL] [HeartLoop] Fatal Tick Error: type object 'EmotionTrigger' has no attribute 'SYSTEM_ERROR'
2026-02-06 15:10:39,573 [CRITICAL] [HeartLoop] Fatal Tick Error: type object 'EmotionTrigger' has no attribute 'SYSTEM_ERROR'
2026-02-06 15:10:39,573 [CRITICAL] [HeartLoop] Fatal Tick Error: type object 'EmotionTrigger' has no attribute 'SYSTEM_ERROR'
2026-02-06 15:10:39,585 [CRITICAL] [HeartLoop] Fatal Tick Error: type object 'EmotionTrigger' has no attribute 'SYSTEM_ERROR'
2026-02-06 15:10:39,624 [CRITICAL] [HeartLoop] Fatal Tick Error: type object 'EmotionTrigger' has no attribute 'SYSTEM_ERROR'
2026-02-06 15:10:39,624 [CRITICAL] [HeartLoop] Fatal Tick Error: type object 'EmotionTrigger' has no attribute 'SYSTEM_ERROR'
2026-02-06 15:10:39,636 [CRITICAL] [HeartLoop] Fatal Tick Error: type object 'EmotionTrigger' has no attribute 'SYSTEM_ERROR'
2026-02-06 15:10:39,676 [CRITICAL] [HeartLoop] Fatal Tick Error: type object 'EmotionTrigger' has no attribute 'SYSTEM_ERROR'
2026-02-06 15:10:39,688 [CRITICAL] [HeartLoop] Fatal Tick Error: type object 'EmotionTrigger' has no attribute 'SYSTEM_ERROR'
2026-02-06 15:10:39,744 [CRITICAL] [HeartLoop] Fatal Tick Error: type object 'EmotionTrigger' has no attribute 'SYSTEM_ERROR'
2026-02-06 15:10:39,746 [CRITICAL] [HeartLoop] Fatal Tick Error: type object 'EmotionTrigger' has no attribute 'SYSTEM_ERROR'
2026-02-06 15:10:39,747 [CRITICAL] [HeartLoop] Fatal Tick Error: type object 'EmotionTrigger' has no attribute 'SYSTEM_ERROR'
2026-02-06 15:10:39,939 [CRITICAL] [HeartLoop] Fatal Tick Error: type object 'EmotionTrigger' has no attribute 'SYSTEM_ERROR'
2026-02-06 15:10:41,088 [CRITICAL] [HeartLoop] Fatal Tick Error: type object 'EmotionTrigger' has no attribute 'SYSTEM_ERROR'
2026-02-06 15:10:41,152 [CRITICAL] [HeartLoop] Fatal Tick Error: type object 'EmotionTrigger' has no attribute 'SYSTEM_ERROR'
2026-02-06 15:10:41,200 [CRITICAL] [HeartLoop] Fatal Tick Error: type object 'EmotionTrigger' has no attribute 'SYSTEM_ERROR'
2026-02-06 15:10:41,201 [CRITICAL] [HeartLoop] Fatal Tick Error: type object 'EmotionTrigger' has no attribute 'SYSTEM_ERROR'
2026-02-06 15:10:41,202 [CRITICAL] [HeartLoop] Fatal Tick Error: type object 'EmotionTrigger' has no attribute 'SYSTEM_ERROR'
2026-02-06 15:10:41,203 [CRITICAL] [HeartLoop] Fatal Tick Error: type object 'EmotionTrigger' has no attribute 'SYSTEM_ERROR'
2026-02-06 15:10:41,287 [CRITICAL] [HeartLoop] Fatal Tick Error: type object 'EmotionTrigger' has no attribute 'SYSTEM_ERROR'
2026-02-06 15:10:41,287 [CRITICAL] [HeartLoop] Fatal Tick Error: type object 'EmotionTrigger' has no attribute 'SYSTEM_ERROR'
2026-02-06 15:10:41,288 [CRITICAL] [HeartLoop] Fatal Tick Error: type object 'EmotionTrigger' has no attribute 'SYSTEM_ERROR'
2026-02-06 15:10:41,288 [CRITICAL] [HeartLoop] Fatal Tick Error: type object 'EmotionTrigger' has no attribute 'SYSTEM_ERROR'
2026-02-06 15:10:41,342 [CRITICAL] [HeartLoop] Fatal Tick Error: type object 'EmotionTrigger' has no attribute 'SYSTEM_ERROR'
2026-02-06 15:10:41,343 [CRITICAL] [HeartLoop] Fatal Tick Error: type object 'EmotionTrigger' has no attribute 'SYSTEM_ERROR'
2026-02-06 15:10:41,344 [CRITICAL] [HeartLoop] Fatal Tick Error: type object 'EmotionTrigger' has no attribute 'SYSTEM_ERROR'
2026-02-06 15:10:41,395 [CRITICAL] [HeartLoop] Fatal Tick Error: type object 'EmotionTrigger' has no attribute 'SYSTEM_ERROR'
2026-02-06 15:10:41,396 [CRITICAL] [HeartLoop] Fatal Tick Error: type object 'EmotionTrigger' has no attribute 'SYSTEM_ERROR'
2026-02-06 15:10:41,396 [CRITICAL] [HeartLoop] Fatal Tick Error: type object 'EmotionTrigger' has no attribute 'SYSTEM_ERROR'
2026-02-06 15:10:41,447 [CRITICAL] [HeartLoop] Fatal Tick Error: type object 'EmotionTrigger' has no attribute 'SYSTEM_ERROR'
2026-02-06 15:10:41,447 [CRITICAL] [HeartLoop] Fatal Tick Error: type object 'EmotionTrigger' has no attribute 'SYSTEM_ERROR'
2026-02-06 15:10:41,448 [CRITICAL] [HeartLoop] Fatal Tick Error: type object 'EmotionTrigger' has no attribute 'SYSTEM_ERROR'
2026-02-06 15:10:41,789 [CRITICAL] [HeartLoop] Fatal Tick Error: type object 'EmotionTrigger' has no attribute 'SYSTEM_ERROR'
2026-02-06 15:10:41,792 [CRITICAL] [HeartLoop] Fatal Tick Error: type object 'EmotionTrigger' has no attribute 'SYSTEM_ERROR'
2026-02-06 15:10:41,796 [CRITICAL] [HeartLoop] Fatal Tick Error: type object 'EmotionTrigger' has no attribute 'SYSTEM_ERROR'
2026-02-06 15:10:42,066 [CRITICAL] [HeartLoop] Fatal Tick Error: type object 'EmotionTrigger' has no attribute 'SYSTEM_ERROR'
2026-02-06 15:10:42,106 [CRITICAL] [HeartLoop] Fatal Tick Error: type object 'EmotionTrigger' has no attribute 'SYSTEM_ERROR'
2026-02-06 15:10:42,116 [CRITICAL] [HeartLoop] Fatal Tick Error: type object 'EmotionTrigger' has no attribute 'SYSTEM_ERROR'
2026-02-06 15:10:42,105 [CRITICAL] [HeartLoop] Fatal Tick Error: type object 'EmotionTrigger' has no attribute 'SYSTEM_ERROR'
2026-02-06 15:10:42,148 [CRITICAL] [HeartLoop] Fatal Tick Error: type object 'EmotionTrigger' has no attribute 'SYSTEM_ERROR'
2026-02-06 15:10:42,166 [CRITICAL] [HeartLoop] Fatal Tick Error: type object 'EmotionTrigger' has no attribute 'SYSTEM_ERROR'
2026-02-06 15:10:42,170 [CRITICAL] [HeartLoop] Fatal Tick Error: type object 'EmotionTrigger' has no attribute 'SYSTEM_ERROR'
2026-02-06 15:10:42,196 [CRITICAL] [HeartLoop] Fatal Tick Error: type object 'EmotionTrigger' has no attribute 'SYSTEM_ERROR'
2026-02-06 15:10:42,200 [CRITICAL] [HeartLoop] Fatal Tick Error: type object 'EmotionTrigger' has no attribute 'SYSTEM_ERROR'
2026-02-06 15:10:42,218 [CRITICAL] [HeartLoop] Fatal Tick Error: type object 'EmotionTrigger' has no attribute 'SYSTEM_ERROR'
2026-02-06 15:10:42,224 [CRITICAL] [HeartLoop] Fatal Tick Error: type object 'EmotionTrigger' has no attribute 'SYSTEM_ERROR'
2026-02-06 15:10:42,248 [CRITICAL] [HeartLoop] Fatal Tick Error: type object 'EmotionTrigger' has no attribute 'SYSTEM_ERROR'
2026-02-06 15:10:42,252 [CRITICAL] [HeartLoop] Fatal Tick Error: type object 'EmotionTrigger' has no attribute 'SYSTEM_ERROR'
2026-02-06 15:10:42,345 [CRITICAL] [HeartLoop] Fatal Tick Error: type object 'EmotionTrigger' has no attribute 'SYSTEM_ERROR'
2026-02-06 15:10:42,345 [CRITICAL] [HeartLoop] Fatal Tick Error: type object 'EmotionTrigger' has no attribute 'SYSTEM_ERROR'
2026-02-06 15:10:42,346 [CRITICAL] [HeartLoop] Fatal Tick Error: type object 'EmotionTrigger' has no attribute 'SYSTEM_ERROR'
2026-02-06 15:10:43,237 [CRITICAL] [HeartLoop] Fatal Tick Error: type object 'EmotionTrigger' has no attribute 'SYSTEM_ERROR'
2026-02-06 15:10:43,254 [CRITICAL] [HeartLoop] Fatal Tick Error: type object 'EmotionTrigger' has no attribute 'SYSTEM_ERROR'
2026-02-06 15:10:43,254 [CRITICAL] [HeartLoop] Fatal Tick Error: type object 'EmotionTrigger' has no attribute 'SYSTEM_ERROR'
2026-02-06 15:10:43,265 [CRITICAL] [HeartLoop] Fatal Tick Error: type object 'EmotionTrigger' has no attribute 'SYSTEM_ERROR'
2026-02-06 15:10:43,294 [CRITICAL] [HeartLoop] Fatal Tick Error: type object 'EmotionTrigger' has no attribute 'SYSTEM_ERROR'
2026-02-06 15:10:43,512 [CRITICAL] [HeartLoop] Fatal Tick Error: type object 'EmotionTrigger' has no attribute 'SYSTEM_ERROR'
2026-02-06 15:10:43,514 [CRITICAL] [HeartLoop] Fatal Tick Error: type object 'EmotionTrigger' has no attribute 'SYSTEM_ERROR'
2026-02-06 15:10:43,521 [CRITICAL] [HeartLoop] Fatal Tick Error: type object 'EmotionTrigger' has no attribute 'SYSTEM_ERROR'
2026-02-06 15:10:43,726 [CRITICAL] [HeartLoop] Fatal Tick Error: type object 'EmotionTrigger' has no attribute 'SYSTEM_ERROR'
2026-02-06 15:10:44,168 [CRITICAL] [HeartLoop] Fatal Tick Error: type object 'EmotionTrigger' has no attribute 'SYSTEM_ERROR'
2026-02-06 15:10:44,179 [CRITICAL] [HeartLoop] Fatal Tick Error: type object 'EmotionTrigger' has no attribute 'SYSTEM_ERROR'
2026-02-06 15:10:44,179 [CRITICAL] [HeartLoop] Fatal Tick Error: type object 'EmotionTrigger' has no attribute 'SYSTEM_ERROR'
2026-02-06 15:10:46,775 [CRITICAL] [HeartLoop] Fatal Tick Error: type object 'EmotionTrigger' has no attribute 'SYSTEM_ERROR'
2026-02-06 15:10:46,784 [CRITICAL] [HeartLoop] Fatal Tick Error: type object 'EmotionTrigger' has no attribute 'SYSTEM_ERROR'
2026-02-06 15:10:48,054 [CRITICAL] [HeartLoop] Fatal Tick Error: type object 'EmotionTrigger' has no attribute 'SYSTEM_ERROR'
2026-02-06 15:10:49,256 [CRITICAL] [HeartLoop] Fatal Tick Error: type object 'EmotionTrigger' has no attribute 'SYSTEM_ERROR'
2026-02-06 15:10:49,258 [CRITICAL] [HeartLoop] Fatal Tick Error: type object 'EmotionTrigger' has no attribute 'SYSTEM_ERROR'
2026-02-06 15:10:49,258 [CRITICAL] [HeartLoop] Fatal Tick Error: type object 'EmotionTrigger' has no attribute 'SYSTEM_ERROR'
2026-02-06 15:10:49,262 [CRITICAL] [HeartLoop] Fatal Tick Error: type object 'EmotionTrigger' has no attribute 'SYSTEM_ERROR'
2026-02-06 15:10:49,898 [CRITICAL] [HeartLoop] Fatal Tick Error: type object 'EmotionTrigger' has no attribute 'SYSTEM_ERROR'
2026-02-06 15:10:49,958 [CRITICAL] [HeartLoop] Fatal Tick Error: type object 'EmotionTrigger' has no attribute 'SYSTEM_ERROR'
2026-02-06 15:10:50,015 [CRITICAL] [HeartLoop] Fatal Tick Error: type object 'EmotionTrigger' has no attribute 'SYSTEM_ERROR'
2026-02-06 15:10:50,041 [CRITICAL] [HeartLoop] Fatal Tick Error: type object 'EmotionTrigger' has no attribute 'SYSTEM_ERROR'
2026-02-06 15:10:50,041 [CRITICAL] [HeartLoop] Fatal Tick Error: type object 'EmotionTrigger' has no attribute 'SYSTEM_ERROR'
2026-02-06 15:10:50,042 [CRITICAL] [HeartLoop] Fatal Tick Error: type object 'EmotionTrigger' has no attribute 'SYSTEM_ERROR'
2026-02-06 15:10:50,611 [CRITICAL] [HeartLoop] Fatal Tick Error: type object 'EmotionTrigger' has no attribute 'SYSTEM_ERROR'
2026-02-06 15:10:51,257 [CRITICAL] [HeartLoop] Fatal Tick Error: type object 'EmotionTrigger' has no attribute 'SYSTEM_ERROR'
2026-02-06 15:10:51,258 [CRITICAL] [HeartLoop] Fatal Tick Error: type object 'EmotionTrigger' has no attribute 'SYSTEM_ERROR'
2026-02-06 15:10:51,260 [CRITICAL] [HeartLoop] Fatal Tick Error: type object 'EmotionTrigger' has no attribute 'SYSTEM_ERROR'
2026-02-06 15:10:51,260 [CRITICAL] [HeartLoop] Fatal Tick Error: type object 'EmotionTrigger' has no attribute 'SYSTEM_ERROR'
2026-02-06 15:10:51,309 [CRITICAL] [HeartLoop] Fatal Tick Error: type object 'EmotionTrigger' has no attribute 'SYSTEM_ERROR'
2026-02-06 15:10:51,311 [CRITICAL] [HeartLoop] Fatal Tick Error: type object 'EmotionTrigger' has no attribute 'SYSTEM_ERROR'
2026-02-06 15:10:51,312 [CRITICAL] [HeartLoop] Fatal Tick Error: type object 'EmotionTrigger' has no attribute 'SYSTEM_ERROR'
2026-02-06 15:10:51,312 [CRITICAL] [HeartLoop] Fatal Tick Error: type object 'EmotionTrigger' has no attribute 'SYSTEM_ERROR'
2026-02-06 15:10:57,557 [CRITICAL] [HeartLoop] Fatal Tick Error: type object 'EmotionTrigger' has no attribute 'SYSTEM_ERROR'
2026-02-06 15:10:57,559 [CRITICAL] [HeartLoop] Fatal Tick Error: type object 'EmotionTrigger' has no attribute 'SYSTEM_ERROR'
2026-02-06 15:10:57,560 [CRITICAL] [HeartLoop] Fatal Tick Error: type object 'EmotionTrigger' has no attribute 'SYSTEM_ERROR'
2026-02-06 15:10:57,560 [CRITICAL] [HeartLoop] Fatal Tick Error: type object 'EmotionTrigger' has no attribute 'SYSTEM_ERROR'
2026-02-06 15:10:58,011 [CRITICAL] [HeartLoop] Fatal Tick Error: type object 'EmotionTrigger' has no attribute 'SYSTEM_ERROR'
2026-02-06 15:10:58,011 [CRITICAL] [HeartLoop] Fatal Tick Error: type object 'EmotionTrigger' has no attribute 'SYSTEM_ERROR'
2026-02-06 15:10:58,013 [CRITICAL] [HeartLoop] Fatal Tick Error: type object 'EmotionTrigger' has no attribute 'SYSTEM_ERROR'
2026-02-06 15:10:58,063 [CRITICAL] [HeartLoop] Fatal Tick Error: type object 'EmotionTrigger' has no attribute 'SYSTEM_ERROR'
2026-02-06 15:10:58,064 [CRITICAL] [HeartLoop] Fatal Tick Error: type object 'EmotionTrigger' has no attribute 'SYSTEM_ERROR'
2026-02-06 15:10:58,065 [CRITICAL] [HeartLoop] Fatal Tick Error: type object 'EmotionTrigger' has no attribute 'SYSTEM_ERROR'
2026-02-06 15:10:58,080 [CRITICAL] [HeartLoop] Fatal Tick Error: type object 'EmotionTrigger' has no attribute 'SYSTEM_ERROR'
2026-02-06 15:10:58,139 [CRITICAL] [HeartLoop] Fatal Tick Error: type object 'EmotionTrigger' has no attribute 'SYSTEM_ERROR'
2026-02-06 15:10:58,139 [CRITICAL] [HeartLoop] Fatal Tick Error: type object 'EmotionTrigger' has no attribute 'SYSTEM_ERROR'
2026-02-06 15:10:58,139 [CRITICAL] [HeartLoop] Fatal Tick Error: type object 'EmotionTrigger' has no attribute 'SYSTEM_ERROR'
2026-02-06 15:10:58,142 [CRITICAL] [HeartLoop] Fatal Tick Error: type object 'EmotionTrigger' has no attribute 'SYSTEM_ERROR'
2026-02-06 15:10:58,195 [CRITICAL] [HeartLoop] Fatal Tick Error: type object 'EmotionTrigger' has no attribute 'SYSTEM_ERROR'
2026-02-06 15:10:58,196 [CRITICAL] [HeartLoop] Fatal Tick Error: type object 'EmotionTrigger' has no attribute 'SYSTEM_ERROR'
2026-02-06 15:10:59,179 [INFO] Registered component for monitoring: HeartLoop
2026-02-06 15:10:59,195 [CRITICAL] [HeartLoop] Fatal Tick Error: type object 'EmotionTrigger' has no attribute 'SYSTEM_ERROR'
2026-02-06 15:10:59,201 [CRITICAL] [HeartLoop] Fatal Tick Error: type object 'EmotionTrigger' has no attribute 'SYSTEM_ERROR'
2026-02-06 15:10:59,204 [CRITICAL] [HeartLoop] Fatal Tick Error: type object 'EmotionTrigger' has no attribute 'SYSTEM_ERROR'
2026-02-06 15:10:59,206 [CRITICAL] [HeartLoop] Fatal Tick Error: type object 'EmotionTrigger' has no attribute 'SYSTEM_ERROR'
2026-02-06 15:10:59,598 [INFO] Imported existing <module 'comtypes.gen' from 'C:\\Users\\Administrator\\Documents\\THESE ARE MY PROJECTS\\BRIM AI\\.venv\\Lib\\site-packages\\comtypes\\gen\\__init__.py'>
2026-02-06 15:10:59,598 [INFO] Using writeable comtypes cache directory: 'C:\Users\Administrator\Documents\THESE ARE MY PROJECTS\BRIM AI\.venv\Lib\site-packages\comtypes\gen'
2026-02-06 15:11:01,824 [INFO] Registered component for monitoring: VoiceEngine
2026-02-06 15:11:01,865 [CRITICAL] [HeartLoop] Fatal Tick Error: type object 'EmotionTrigger' has no attribute 'SYSTEM_ERROR'
2026-02-06 15:11:02,030 [CRITICAL] [HeartLoop] Fatal Tick Error: type object 'EmotionTrigger' has no attribute 'SYSTEM_ERROR'
2026-02-06 15:11:02,031 [CRITICAL] [HeartLoop] Fatal Tick Error: type object 'EmotionTrigger' has no attribute 'SYSTEM_ERROR'
2026-02-06 15:11:02,032 [CRITICAL] [HeartLoop] Fatal Tick Error: type object 'EmotionTrigger' has no attribute 'SYSTEM_ERROR'
2026-02-06 15:11:06,992 [CRITICAL] [HeartLoop] Fatal Tick Error: type object 'EmotionTrigger' has no attribute 'SYSTEM_ERROR'
2026-02-06 15:11:06,995 [CRITICAL] [HeartLoop] Fatal Tick Error: type object 'EmotionTrigger' has no attribute 'SYSTEM_ERROR'
2026-02-06 15:11:07,009 [CRITICAL] [HeartLoop] Fatal Tick Error: type object 'EmotionTrigger' has no attribute 'SYSTEM_ERROR'
2026-02-06 15:11:07,011 [CRITICAL] [HeartLoop] Fatal Tick Error: type object 'EmotionTrigger' has no attribute 'SYSTEM_ERROR'
2026-02-06 15:11:07,012 [CRITICAL] [HeartLoop] Fatal Tick Error: type object 'EmotionTrigger' has no attribute 'SYSTEM_ERROR'
2026-02-06 15:11:07,043 [CRITICAL] [HeartLoop] Fatal Tick Error: type object 'EmotionTrigger' has no attribute 'SYSTEM_ERROR'
2026-02-06 15:11:07,046 [CRITICAL] [HeartLoop] Fatal Tick Error: type object 'EmotionTrigger' has no attribute 'SYSTEM_ERROR'
2026-02-06 15:11:07,061 [CRITICAL] [HeartLoop] Fatal Tick Error: type object 'EmotionTrigger' has no attribute 'SYSTEM_ERROR'
2026-02-06 15:11:07,062 [CRITICAL] [HeartLoop] Fatal Tick Error: type object 'EmotionTrigger' has no attribute 'SYSTEM_ERROR'
2026-02-06 15:11:07,063 [CRITICAL] [HeartLoop] Fatal Tick Error: type object 'EmotionTrigger' has no attribute 'SYSTEM_ERROR'
2026-02-06 15:11:07,106 [CRITICAL] [HeartLoop] Fatal Tick Error: type object 'EmotionTrigger' has no attribute 'SYSTEM_ERROR'
2026-02-06 15:11:07,117 [CRITICAL] [HeartLoop] Fatal Tick Error: type object 'EmotionTrigger' has no attribute 'SYSTEM_ERROR'
2026-02-06 15:11:07,128 [CRITICAL] [HeartLoop] Fatal Tick Error: type object 'EmotionTrigger' has no attribute 'SYSTEM_ERROR'
2026-02-06 15:11:07,130 [CRITICAL] [HeartLoop] Fatal Tick Error: type object 'EmotionTrigger' has no attribute 'SYSTEM_ERROR'
2026-02-06 15:11:07,159 [CRITICAL] [HeartLoop] Fatal Tick Error: type object 'EmotionTrigger' has no attribute 'SYSTEM_ERROR'
2026-02-06 15:11:07,174 [CRITICAL] [HeartLoop] Fatal Tick Error: type object 'EmotionTrigger' has no attribute 'SYSTEM_ERROR'
2026-02-06 15:11:07,175 [CRITICAL] [HeartLoop] Fatal Tick Error: type object 'EmotionTrigger' has no attribute 'SYSTEM_ERROR'
2026-02-06 15:11:07,182 [CRITICAL] [HeartLoop] Fatal Tick Error: type object 'EmotionTrigger' has no attribute 'SYSTEM_ERROR'
2026-02-06 15:11:07,183 [CRITICAL] [HeartLoop] Fatal Tick Error: type object 'EmotionTrigger' has no attribute 'SYSTEM_ERROR'
2026-02-06 15:11:07,211 [CRITICAL] [HeartLoop] Fatal Tick Error: type object 'EmotionTrigger' has no attribute 'SYSTEM_ERROR'
2026-02-06 15:11:07,227 [CRITICAL] [HeartLoop] Fatal Tick Error: type object 'EmotionTrigger' has no attribute 'SYSTEM_ERROR'
2026-02-06 15:11:07,232 [CRITICAL] [HeartLoop] Fatal Tick Error: type object 'EmotionTrigger' has no attribute 'SYSTEM_ERROR'
2026-02-06 15:11:07,237 [CRITICAL] [HeartLoop] Fatal Tick Error: type object 'EmotionTrigger' has no attribute 'SYSTEM_ERROR'
2026-02-06 15:11:07,240 [CRITICAL] [HeartLoop] Fatal Tick Error: type object 'EmotionTrigger' has no attribute 'SYSTEM_ERROR'
2026-02-06 15:11:07,263 [CRITICAL] [HeartLoop] Fatal Tick Error: type object 'EmotionTrigger' has no attribute 'SYSTEM_ERROR'
2026-02-06 15:11:08,440 [CRITICAL] [HeartLoop] Fatal Tick Error: type object 'EmotionTrigger' has no attribute 'SYSTEM_ERROR'
2026-02-06 15:11:08,442 [CRITICAL] [HeartLoop] Fatal Tick Error: type object 'EmotionTrigger' has no attribute 'SYSTEM_ERROR'
2026-02-06 15:11:08,462 [CRITICAL] [HeartLoop] Fatal Tick Error: type object 'EmotionTrigger' has no attribute 'SYSTEM_ERROR'
2026-02-06 15:11:08,466 [CRITICAL] [HeartLoop] Fatal Tick Error: type object 'EmotionTrigger' has no attribute 'SYSTEM_ERROR'
2026-02-06 15:11:08,466 [CRITICAL] [HeartLoop] Fatal Tick Error: type object 'EmotionTrigger' has no attribute 'SYSTEM_ERROR'
2026-02-06 15:11:08,500 [CRITICAL] [HeartLoop] Fatal Tick Error: type object 'EmotionTrigger' has no attribute 'SYSTEM_ERROR'
2026-02-06 15:11:09,923 [CRITICAL] [HeartLoop] Fatal Tick Error: type object 'EmotionTrigger' has no attribute 'SYSTEM_ERROR'
2026-02-06 15:11:09,925 [CRITICAL] [HeartLoop] Fatal Tick Error: type object 'EmotionTrigger' has no attribute 'SYSTEM_ERROR'
2026-02-06 15:11:09,982 [CRITICAL] [HeartLoop] Fatal Tick Error: type object 'EmotionTrigger' has no attribute 'SYSTEM_ERROR'
2026-02-06 15:11:09,983 [CRITICAL] [HeartLoop] Fatal Tick Error: type object 'EmotionTrigger' has no attribute 'SYSTEM_ERROR'
2026-02-06 15:11:10,029 [CRITICAL] [HeartLoop] Fatal Tick Error: type object 'EmotionTrigger' has no attribute 'SYSTEM_ERROR'
2026-02-06 15:11:10,031 [CRITICAL] [HeartLoop] Fatal Tick Error: type object 'EmotionTrigger' has no attribute 'SYSTEM_ERROR'
2026-02-06 15:11:10,031 [CRITICAL] [HeartLoop] Fatal Tick Error: type object 'EmotionTrigger' has no attribute 'SYSTEM_ERROR'
2026-02-06 15:11:10,034 [CRITICAL] [HeartLoop] Fatal Tick Error: type object 'EmotionTrigger' has no attribute 'SYSTEM_ERROR'
2026-02-06 15:11:10,035 [CRITICAL] [HeartLoop] Fatal Tick Error: type object 'EmotionTrigger' has no attribute 'SYSTEM_ERROR'
2026-02-06 15:11:10,082 [CRITICAL] [HeartLoop] Fatal Tick Error: type object 'EmotionTrigger' has no attribute 'SYSTEM_ERROR'
2026-02-06 15:11:10,083 [CRITICAL] [HeartLoop] Fatal Tick Error: type object 'EmotionTrigger' has no attribute 'SYSTEM_ERROR'
2026-02-06 15:11:10,084 [CRITICAL] [HeartLoop] Fatal Tick Error: type object 'EmotionTrigger' has no attribute 'SYSTEM_ERROR'
2026-02-06 15:11:10,133 [CRITICAL] [HeartLoop] Fatal Tick Error: type object 'EmotionTrigger' has no attribute 'SYSTEM_ERROR'
2026-02-06 15:11:10,134 [CRITICAL] [HeartLoop] Fatal Tick Error: type object 'EmotionTrigger' has no attribute 'SYSTEM_ERROR'
2026-02-06 15:11:10,135 [CRITICAL] [HeartLoop] Fatal Tick Error: type object 'EmotionTrigger' has no attribute 'SYSTEM_ERROR'
2026-02-06 15:11:12,113 [CRITICAL] [HeartLoop] Fatal Tick Error: type object 'EmotionTrigger' has no attribute 'SYSTEM_ERROR'
2026-02-06 15:11:12,150 [CRITICAL] [HeartLoop] Fatal Tick Error: type object 'EmotionTrigger' has no attribute 'SYSTEM_ERROR'
2026-02-06 15:11:12,150 [CRITICAL] [HeartLoop] Fatal Tick Error: type object 'EmotionTrigger' has no attribute 'SYSTEM_ERROR'
2026-02-06 15:11:12,182 [CRITICAL] [HeartLoop] Fatal Tick Error: type object 'EmotionTrigger' has no attribute 'SYSTEM_ERROR'
2026-02-06 15:11:12,202 [CRITICAL] [HeartLoop] Fatal Tick Error: type object 'EmotionTrigger' has no attribute 'SYSTEM_ERROR'
2026-02-06 15:11:16,909 [CRITICAL] [HeartLoop] Fatal Tick Error: type object 'EmotionTrigger' has no attribute 'SYSTEM_ERROR'
2026-02-06 15:11:22,178 [CRITICAL] [HeartLoop] Fatal Tick Error: type object 'EmotionTrigger' has no attribute 'SYSTEM_ERROR'
2026-02-06 15:11:22,178 [CRITICAL] [HeartLoop] Fatal Tick Error: type object 'EmotionTrigger' has no attribute 'SYSTEM_ERROR'
2026-02-06 15:11:22,192 [CRITICAL] [HeartLoop] Fatal Tick Error: type object 'EmotionTrigger' has no attribute 'SYSTEM_ERROR'
2026-02-06 15:11:22,195 [CRITICAL] [HeartLoop] Fatal Tick Error: type object 'EmotionTrigger' has no attribute 'SYSTEM_ERROR'
2026-02-06 15:11:22,196 [CRITICAL] [HeartLoop] Fatal Tick Error: type object 'EmotionTrigger' has no attribute 'SYSTEM_ERROR'
2026-02-06 15:11:28,381 [CRITICAL] [HeartLoop] Fatal Tick Error: type object 'EmotionTrigger' has no attribute 'SYSTEM_ERROR'
2026-02-06 15:11:28,395 [CRITICAL] [HeartLoop] Fatal Tick Error: type object 'EmotionTrigger' has no attribute 'SYSTEM_ERROR'
2026-02-06 15:11:28,408 [CRITICAL] [HeartLoop] Fatal Tick Error: type object 'EmotionTrigger' has no attribute 'SYSTEM_ERROR'
2026-02-06 15:11:28,409 [CRITICAL] [HeartLoop] Fatal Tick Error: type object 'EmotionTrigger' has no attribute 'SYSTEM_ERROR'
2026-02-06 15:11:28,410 [CRITICAL] [HeartLoop] Fatal Tick Error: type object 'EmotionTrigger' has no attribute 'SYSTEM_ERROR'
2026-02-06 15:11:28,432 [CRITICAL] [HeartLoop] Fatal Tick Error: type object 'EmotionTrigger' has no attribute 'SYSTEM_ERROR'
2026-02-06 15:11:36,827 [CRITICAL] [HeartLoop] Fatal Tick Error: type object 'EmotionTrigger' has no attribute 'SYSTEM_ERROR'
2026-02-06 15:11:36,853 [CRITICAL] [HeartLoop] Fatal Tick Error: type object 'EmotionTrigger' has no attribute 'SYSTEM_ERROR'
2026-02-06 15:11:47,059 [CRITICAL] [HeartLoop] Fatal Tick Error: type object 'EmotionTrigger' has no attribute 'SYSTEM_ERROR'
2026-02-06 15:11:47,115 [CRITICAL] [HeartLoop] Fatal Tick Error: type object 'EmotionTrigger' has no attribute 'SYSTEM_ERROR'
2026-02-06 15:11:47,122 [CRITICAL] [HeartLoop] Fatal Tick Error: type object 'EmotionTrigger' has no attribute 'SYSTEM_ERROR'
2026-02-06 15:11:47,122 [CRITICAL] [HeartLoop] Fatal Tick Error: type object 'EmotionTrigger' has no attribute 'SYSTEM_ERROR'
2026-02-06 15:11:47,520 [CRITICAL] [HeartLoop] Fatal Tick Error: type object 'EmotionTrigger' has no attribute 'SYSTEM_ERROR'
2026-02-06 15:11:47,537 [CRITICAL] [HeartLoop] Fatal Tick Error: type object 'EmotionTrigger' has no attribute 'SYSTEM_ERROR'
2026-02-06 15:11:59,138 [CRITICAL] [HeartLoop] Fatal Tick Error: type object 'EmotionTrigger' has no attribute 'SYSTEM_ERROR'
2026-02-06 15:11:59,138 [CRITICAL] [HeartLoop] Fatal Tick Error: type object 'EmotionTrigger' has no attribute 'SYSTEM_ERROR'
2026-02-06 15:11:59,140 [CRITICAL] [HeartLoop] Fatal Tick Error: type object 'EmotionTrigger' has no attribute 'SYSTEM_ERROR'
2026-02-06 15:11:59,142 [CRITICAL] [HeartLoop] Fatal Tick Error: type object 'EmotionTrigger' has no attribute 'SYSTEM_ERROR'
2026-02-06 15:12:54,768 [CRITICAL] [HeartLoop] Fatal Tick Error: type object 'EmotionTrigger' has no attribute 'SYSTEM_ERROR'
2026-02-06 15:12:54,820 [CRITICAL] [HeartLoop] Fatal Tick Error: type object 'EmotionTrigger' has no attribute 'SYSTEM_ERROR'
2026-02-06 15:12:59,416 [CRITICAL] [HeartLoop] Fatal Tick Error: type object 'EmotionTrigger' has no attribute 'SYSTEM_ERROR'
2026-02-06 15:13:09,323 [CRITICAL] [HeartLoop] Fatal Tick Error: type object 'EmotionTrigger' has no attribute 'SYSTEM_ERROR'
2026-02-06 15:13:09,356 [CRITICAL] [HeartLoop] Fatal Tick Error: type object 'EmotionTrigger' has no attribute 'SYSTEM_ERROR'
2026-02-06 15:13:09,359 [CRITICAL] [HeartLoop] Fatal Tick Error: type object 'EmotionTrigger' has no attribute 'SYSTEM_ERROR'
2026-02-06 15:13:13,470 [CRITICAL] [HeartLoop] Fatal Tick Error: type object 'EmotionTrigger' has no attribute 'SYSTEM_ERROR'
2026-02-06 15:13:20,651 [CRITICAL] [HeartLoop] Fatal Tick Error: type object 'EmotionTrigger' has no attribute 'SYSTEM_ERROR'
2026-02-06 15:13:20,715 [CRITICAL] [HeartLoop] Fatal Tick Error: type object 'EmotionTrigger' has no attribute 'SYSTEM_ERROR'
2026-02-06 15:13:20,715 [CRITICAL] [HeartLoop] Fatal Tick Error: type object 'EmotionTrigger' has no attribute 'SYSTEM_ERROR'
2026-02-06 15:13:20,721 [CRITICAL] [HeartLoop] Fatal Tick Error: type object 'EmotionTrigger' has no attribute 'SYSTEM_ERROR'
2026-02-06 15:13:20,731 [CRITICAL] [HeartLoop] Fatal Tick Error: type object 'EmotionTrigger' has no attribute 'SYSTEM_ERROR'
2026-02-06 15:13:20,752 [CRITICAL] [HeartLoop] Fatal Tick Error: type object 'EmotionTrigger' has no attribute 'SYSTEM_ERROR'
2026-02-06 15:13:36,639 [CRITICAL] [HeartLoop] Fatal Tick Error: type object 'EmotionTrigger' has no attribute 'SYSTEM_ERROR'
2026-02-06 15:13:43,121 [CRITICAL] [HeartLoop] Fatal Tick Error: type object 'EmotionTrigger' has no attribute 'SYSTEM_ERROR'
2026-02-06 15:14:01,690 [CRITICAL] [HeartLoop] Fatal Tick Error: type object 'EmotionTrigger' has no attribute 'SYSTEM_ERROR'
2026-02-06 15:14:15,026 [CRITICAL] [HeartLoop] Fatal Tick Error: type object 'EmotionTrigger' has no attribute 'SYSTEM_ERROR'
2026-02-06 15:14:39,674 [CRITICAL] [HeartLoop] Fatal Tick Error: type object 'EmotionTrigger' has no attribute 'SYSTEM_ERROR'
2026-02-06 15:14:40,677 [CRITICAL] [HeartLoop] Fatal Tick Error: type object 'EmotionTrigger' has no attribute 'SYSTEM_ERROR'
2026-02-06 15:15:18,201 [CRITICAL] [HeartLoop] Fatal Tick Error: type object 'EmotionTrigger' has no attribute 'SYSTEM_ERROR'
2026-02-06 15:15:18,201 [CRITICAL] [HeartLoop] Fatal Tick Error: type object 'EmotionTrigger' has no attribute 'SYSTEM_ERROR'
2026-02-06 15:15:30,190 [CRITICAL] [HeartLoop] Fatal Tick Error: type object 'EmotionTrigger' has no attribute 'SYSTEM_ERROR'
2026-02-06 15:15:30,211 [CRITICAL] [HeartLoop] Fatal Tick Error: type object 'EmotionTrigger' has no attribute 'SYSTEM_ERROR'
2026-02-06 15:15:30,212 [CRITICAL] [HeartLoop] Fatal Tick Error: type object 'EmotionTrigger' has no attribute 'SYSTEM_ERROR'
2026-02-06 15:15:30,212 [CRITICAL] [HeartLoop] Fatal Tick Error: type object 'EmotionTrigger' has no attribute 'SYSTEM_ERROR'
2026-02-06 15:15:30,224 [CRITICAL] [HeartLoop] Fatal Tick Error: type object 'EmotionTrigger' has no attribute 'SYSTEM_ERROR'
2026-02-06 15:15:30,242 [CRITICAL] [HeartLoop] Fatal Tick Error: type object 'EmotionTrigger' has no attribute 'SYSTEM_ERROR'
2026-02-06 15:15:30,268 [CRITICAL] [HeartLoop] Fatal Tick Error: type object 'EmotionTrigger' has no attribute 'SYSTEM_ERROR'
2026-02-06 15:15:30,268 [CRITICAL] [HeartLoop] Fatal Tick Error: type object 'EmotionTrigger' has no attribute 'SYSTEM_ERROR'
2026-02-06 15:15:30,268 [CRITICAL] [HeartLoop] Fatal Tick Error: type object 'EmotionTrigger' has no attribute 'SYSTEM_ERROR'
2026-02-06 15:15:30,276 [CRITICAL] [HeartLoop] Fatal Tick Error: type object 'EmotionTrigger' has no attribute 'SYSTEM_ERROR'
2026-02-06 15:15:30,293 [CRITICAL] [HeartLoop] Fatal Tick Error: type object 'EmotionTrigger' has no attribute 'SYSTEM_ERROR'
2026-02-06 15:15:36,320 [CRITICAL] [HeartLoop] Fatal Tick Error: type object 'EmotionTrigger' has no attribute 'SYSTEM_ERROR'
2026-02-06 15:15:36,372 [CRITICAL] [HeartLoop] Fatal Tick Error: type object 'EmotionTrigger' has no attribute 'SYSTEM_ERROR'
2026-02-06 15:15:57,892 [CRITICAL] [HeartLoop] Fatal Tick Error: type object 'EmotionTrigger' has no attribute 'SYSTEM_ERROR'
2026-02-06 15:15:57,935 [CRITICAL] [HeartLoop] Fatal Tick Error: type object 'EmotionTrigger' has no attribute 'SYSTEM_ERROR'
2026-02-06 15:15:57,945 [CRITICAL] [HeartLoop] Fatal Tick Error: type object 'EmotionTrigger' has no attribute 'SYSTEM_ERROR'
2026-02-06 15:15:57,945 [CRITICAL] [HeartLoop] Fatal Tick Error: type object 'EmotionTrigger' has no attribute 'SYSTEM_ERROR'
2026-02-06 15:15:57,946 [CRITICAL] [HeartLoop] Fatal Tick Error: type object 'EmotionTrigger' has no attribute 'SYSTEM_ERROR'
2026-02-06 15:15:57,946 [CRITICAL] [HeartLoop] Fatal Tick Error: type object 'EmotionTrigger' has no attribute 'SYSTEM_ERROR'
2026-02-06 15:15:59,138 [CRITICAL] [HeartLoop] Fatal Tick Error: type object 'EmotionTrigger' has no attribute 'SYSTEM_ERROR'
2026-02-06 15:16:06,855 [CRITICAL] [HeartLoop] Fatal Tick Error: type object 'EmotionTrigger' has no attribute 'SYSTEM_ERROR'
2026-02-06 15:16:06,907 [CRITICAL] [HeartLoop] Fatal Tick Error: type object 'EmotionTrigger' has no attribute 'SYSTEM_ERROR'
2026-02-06 15:16:06,918 [CRITICAL] [HeartLoop] Fatal Tick Error: type object 'EmotionTrigger' has no attribute 'SYSTEM_ERROR'
2026-02-06 15:16:06,955 [CRITICAL] [HeartLoop] Fatal Tick Error: type object 'EmotionTrigger' has no attribute 'SYSTEM_ERROR'
2026-02-06 15:16:25,745 [CRITICAL] [HeartLoop] Fatal Tick Error: type object 'EmotionTrigger' has no attribute 'SYSTEM_ERROR'
2026-02-06 15:16:26,040 [CRITICAL] [HeartLoop] Fatal Tick Error: type object 'EmotionTrigger' has no attribute 'SYSTEM_ERROR'
2026-02-06 15:16:26,040 [CRITICAL] [HeartLoop] Fatal Tick Error: type object 'EmotionTrigger' has no attribute 'SYSTEM_ERROR'
2026-02-06 15:16:26,042 [CRITICAL] [HeartLoop] Fatal Tick Error: type object 'EmotionTrigger' has no attribute 'SYSTEM_ERROR'
2026-02-06 15:16:26,045 [CRITICAL] [HeartLoop] Fatal Tick Error: type object 'EmotionTrigger' has no attribute 'SYSTEM_ERROR'
2026-02-06 15:16:26,296 [CRITICAL] [HeartLoop] Fatal Tick Error: type object 'EmotionTrigger' has no attribute 'SYSTEM_ERROR'
2026-02-06 15:16:26,306 [CRITICAL] [HeartLoop] Fatal Tick Error: type object 'EmotionTrigger' has no attribute 'SYSTEM_ERROR'
2026-02-06 15:16:26,306 [CRITICAL] [HeartLoop] Fatal Tick Error: type object 'EmotionTrigger' has no attribute 'SYSTEM_ERROR'
2026-02-06 15:16:26,312 [CRITICAL] [HeartLoop] Fatal Tick Error: type object 'EmotionTrigger' has no attribute 'SYSTEM_ERROR'
2026-02-06 15:16:26,426 [CRITICAL] [HeartLoop] Fatal Tick Error: type object 'EmotionTrigger' has no attribute 'SYSTEM_ERROR'
2026-02-06 15:16:26,478 [CRITICAL] [HeartLoop] Fatal Tick Error: type object 'EmotionTrigger' has no attribute 'SYSTEM_ERROR'
2026-02-06 15:16:26,483 [CRITICAL] [HeartLoop] Fatal Tick Error: type object 'EmotionTrigger' has no attribute 'SYSTEM_ERROR'
2026-02-06 15:16:26,502 [CRITICAL] [HeartLoop] Fatal Tick Error: type object 'EmotionTrigger' has no attribute 'SYSTEM_ERROR'
2026-02-06 15:16:26,701 [CRITICAL] [HeartLoop] Fatal Tick Error: type object 'EmotionTrigger' has no attribute 'SYSTEM_ERROR'
2026-02-06 15:16:26,701 [CRITICAL] [HeartLoop] Fatal Tick Error: type object 'EmotionTrigger' has no attribute 'SYSTEM_ERROR'
2026-02-06 15:16:26,701 [CRITICAL] [HeartLoop] Fatal Tick Error: type object 'EmotionTrigger' has no attribute 'SYSTEM_ERROR'
2026-02-06 15:16:26,702 [CRITICAL] [HeartLoop] Fatal Tick Error: type object 'EmotionTrigger' has no attribute 'SYSTEM_ERROR'
2026-02-06 15:16:26,702 [CRITICAL] [HeartLoop] Fatal Tick Error: type object 'EmotionTrigger' has no attribute 'SYSTEM_ERROR'
2026-02-06 15:16:26,773 [CRITICAL] [HeartLoop] Fatal Tick Error: type object 'EmotionTrigger' has no attribute 'SYSTEM_ERROR'
2026-02-06 15:16:26,773 [CRITICAL] [HeartLoop] Fatal Tick Error: type object 'EmotionTrigger' has no attribute 'SYSTEM_ERROR'
2026-02-06 15:16:26,774 [CRITICAL] [HeartLoop] Fatal Tick Error: type object 'EmotionTrigger' has no attribute 'SYSTEM_ERROR'
2026-02-06 15:16:26,774 [CRITICAL] [HeartLoop] Fatal Tick Error: type object 'EmotionTrigger' has no attribute 'SYSTEM_ERROR'
2026-02-06 15:16:26,774 [CRITICAL] [HeartLoop] Fatal Tick Error: type object 'EmotionTrigger' has no attribute 'SYSTEM_ERROR'
2026-02-06 15:16:33,996 [CRITICAL] [HeartLoop] Fatal Tick Error: type object 'EmotionTrigger' has no attribute 'SYSTEM_ERROR'
2026-02-06 15:16:34,004 [CRITICAL] [HeartLoop] Fatal Tick Error: type object 'EmotionTrigger' has no attribute 'SYSTEM_ERROR'
2026-02-06 15:16:34,126 [CRITICAL] [HeartLoop] Fatal Tick Error: type object 'EmotionTrigger' has no attribute 'SYSTEM_ERROR'
2026-02-06 15:16:34,179 [CRITICAL] [HeartLoop] Fatal Tick Error: type object 'EmotionTrigger' has no attribute 'SYSTEM_ERROR'
2026-02-06 15:16:34,198 [CRITICAL] [HeartLoop] Fatal Tick Error: type object 'EmotionTrigger' has no attribute 'SYSTEM_ERROR'
2026-02-06 15:16:34,203 [CRITICAL] [HeartLoop] Fatal Tick Error: type object 'EmotionTrigger' has no attribute 'SYSTEM_ERROR'
2026-02-06 15:16:34,213 [CRITICAL] [HeartLoop] Fatal Tick Error: type object 'EmotionTrigger' has no attribute 'SYSTEM_ERROR'
2026-02-06 15:16:34,214 [CRITICAL] [HeartLoop] Fatal Tick Error: type object 'EmotionTrigger' has no attribute 'SYSTEM_ERROR'
2026-02-06 15:16:34,391 [CRITICAL] [HeartLoop] Fatal Tick Error: type object 'EmotionTrigger' has no attribute 'SYSTEM_ERROR'
2026-02-06 15:16:34,392 [CRITICAL] [HeartLoop] Fatal Tick Error: type object 'EmotionTrigger' has no attribute 'SYSTEM_ERROR'
2026-02-06 15:16:34,407 [CRITICAL] [HeartLoop] Fatal Tick Error: type object 'EmotionTrigger' has no attribute 'SYSTEM_ERROR'
2026-02-06 15:16:34,408 [CRITICAL] [HeartLoop] Fatal Tick Error: type object 'EmotionTrigger' has no attribute 'SYSTEM_ERROR'
2026-02-06 15:16:34,409 [CRITICAL] [HeartLoop] Fatal Tick Error: type object 'EmotionTrigger' has no attribute 'SYSTEM_ERROR'
2026-02-06 15:16:34,456 [CRITICAL] [HeartLoop] Fatal Tick Error: type object 'EmotionTrigger' has no attribute 'SYSTEM_ERROR'
2026-02-06 15:16:34,457 [CRITICAL] [HeartLoop] Fatal Tick Error: type object 'EmotionTrigger' has no attribute 'SYSTEM_ERROR'
2026-02-06 15:16:34,463 [CRITICAL] [HeartLoop] Fatal Tick Error: type object 'EmotionTrigger' has no attribute 'SYSTEM_ERROR'
2026-02-06 15:16:34,465 [CRITICAL] [HeartLoop] Fatal Tick Error: type object 'EmotionTrigger' has no attribute 'SYSTEM_ERROR'
2026-02-06 15:16:42,085 [CRITICAL] [HeartLoop] Fatal Tick Error: type object 'EmotionTrigger' has no attribute 'SYSTEM_ERROR'
2026-02-06 15:16:42,118 [CRITICAL] [HeartLoop] Fatal Tick Error: type object 'EmotionTrigger' has no attribute 'SYSTEM_ERROR'
2026-02-06 15:16:42,119 [CRITICAL] [HeartLoop] Fatal Tick Error: type object 'EmotionTrigger' has no attribute 'SYSTEM_ERROR'
2026-02-06 15:16:42,120 [CRITICAL] [HeartLoop] Fatal Tick Error: type object 'EmotionTrigger' has no attribute 'SYSTEM_ERROR'
2026-02-06 15:16:42,120 [CRITICAL] [HeartLoop] Fatal Tick Error: type object 'EmotionTrigger' has no attribute 'SYSTEM_ERROR'
2026-02-06 15:16:47,164 [CRITICAL] [HeartLoop] Fatal Tick Error: type object 'EmotionTrigger' has no attribute 'SYSTEM_ERROR'
2026-02-06 15:16:47,169 [CRITICAL] [HeartLoop] Fatal Tick Error: type object 'EmotionTrigger' has no attribute 'SYSTEM_ERROR'
2026-02-06 15:16:47,171 [CRITICAL] [HeartLoop] Fatal Tick Error: type object 'EmotionTrigger' has no attribute 'SYSTEM_ERROR'
2026-02-06 15:16:47,174 [CRITICAL] [HeartLoop] Fatal Tick Error: type object 'EmotionTrigger' has no attribute 'SYSTEM_ERROR'
2026-02-06 15:16:47,175 [CRITICAL] [HeartLoop] Fatal Tick Error: type object 'EmotionTrigger' has no attribute 'SYSTEM_ERROR'
2026-02-06 15:16:47,226 [CRITICAL] [HeartLoop] Fatal Tick Error: type object 'EmotionTrigger' has no attribute 'SYSTEM_ERROR'
2026-02-06 15:16:47,227 [CRITICAL] [HeartLoop] Fatal Tick Error: type object 'EmotionTrigger' has no attribute 'SYSTEM_ERROR'
2026-02-06 15:16:48,867 [CRITICAL] [HeartLoop] Fatal Tick Error: type object 'EmotionTrigger' has no attribute 'SYSTEM_ERROR'
2026-02-06 15:16:48,867 [CRITICAL] [HeartLoop] Fatal Tick Error: type object 'EmotionTrigger' has no attribute 'SYSTEM_ERROR'
2026-02-06 15:16:48,868 [CRITICAL] [HeartLoop] Fatal Tick Error: type object 'EmotionTrigger' has no attribute 'SYSTEM_ERROR'
2026-02-06 15:16:48,887 [CRITICAL] [HeartLoop] Fatal Tick Error: type object 'EmotionTrigger' has no attribute 'SYSTEM_ERROR'
2026-02-06 15:16:48,896 [CRITICAL] [HeartLoop] Fatal Tick Error: type object 'EmotionTrigger' has no attribute 'SYSTEM_ERROR'
2026-02-06 15:16:49,074 [CRITICAL] [HeartLoop] Fatal Tick Error: type object 'EmotionTrigger' has no attribute 'SYSTEM_ERROR'
2026-02-06 15:16:49,084 [CRITICAL] [HeartLoop] Fatal Tick Error: type object 'EmotionTrigger' has no attribute 'SYSTEM_ERROR'
2026-02-06 15:16:49,087 [CRITICAL] [HeartLoop] Fatal Tick Error: type object 'EmotionTrigger' has no attribute 'SYSTEM_ERROR'
2026-02-06 15:16:49,103 [CRITICAL] [HeartLoop] Fatal Tick Error: type object 'EmotionTrigger' has no attribute 'SYSTEM_ERROR'
2026-02-06 15:16:49,104 [CRITICAL] [HeartLoop] Fatal Tick Error: type object 'EmotionTrigger' has no attribute 'SYSTEM_ERROR'
2026-02-06 15:16:49,132 [CRITICAL] [HeartLoop] Fatal Tick Error: type object 'EmotionTrigger' has no attribute 'SYSTEM_ERROR'
2026-02-06 15:16:49,135 [CRITICAL] [HeartLoop] Fatal Tick Error: type object 'EmotionTrigger' has no attribute 'SYSTEM_ERROR'
2026-02-06 15:16:49,139 [CRITICAL] [HeartLoop] Fatal Tick Error: type object 'EmotionTrigger' has no attribute 'SYSTEM_ERROR'
2026-02-06 15:16:49,164 [CRITICAL] [HeartLoop] Fatal Tick Error: type object 'EmotionTrigger' has no attribute 'SYSTEM_ERROR'
2026-02-06 15:16:49,184 [CRITICAL] [HeartLoop] Fatal Tick Error: type object 'EmotionTrigger' has no attribute 'SYSTEM_ERROR'
2026-02-06 15:16:49,197 [CRITICAL] [HeartLoop] Fatal Tick Error: type object 'EmotionTrigger' has no attribute 'SYSTEM_ERROR'
2026-02-06 15:16:49,200 [CRITICAL] [HeartLoop] Fatal Tick Error: type object 'EmotionTrigger' has no attribute 'SYSTEM_ERROR'
2026-02-06 15:16:49,215 [CRITICAL] [HeartLoop] Fatal Tick Error: type object 'EmotionTrigger' has no attribute 'SYSTEM_ERROR'
2026-02-06 15:16:49,236 [CRITICAL] [HeartLoop] Fatal Tick Error: type object 'EmotionTrigger' has no attribute 'SYSTEM_ERROR'
2026-02-06 15:16:49,249 [CRITICAL] [HeartLoop] Fatal Tick Error: type object 'EmotionTrigger' has no attribute 'SYSTEM_ERROR'
2026-02-06 15:16:49,253 [CRITICAL] [HeartLoop] Fatal Tick Error: type object 'EmotionTrigger' has no attribute 'SYSTEM_ERROR'
2026-02-06 15:16:49,271 [CRITICAL] [HeartLoop] Fatal Tick Error: type object 'EmotionTrigger' has no attribute 'SYSTEM_ERROR'
2026-02-06 15:16:49,271 [CRITICAL] [HeartLoop] Fatal Tick Error: type object 'EmotionTrigger' has no attribute 'SYSTEM_ERROR'
2026-02-06 15:16:49,287 [CRITICAL] [HeartLoop] Fatal Tick Error: type object 'EmotionTrigger' has no attribute 'SYSTEM_ERROR'
2026-02-06 15:16:51,422 [CRITICAL] [HeartLoop] Fatal Tick Error: type object 'EmotionTrigger' has no attribute 'SYSTEM_ERROR'
2026-02-06 15:16:51,539 [CRITICAL] [HeartLoop] Fatal Tick Error: type object 'EmotionTrigger' has no attribute 'SYSTEM_ERROR'
2026-02-06 15:16:53,786 [CRITICAL] [HeartLoop] Fatal Tick Error: type object 'EmotionTrigger' has no attribute 'SYSTEM_ERROR'
2026-02-06 15:16:53,802 [CRITICAL] [HeartLoop] Fatal Tick Error: type object 'EmotionTrigger' has no attribute 'SYSTEM_ERROR'
2026-02-06 15:17:00,436 [CRITICAL] [HeartLoop] Fatal Tick Error: type object 'EmotionTrigger' has no attribute 'SYSTEM_ERROR'
2026-02-06 15:17:00,488 [CRITICAL] [HeartLoop] Fatal Tick Error: type object 'EmotionTrigger' has no attribute 'SYSTEM_ERROR'
2026-02-06 15:17:03,951 [CRITICAL] [HeartLoop] Fatal Tick Error: type object 'EmotionTrigger' has no attribute 'SYSTEM_ERROR'
2026-02-06 15:17:06,106 [CRITICAL] [HeartLoop] Fatal Tick Error: type object 'EmotionTrigger' has no attribute 'SYSTEM_ERROR'
2026-02-06 15:17:06,146 [CRITICAL] [HeartLoop] Fatal Tick Error: type object 'EmotionTrigger' has no attribute 'SYSTEM_ERROR'
2026-02-06 15:17:06,146 [CRITICAL] [HeartLoop] Fatal Tick Error: type object 'EmotionTrigger' has no attribute 'SYSTEM_ERROR'
2026-02-06 15:17:06,147 [CRITICAL] [HeartLoop] Fatal Tick Error: type object 'EmotionTrigger' has no attribute 'SYSTEM_ERROR'
2026-02-06 15:17:06,197 [CRITICAL] [HeartLoop] Fatal Tick Error: type object 'EmotionTrigger' has no attribute 'SYSTEM_ERROR'
2026-02-06 15:17:06,198 [CRITICAL] [HeartLoop] Fatal Tick Error: type object 'EmotionTrigger' has no attribute 'SYSTEM_ERROR'
2026-02-06 15:17:06,198 [CRITICAL] [HeartLoop] Fatal Tick Error: type object 'EmotionTrigger' has no attribute 'SYSTEM_ERROR'
2026-02-06 15:17:06,198 [CRITICAL] [HeartLoop] Fatal Tick Error: type object 'EmotionTrigger' has no attribute 'SYSTEM_ERROR'
2026-02-06 15:17:06,228 [CRITICAL] [HeartLoop] Fatal Tick Error: type object 'EmotionTrigger' has no attribute 'SYSTEM_ERROR'
2026-02-06 15:17:06,286 [CRITICAL] [HeartLoop] Fatal Tick Error: type object 'EmotionTrigger' has no attribute 'SYSTEM_ERROR'
2026-02-06 15:17:06,340 [CRITICAL] [HeartLoop] Fatal Tick Error: type object 'EmotionTrigger' has no attribute 'SYSTEM_ERROR'
2026-02-06 15:17:06,391 [CRITICAL] [HeartLoop] Fatal Tick Error: type object 'EmotionTrigger' has no attribute 'SYSTEM_ERROR'
2026-02-06 15:17:06,394 [CRITICAL] [HeartLoop] Fatal Tick Error: type object 'EmotionTrigger' has no attribute 'SYSTEM_ERROR'
2026-02-06 15:17:06,398 [CRITICAL] [HeartLoop] Fatal Tick Error: type object 'EmotionTrigger' has no attribute 'SYSTEM_ERROR'
2026-02-06 15:17:06,411 [CRITICAL] [HeartLoop] Fatal Tick Error: type object 'EmotionTrigger' has no attribute 'SYSTEM_ERROR'
2026-02-06 15:17:06,412 [CRITICAL] [HeartLoop] Fatal Tick Error: type object 'EmotionTrigger' has no attribute 'SYSTEM_ERROR'
2026-02-06 15:17:06,614 [CRITICAL] [HeartLoop] Fatal Tick Error: type object 'EmotionTrigger' has no attribute 'SYSTEM_ERROR'
2026-02-06 15:17:06,631 [CRITICAL] [HeartLoop] Fatal Tick Error: type object 'EmotionTrigger' has no attribute 'SYSTEM_ERROR'
2026-02-06 15:17:06,646 [CRITICAL] [HeartLoop] Fatal Tick Error: type object 'EmotionTrigger' has no attribute 'SYSTEM_ERROR'
2026-02-06 15:17:06,646 [CRITICAL] [HeartLoop] Fatal Tick Error: type object 'EmotionTrigger' has no attribute 'SYSTEM_ERROR'
2026-02-06 15:17:06,675 [CRITICAL] [HeartLoop] Fatal Tick Error: type object 'EmotionTrigger' has no attribute 'SYSTEM_ERROR'
2026-02-06 15:17:06,686 [CRITICAL] [HeartLoop] Fatal Tick Error: type object 'EmotionTrigger' has no attribute 'SYSTEM_ERROR'
2026-02-06 15:17:06,698 [CRITICAL] [HeartLoop] Fatal Tick Error: type object 'EmotionTrigger' has no attribute 'SYSTEM_ERROR'
2026-02-06 15:17:06,699 [CRITICAL] [HeartLoop] Fatal Tick Error: type object 'EmotionTrigger' has no attribute 'SYSTEM_ERROR'
2026-02-06 15:17:06,699 [CRITICAL] [HeartLoop] Fatal Tick Error: type object 'EmotionTrigger' has no attribute 'SYSTEM_ERROR'
2026-02-06 15:17:06,744 [CRITICAL] [HeartLoop] Fatal Tick Error: type object 'EmotionTrigger' has no attribute 'SYSTEM_ERROR'
2026-02-06 15:17:06,745 [CRITICAL] [HeartLoop] Fatal Tick Error: type object 'EmotionTrigger' has no attribute 'SYSTEM_ERROR'
2026-02-06 15:17:06,750 [CRITICAL] [HeartLoop] Fatal Tick Error: type object 'EmotionTrigger' has no attribute 'SYSTEM_ERROR'
2026-02-06 15:17:06,750 [CRITICAL] [HeartLoop] Fatal Tick Error: type object 'EmotionTrigger' has no attribute 'SYSTEM_ERROR'
2026-02-06 15:17:13,156 [CRITICAL] [HeartLoop] Fatal Tick Error: type object 'EmotionTrigger' has no attribute 'SYSTEM_ERROR'
2026-02-06 15:17:13,178 [CRITICAL] [HeartLoop] Fatal Tick Error: type object 'EmotionTrigger' has no attribute 'SYSTEM_ERROR'
2026-02-06 15:17:13,179 [CRITICAL] [HeartLoop] Fatal Tick Error: type object 'EmotionTrigger' has no attribute 'SYSTEM_ERROR'
2026-02-06 15:17:13,179 [CRITICAL] [HeartLoop] Fatal Tick Error: type object 'EmotionTrigger' has no attribute 'SYSTEM_ERROR'
2026-02-06 15:17:13,180 [CRITICAL] [HeartLoop] Fatal Tick Error: type object 'EmotionTrigger' has no attribute 'SYSTEM_ERROR'
2026-02-06 15:17:13,583 [CRITICAL] [HeartLoop] Fatal Tick Error: type object 'EmotionTrigger' has no attribute 'SYSTEM_ERROR'
2026-02-06 15:17:13,592 [CRITICAL] [HeartLoop] Fatal Tick Error: type object 'EmotionTrigger' has no attribute 'SYSTEM_ERROR'
2026-02-06 15:17:13,593 [CRITICAL] [HeartLoop] Fatal Tick Error: type object 'EmotionTrigger' has no attribute 'SYSTEM_ERROR'
2026-02-06 15:17:13,594 [CRITICAL] [HeartLoop] Fatal Tick Error: type object 'EmotionTrigger' has no attribute 'SYSTEM_ERROR'
2026-02-06 15:17:13,602 [CRITICAL] [HeartLoop] Fatal Tick Error: type object 'EmotionTrigger' has no attribute 'SYSTEM_ERROR'
2026-02-06 15:17:13,634 [CRITICAL] [HeartLoop] Fatal Tick Error: type object 'EmotionTrigger' has no attribute 'SYSTEM_ERROR'
2026-02-06 15:17:13,655 [CRITICAL] [HeartLoop] Fatal Tick Error: type object 'EmotionTrigger' has no attribute 'SYSTEM_ERROR'
2026-02-06 15:17:13,687 [CRITICAL] [HeartLoop] Fatal Tick Error: type object 'EmotionTrigger' has no attribute 'SYSTEM_ERROR'
2026-02-06 15:17:13,706 [CRITICAL] [HeartLoop] Fatal Tick Error: type object 'EmotionTrigger' has no attribute 'SYSTEM_ERROR'
2026-02-06 15:17:14,014 [CRITICAL] [HeartLoop] Fatal Tick Error: type object 'EmotionTrigger' has no attribute 'SYSTEM_ERROR'
2026-02-06 15:17:14,014 [CRITICAL] [HeartLoop] Fatal Tick Error: type object 'EmotionTrigger' has no attribute 'SYSTEM_ERROR'
2026-02-06 15:17:32,361 [CRITICAL] [HeartLoop] Fatal Tick Error: type object 'EmotionTrigger' has no attribute 'SYSTEM_ERROR'
2026-02-06 15:17:33,317 [CRITICAL] [HeartLoop] Fatal Tick Error: type object 'EmotionTrigger' has no attribute 'SYSTEM_ERROR'
2026-02-06 15:17:33,318 [CRITICAL] [HeartLoop] Fatal Tick Error: type object 'EmotionTrigger' has no attribute 'SYSTEM_ERROR'
2026-02-06 15:17:33,353 [CRITICAL] [HeartLoop] Fatal Tick Error: type object 'EmotionTrigger' has no attribute 'SYSTEM_ERROR'
2026-02-06 15:17:33,369 [CRITICAL] [HeartLoop] Fatal Tick Error: type object 'EmotionTrigger' has no attribute 'SYSTEM_ERROR'
2026-02-06 15:17:33,369 [CRITICAL] [HeartLoop] Fatal Tick Error: type object 'EmotionTrigger' has no attribute 'SYSTEM_ERROR'
2026-02-06 15:17:44,899 [CRITICAL] [HeartLoop] Fatal Tick Error: type object 'EmotionTrigger' has no attribute 'SYSTEM_ERROR'
2026-02-06 15:17:50,017 [CRITICAL] [HeartLoop] Fatal Tick Error: type object 'EmotionTrigger' has no attribute 'SYSTEM_ERROR'
2026-02-06 15:17:50,047 [CRITICAL] [HeartLoop] Fatal Tick Error: type object 'EmotionTrigger' has no attribute 'SYSTEM_ERROR'
2026-02-06 15:17:50,054 [CRITICAL] [HeartLoop] Fatal Tick Error: type object 'EmotionTrigger' has no attribute 'SYSTEM_ERROR'
2026-02-06 15:17:50,069 [CRITICAL] [HeartLoop] Fatal Tick Error: type object 'EmotionTrigger' has no attribute 'SYSTEM_ERROR'
2026-02-06 15:17:50,069 [CRITICAL] [HeartLoop] Fatal Tick Error: type object 'EmotionTrigger' has no attribute 'SYSTEM_ERROR'
2026-02-06 15:17:50,069 [CRITICAL] [HeartLoop] Fatal Tick Error: type object 'EmotionTrigger' has no attribute 'SYSTEM_ERROR'
2026-02-06 15:17:50,277 [CRITICAL] [HeartLoop] Fatal Tick Error: type object 'EmotionTrigger' has no attribute 'SYSTEM_ERROR'
2026-02-06 15:17:50,279 [CRITICAL] [HeartLoop] Fatal Tick Error: type object 'EmotionTrigger' has no attribute 'SYSTEM_ERROR'
2026-02-06 15:17:50,281 [CRITICAL] [HeartLoop] Fatal Tick Error: type object 'EmotionTrigger' has no attribute 'SYSTEM_ERROR'
2026-02-06 15:17:50,382 [CRITICAL] [HeartLoop] Fatal Tick Error: type object 'EmotionTrigger' has no attribute 'SYSTEM_ERROR'
2026-02-06 15:17:50,391 [CRITICAL] [HeartLoop] Fatal Tick Error: type object 'EmotionTrigger' has no attribute 'SYSTEM_ERROR'
2026-02-06 15:17:50,433 [CRITICAL] [HeartLoop] Fatal Tick Error: type object 'EmotionTrigger' has no attribute 'SYSTEM_ERROR'
2026-02-06 15:17:50,443 [CRITICAL] [HeartLoop] Fatal Tick Error: type object 'EmotionTrigger' has no attribute 'SYSTEM_ERROR'
2026-02-06 15:17:58,639 [CRITICAL] [HeartLoop] Fatal Tick Error: type object 'EmotionTrigger' has no attribute 'SYSTEM_ERROR'
2026-02-06 15:17:58,691 [CRITICAL] [HeartLoop] Fatal Tick Error: type object 'EmotionTrigger' has no attribute 'SYSTEM_ERROR'
2026-02-06 15:17:58,742 [CRITICAL] [HeartLoop] Fatal Tick Error: type object 'EmotionTrigger' has no attribute 'SYSTEM_ERROR'
2026-02-06 15:17:58,793 [CRITICAL] [HeartLoop] Fatal Tick Error: type object 'EmotionTrigger' has no attribute 'SYSTEM_ERROR'
2026-02-06 15:17:58,845 [CRITICAL] [HeartLoop] Fatal Tick Error: type object 'EmotionTrigger' has no attribute 'SYSTEM_ERROR'
2026-02-06 15:17:58,896 [CRITICAL] [HeartLoop] Fatal Tick Error: type object 'EmotionTrigger' has no attribute 'SYSTEM_ERROR'
2026-02-06 15:17:58,948 [CRITICAL] [HeartLoop] Fatal Tick Error: type object 'EmotionTrigger' has no attribute 'SYSTEM_ERROR'
2026-02-06 15:17:58,950 [CRITICAL] [HeartLoop] Fatal Tick Error: type object 'EmotionTrigger' has no attribute 'SYSTEM_ERROR'
2026-02-06 15:17:58,955 [CRITICAL] [HeartLoop] Fatal Tick Error: type object 'EmotionTrigger' has no attribute 'SYSTEM_ERROR'
2026-02-06 15:17:58,955 [CRITICAL] [HeartLoop] Fatal Tick Error: type object 'EmotionTrigger' has no attribute 'SYSTEM_ERROR'
2026-02-06 15:17:58,958 [CRITICAL] [HeartLoop] Fatal Tick Error: type object 'EmotionTrigger' has no attribute 'SYSTEM_ERROR'
2026-02-06 15:17:59,000 [CRITICAL] [HeartLoop] Fatal Tick Error: type object 'EmotionTrigger' has no attribute 'SYSTEM_ERROR'
2026-02-06 15:17:59,002 [CRITICAL] [HeartLoop] Fatal Tick Error: type object 'EmotionTrigger' has no attribute 'SYSTEM_ERROR'
2026-02-06 15:17:59,007 [CRITICAL] [HeartLoop] Fatal Tick Error: type object 'EmotionTrigger' has no attribute 'SYSTEM_ERROR'
2026-02-06 15:17:59,008 [CRITICAL] [HeartLoop] Fatal Tick Error: type object 'EmotionTrigger' has no attribute 'SYSTEM_ERROR'
2026-02-06 15:17:59,016 [CRITICAL] [HeartLoop] Fatal Tick Error: type object 'EmotionTrigger' has no attribute 'SYSTEM_ERROR'
2026-02-06 15:17:59,051 [CRITICAL] [HeartLoop] Fatal Tick Error: type object 'EmotionTrigger' has no attribute 'SYSTEM_ERROR'
2026-02-06 15:17:59,053 [CRITICAL] [HeartLoop] Fatal Tick Error: type object 'EmotionTrigger' has no attribute 'SYSTEM_ERROR'
2026-02-06 15:17:59,059 [CRITICAL] [HeartLoop] Fatal Tick Error: type object 'EmotionTrigger' has no attribute 'SYSTEM_ERROR'
2026-02-06 15:17:59,060 [CRITICAL] [HeartLoop] Fatal Tick Error: type object 'EmotionTrigger' has no attribute 'SYSTEM_ERROR'
2026-02-06 15:17:59,067 [CRITICAL] [HeartLoop] Fatal Tick Error: type object 'EmotionTrigger' has no attribute 'SYSTEM_ERROR'
2026-02-06 15:17:59,103 [CRITICAL] [HeartLoop] Fatal Tick Error: type object 'EmotionTrigger' has no attribute 'SYSTEM_ERROR'
2026-02-06 15:17:59,104 [CRITICAL] [HeartLoop] Fatal Tick Error: type object 'EmotionTrigger' has no attribute 'SYSTEM_ERROR'
2026-02-06 15:17:59,112 [CRITICAL] [HeartLoop] Fatal Tick Error: type object 'EmotionTrigger' has no attribute 'SYSTEM_ERROR'
2026-02-06 15:17:59,112 [CRITICAL] [HeartLoop] Fatal Tick Error: type object 'EmotionTrigger' has no attribute 'SYSTEM_ERROR'
2026-02-06 15:17:59,118 [CRITICAL] [HeartLoop] Fatal Tick Error: type object 'EmotionTrigger' has no attribute 'SYSTEM_ERROR'
2026-02-06 15:17:59,154 [CRITICAL] [HeartLoop] Fatal Tick Error: type object 'EmotionTrigger' has no attribute 'SYSTEM_ERROR'
2026-02-06 15:17:59,155 [CRITICAL] [HeartLoop] Fatal Tick Error: type object 'EmotionTrigger' has no attribute 'SYSTEM_ERROR'
2026-02-06 15:17:59,163 [CRITICAL] [HeartLoop] Fatal Tick Error: type object 'EmotionTrigger' has no attribute 'SYSTEM_ERROR'
2026-02-06 15:17:59,163 [CRITICAL] [HeartLoop] Fatal Tick Error: type object 'EmotionTrigger' has no attribute 'SYSTEM_ERROR'
2026-02-06 15:17:59,170 [CRITICAL] [HeartLoop] Fatal Tick Error: type object 'EmotionTrigger' has no attribute 'SYSTEM_ERROR'
2026-02-06 15:17:59,206 [CRITICAL] [HeartLoop] Fatal Tick Error: type object 'EmotionTrigger' has no attribute 'SYSTEM_ERROR'
2026-02-06 15:17:59,206 [CRITICAL] [HeartLoop] Fatal Tick Error: type object 'EmotionTrigger' has no attribute 'SYSTEM_ERROR'
2026-02-06 15:17:59,214 [CRITICAL] [HeartLoop] Fatal Tick Error: type object 'EmotionTrigger' has no attribute 'SYSTEM_ERROR'
2026-02-06 15:17:59,215 [CRITICAL] [HeartLoop] Fatal Tick Error: type object 'EmotionTrigger' has no attribute 'SYSTEM_ERROR'
2026-02-06 15:17:59,221 [CRITICAL] [HeartLoop] Fatal Tick Error: type object 'EmotionTrigger' has no attribute 'SYSTEM_ERROR'
2026-02-06 15:18:05,315 [CRITICAL] [HeartLoop] Fatal Tick Error: type object 'EmotionTrigger' has no attribute 'SYSTEM_ERROR'
2026-02-06 15:18:05,367 [CRITICAL] [HeartLoop] Fatal Tick Error: type object 'EmotionTrigger' has no attribute 'SYSTEM_ERROR'
2026-02-06 15:18:05,398 [CRITICAL] [HeartLoop] Fatal Tick Error: type object 'EmotionTrigger' has no attribute 'SYSTEM_ERROR'
2026-02-06 15:18:05,414 [CRITICAL] [HeartLoop] Fatal Tick Error: type object 'EmotionTrigger' has no attribute 'SYSTEM_ERROR'
2026-02-06 15:18:05,419 [CRITICAL] [HeartLoop] Fatal Tick Error: type object 'EmotionTrigger' has no attribute 'SYSTEM_ERROR'
2026-02-06 15:18:13,418 [CRITICAL] [HeartLoop] Fatal Tick Error: type object 'EmotionTrigger' has no attribute 'SYSTEM_ERROR'
2026-02-06 15:18:14,048 [CRITICAL] [HeartLoop] Fatal Tick Error: type object 'EmotionTrigger' has no attribute 'SYSTEM_ERROR'
2026-02-06 15:18:14,100 [CRITICAL] [HeartLoop] Fatal Tick Error: type object 'EmotionTrigger' has no attribute 'SYSTEM_ERROR'
2026-02-06 15:18:14,206 [CRITICAL] [HeartLoop] Fatal Tick Error: type object 'EmotionTrigger' has no attribute 'SYSTEM_ERROR'
2026-02-06 15:18:14,207 [CRITICAL] [HeartLoop] Fatal Tick Error: type object 'EmotionTrigger' has no attribute 'SYSTEM_ERROR'
2026-02-06 15:18:14,207 [CRITICAL] [HeartLoop] Fatal Tick Error: type object 'EmotionTrigger' has no attribute 'SYSTEM_ERROR'
2026-02-06 15:18:14,209 [CRITICAL] [HeartLoop] Fatal Tick Error: type object 'EmotionTrigger' has no attribute 'SYSTEM_ERROR'
2026-02-06 15:18:14,277 [CRITICAL] [HeartLoop] Fatal Tick Error: type object 'EmotionTrigger' has no attribute 'SYSTEM_ERROR'
2026-02-06 15:18:14,278 [CRITICAL] [HeartLoop] Fatal Tick Error: type object 'EmotionTrigger' has no attribute 'SYSTEM_ERROR'
2026-02-06 15:18:14,279 [CRITICAL] [HeartLoop] Fatal Tick Error: type object 'EmotionTrigger' has no attribute 'SYSTEM_ERROR'
2026-02-06 15:18:14,279 [CRITICAL] [HeartLoop] Fatal Tick Error: type object 'EmotionTrigger' has no attribute 'SYSTEM_ERROR'
2026-02-06 15:18:14,280 [CRITICAL] [HeartLoop] Fatal Tick Error: type object 'EmotionTrigger' has no attribute 'SYSTEM_ERROR'
2026-02-06 15:18:14,328 [CRITICAL] [HeartLoop] Fatal Tick Error: type object 'EmotionTrigger' has no attribute 'SYSTEM_ERROR'
2026-02-06 15:18:14,329 [CRITICAL] [HeartLoop] Fatal Tick Error: type object 'EmotionTrigger' has no attribute 'SYSTEM_ERROR'
2026-02-06 15:18:14,330 [CRITICAL] [HeartLoop] Fatal Tick Error: type object 'EmotionTrigger' has no attribute 'SYSTEM_ERROR'
2026-02-06 15:18:14,331 [CRITICAL] [HeartLoop] Fatal Tick Error: type object 'EmotionTrigger' has no attribute 'SYSTEM_ERROR'
2026-02-06 15:18:14,332 [CRITICAL] [HeartLoop] Fatal Tick Error: type object 'EmotionTrigger' has no attribute 'SYSTEM_ERROR'
2026-02-06 15:18:14,692 [CRITICAL] [HeartLoop] Fatal Tick Error: type object 'EmotionTrigger' has no attribute 'SYSTEM_ERROR'
2026-02-06 15:18:19,012 [CRITICAL] [HeartLoop] Fatal Tick Error: type object 'EmotionTrigger' has no attribute 'SYSTEM_ERROR'
2026-02-06 15:18:19,065 [CRITICAL] [HeartLoop] Fatal Tick Error: type object 'EmotionTrigger' has no attribute 'SYSTEM_ERROR'
2026-02-06 15:18:19,411 [CRITICAL] [HeartLoop] Fatal Tick Error: type object 'EmotionTrigger' has no attribute 'SYSTEM_ERROR'
2026-02-06 15:18:19,411 [CRITICAL] [HeartLoop] Fatal Tick Error: type object 'EmotionTrigger' has no attribute 'SYSTEM_ERROR'
2026-02-06 15:18:19,412 [CRITICAL] [HeartLoop] Fatal Tick Error: type object 'EmotionTrigger' has no attribute 'SYSTEM_ERROR'
2026-02-06 15:18:19,412 [CRITICAL] [HeartLoop] Fatal Tick Error: type object 'EmotionTrigger' has no attribute 'SYSTEM_ERROR'
2026-02-06 15:18:27,292 [CRITICAL] [HeartLoop] Fatal Tick Error: type object 'EmotionTrigger' has no attribute 'SYSTEM_ERROR'
2026-02-06 15:18:27,293 [CRITICAL] [HeartLoop] Fatal Tick Error: type object 'EmotionTrigger' has no attribute 'SYSTEM_ERROR'
2026-02-06 15:18:27,294 [CRITICAL] [HeartLoop] Fatal Tick Error: type object 'EmotionTrigger' has no attribute 'SYSTEM_ERROR'
2026-02-06 15:18:27,294 [CRITICAL] [HeartLoop] Fatal Tick Error: type object 'EmotionTrigger' has no attribute 'SYSTEM_ERROR'
2026-02-06 15:18:27,294 [CRITICAL] [HeartLoop] Fatal Tick Error: type object 'EmotionTrigger' has no attribute 'SYSTEM_ERROR'
2026-02-06 15:18:27,345 [CRITICAL] [HeartLoop] Fatal Tick Error: type object 'EmotionTrigger' has no attribute 'SYSTEM_ERROR'
2026-02-06 15:18:27,345 [CRITICAL] [HeartLoop] Fatal Tick Error: type object 'EmotionTrigger' has no attribute 'SYSTEM_ERROR'
2026-02-06 15:18:27,346 [CRITICAL] [HeartLoop] Fatal Tick Error: type object 'EmotionTrigger' has no attribute 'SYSTEM_ERROR'
2026-02-06 15:18:27,346 [CRITICAL] [HeartLoop] Fatal Tick Error: type object 'EmotionTrigger' has no attribute 'SYSTEM_ERROR'
2026-02-06 15:18:27,346 [CRITICAL] [HeartLoop] Fatal Tick Error: type object 'EmotionTrigger' has no attribute 'SYSTEM_ERROR'
2026-02-06 15:18:27,402 [CRITICAL] [HeartLoop] Fatal Tick Error: type object 'EmotionTrigger' has no attribute 'SYSTEM_ERROR'
2026-02-06 15:18:27,403 [CRITICAL] [HeartLoop] Fatal Tick Error: type object 'EmotionTrigger' has no attribute 'SYSTEM_ERROR'
2026-02-06 15:18:27,403 [CRITICAL] [HeartLoop] Fatal Tick Error: type object 'EmotionTrigger' has no attribute 'SYSTEM_ERROR'
2026-02-06 15:18:27,404 [CRITICAL] [HeartLoop] Fatal Tick Error: type object 'EmotionTrigger' has no attribute 'SYSTEM_ERROR'
2026-02-06 15:18:27,404 [CRITICAL] [HeartLoop] Fatal Tick Error: type object 'EmotionTrigger' has no attribute 'SYSTEM_ERROR'
2026-02-06 15:18:51,051 [CRITICAL] [HeartLoop] Fatal Tick Error: type object 'EmotionTrigger' has no attribute 'SYSTEM_ERROR'
2026-02-06 15:18:51,082 [CRITICAL] [HeartLoop] Fatal Tick Error: type object 'EmotionTrigger' has no attribute 'SYSTEM_ERROR'
2026-02-06 15:18:51,083 [CRITICAL] [HeartLoop] Fatal Tick Error: type object 'EmotionTrigger' has no attribute 'SYSTEM_ERROR'
2026-02-06 15:18:51,084 [CRITICAL] [HeartLoop] Fatal Tick Error: type object 'EmotionTrigger' has no attribute 'SYSTEM_ERROR'
2026-02-06 15:18:51,087 [CRITICAL] [HeartLoop] Fatal Tick Error: type object 'EmotionTrigger' has no attribute 'SYSTEM_ERROR'
2026-02-06 15:18:51,102 [CRITICAL] [HeartLoop] Fatal Tick Error: type object 'EmotionTrigger' has no attribute 'SYSTEM_ERROR'
2026-02-06 15:18:53,715 [CRITICAL] [HeartLoop] Fatal Tick Error: type object 'EmotionTrigger' has no attribute 'SYSTEM_ERROR'
2026-02-06 15:18:53,768 [CRITICAL] [HeartLoop] Fatal Tick Error: type object 'EmotionTrigger' has no attribute 'SYSTEM_ERROR'
2026-02-06 15:19:21,485 [CRITICAL] [HeartLoop] Fatal Tick Error: type object 'EmotionTrigger' has no attribute 'SYSTEM_ERROR'
2026-02-06 15:19:22,016 [CRITICAL] [HeartLoop] Fatal Tick Error: type object 'EmotionTrigger' has no attribute 'SYSTEM_ERROR'
2026-02-06 15:19:22,044 [CRITICAL] [HeartLoop] Fatal Tick Error: type object 'EmotionTrigger' has no attribute 'SYSTEM_ERROR'
2026-02-06 15:19:22,049 [CRITICAL] [HeartLoop] Fatal Tick Error: type object 'EmotionTrigger' has no attribute 'SYSTEM_ERROR'
2026-02-06 15:19:22,049 [CRITICAL] [HeartLoop] Fatal Tick Error: type object 'EmotionTrigger' has no attribute 'SYSTEM_ERROR'
2026-02-06 15:19:26,285 [CRITICAL] [HeartLoop] Fatal Tick Error: type object 'EmotionTrigger' has no attribute 'SYSTEM_ERROR'
2026-02-06 15:19:26,301 [CRITICAL] [HeartLoop] Fatal Tick Error: type object 'EmotionTrigger' has no attribute 'SYSTEM_ERROR'
2026-02-06 15:19:26,302 [CRITICAL] [HeartLoop] Fatal Tick Error: type object 'EmotionTrigger' has no attribute 'SYSTEM_ERROR'
2026-02-06 15:19:26,321 [CRITICAL] [HeartLoop] Fatal Tick Error: type object 'EmotionTrigger' has no attribute 'SYSTEM_ERROR'
2026-02-06 15:19:26,334 [CRITICAL] [HeartLoop] Fatal Tick Error: type object 'EmotionTrigger' has no attribute 'SYSTEM_ERROR'
2026-02-06 15:19:26,353 [CRITICAL] [HeartLoop] Fatal Tick Error: type object 'EmotionTrigger' has no attribute 'SYSTEM_ERROR'
2026-02-06 15:19:26,354 [CRITICAL] [HeartLoop] Fatal Tick Error: type object 'EmotionTrigger' has no attribute 'SYSTEM_ERROR'
2026-02-06 15:19:26,373 [CRITICAL] [HeartLoop] Fatal Tick Error: type object 'EmotionTrigger' has no attribute 'SYSTEM_ERROR'
2026-02-06 15:19:26,386 [CRITICAL] [HeartLoop] Fatal Tick Error: type object 'EmotionTrigger' has no attribute 'SYSTEM_ERROR'
2026-02-06 15:19:26,405 [CRITICAL] [HeartLoop] Fatal Tick Error: type object 'EmotionTrigger' has no attribute 'SYSTEM_ERROR'
2026-02-06 15:19:26,406 [CRITICAL] [HeartLoop] Fatal Tick Error: type object 'EmotionTrigger' has no attribute 'SYSTEM_ERROR'
2026-02-06 15:19:26,425 [CRITICAL] [HeartLoop] Fatal Tick Error: type object 'EmotionTrigger' has no attribute 'SYSTEM_ERROR'
2026-02-06 15:19:37,896 [CRITICAL] [HeartLoop] Fatal Tick Error: type object 'EmotionTrigger' has no attribute 'SYSTEM_ERROR'
2026-02-06 15:19:37,896 [CRITICAL] [HeartLoop] Fatal Tick Error: type object 'EmotionTrigger' has no attribute 'SYSTEM_ERROR'
2026-02-06 15:19:37,897 [CRITICAL] [HeartLoop] Fatal Tick Error: type object 'EmotionTrigger' has no attribute 'SYSTEM_ERROR'
2026-02-06 15:19:37,897 [CRITICAL] [HeartLoop] Fatal Tick Error: type object 'EmotionTrigger' has no attribute 'SYSTEM_ERROR'
2026-02-06 15:19:37,897 [CRITICAL] [HeartLoop] Fatal Tick Error: type object 'EmotionTrigger' has no attribute 'SYSTEM_ERROR'
2026-02-06 15:19:37,975 [CRITICAL] [HeartLoop] Fatal Tick Error: type object 'EmotionTrigger' has no attribute 'SYSTEM_ERROR'
2026-02-06 15:19:37,976 [CRITICAL] [HeartLoop] Fatal Tick Error: type object 'EmotionTrigger' has no attribute 'SYSTEM_ERROR'
2026-02-06 15:19:37,976 [CRITICAL] [HeartLoop] Fatal Tick Error: type object 'EmotionTrigger' has no attribute 'SYSTEM_ERROR'
2026-02-06 15:19:37,977 [CRITICAL] [HeartLoop] Fatal Tick Error: type object 'EmotionTrigger' has no attribute 'SYSTEM_ERROR'
2026-02-06 15:19:40,866 [CRITICAL] [HeartLoop] Fatal Tick Error: type object 'EmotionTrigger' has no attribute 'SYSTEM_ERROR'
2026-02-06 15:19:40,918 [CRITICAL] [HeartLoop] Fatal Tick Error: type object 'EmotionTrigger' has no attribute 'SYSTEM_ERROR'
2026-02-06 15:19:40,970 [CRITICAL] [HeartLoop] Fatal Tick Error: type object 'EmotionTrigger' has no attribute 'SYSTEM_ERROR'
2026-02-06 15:19:41,004 [CRITICAL] [HeartLoop] Fatal Tick Error: type object 'EmotionTrigger' has no attribute 'SYSTEM_ERROR'
2026-02-06 15:19:41,007 [CRITICAL] [HeartLoop] Fatal Tick Error: type object 'EmotionTrigger' has no attribute 'SYSTEM_ERROR'
2026-02-06 15:19:41,012 [CRITICAL] [HeartLoop] Fatal Tick Error: type object 'EmotionTrigger' has no attribute 'SYSTEM_ERROR'
2026-02-06 15:19:41,013 [CRITICAL] [HeartLoop] Fatal Tick Error: type object 'EmotionTrigger' has no attribute 'SYSTEM_ERROR'
2026-02-06 15:19:41,021 [CRITICAL] [HeartLoop] Fatal Tick Error: type object 'EmotionTrigger' has no attribute 'SYSTEM_ERROR'
2026-02-06 15:19:41,066 [CRITICAL] [HeartLoop] Fatal Tick Error: type object 'EmotionTrigger' has no attribute 'SYSTEM_ERROR'
2026-02-06 15:19:41,067 [CRITICAL] [HeartLoop] Fatal Tick Error: type object 'EmotionTrigger' has no attribute 'SYSTEM_ERROR'
2026-02-06 15:19:41,073 [CRITICAL] [HeartLoop] Fatal Tick Error: type object 'EmotionTrigger' has no attribute 'SYSTEM_ERROR'
2026-02-06 15:19:41,469 [CRITICAL] [HeartLoop] Fatal Tick Error: type object 'EmotionTrigger' has no attribute 'SYSTEM_ERROR'
2026-02-06 15:19:41,471 [CRITICAL] [HeartLoop] Fatal Tick Error: type object 'EmotionTrigger' has no attribute 'SYSTEM_ERROR'
2026-02-06 15:19:41,472 [CRITICAL] [HeartLoop] Fatal Tick Error: type object 'EmotionTrigger' has no attribute 'SYSTEM_ERROR'
2026-02-06 15:19:41,472 [CRITICAL] [HeartLoop] Fatal Tick Error: type object 'EmotionTrigger' has no attribute 'SYSTEM_ERROR'
2026-02-06 15:19:41,476 [CRITICAL] [HeartLoop] Fatal Tick Error: type object 'EmotionTrigger' has no attribute 'SYSTEM_ERROR'
2026-02-06 15:19:42,234 [CRITICAL] [HeartLoop] Fatal Tick Error: type object 'EmotionTrigger' has no attribute 'SYSTEM_ERROR'
2026-02-06 15:19:42,236 [CRITICAL] [HeartLoop] Fatal Tick Error: type object 'EmotionTrigger' has no attribute 'SYSTEM_ERROR'
2026-02-06 15:19:42,236 [CRITICAL] [HeartLoop] Fatal Tick Error: type object 'EmotionTrigger' has no attribute 'SYSTEM_ERROR'
2026-02-06 15:19:42,236 [CRITICAL] [HeartLoop] Fatal Tick Error: type object 'EmotionTrigger' has no attribute 'SYSTEM_ERROR'
2026-02-06 15:19:43,784 [CRITICAL] [HeartLoop] Fatal Tick Error: type object 'EmotionTrigger' has no attribute 'SYSTEM_ERROR'
2026-02-06 15:19:43,793 [CRITICAL] [HeartLoop] Fatal Tick Error: type object 'EmotionTrigger' has no attribute 'SYSTEM_ERROR'
2026-02-06 15:19:43,794 [CRITICAL] [HeartLoop] Fatal Tick Error: type object 'EmotionTrigger' has no attribute 'SYSTEM_ERROR'
2026-02-06 15:19:43,794 [CRITICAL] [HeartLoop] Fatal Tick Error: type object 'EmotionTrigger' has no attribute 'SYSTEM_ERROR'
2026-02-06 15:19:43,816 [CRITICAL] [HeartLoop] Fatal Tick Error: type object 'EmotionTrigger' has no attribute 'SYSTEM_ERROR'
2026-02-06 15:19:43,835 [CRITICAL] [HeartLoop] Fatal Tick Error: type object 'EmotionTrigger' has no attribute 'SYSTEM_ERROR'
2026-02-06 15:19:43,868 [CRITICAL] [HeartLoop] Fatal Tick Error: type object 'EmotionTrigger' has no attribute 'SYSTEM_ERROR'
2026-02-06 15:19:43,888 [CRITICAL] [HeartLoop] Fatal Tick Error: type object 'EmotionTrigger' has no attribute 'SYSTEM_ERROR'
2026-02-06 15:19:43,921 [CRITICAL] [HeartLoop] Fatal Tick Error: type object 'EmotionTrigger' has no attribute 'SYSTEM_ERROR'
2026-02-06 15:19:43,947 [CRITICAL] [HeartLoop] Fatal Tick Error: type object 'EmotionTrigger' has no attribute 'SYSTEM_ERROR'
2026-02-06 15:19:43,974 [CRITICAL] [HeartLoop] Fatal Tick Error: type object 'EmotionTrigger' has no attribute 'SYSTEM_ERROR'
2026-02-06 15:19:43,994 [CRITICAL] [HeartLoop] Fatal Tick Error: type object 'EmotionTrigger' has no attribute 'SYSTEM_ERROR'
2026-02-06 15:19:43,995 [CRITICAL] [HeartLoop] Fatal Tick Error: type object 'EmotionTrigger' has no attribute 'SYSTEM_ERROR'
2026-02-06 15:19:43,995 [CRITICAL] [HeartLoop] Fatal Tick Error: type object 'EmotionTrigger' has no attribute 'SYSTEM_ERROR'
2026-02-06 15:19:44,002 [CRITICAL] [HeartLoop] Fatal Tick Error: type object 'EmotionTrigger' has no attribute 'SYSTEM_ERROR'
2026-02-06 15:19:44,025 [CRITICAL] [HeartLoop] Fatal Tick Error: type object 'EmotionTrigger' has no attribute 'SYSTEM_ERROR'
2026-02-06 15:19:44,045 [CRITICAL] [HeartLoop] Fatal Tick Error: type object 'EmotionTrigger' has no attribute 'SYSTEM_ERROR'
2026-02-06 15:19:44,046 [CRITICAL] [HeartLoop] Fatal Tick Error: type object 'EmotionTrigger' has no attribute 'SYSTEM_ERROR'
2026-02-06 15:19:44,054 [CRITICAL] [HeartLoop] Fatal Tick Error: type object 'EmotionTrigger' has no attribute 'SYSTEM_ERROR'
2026-02-06 15:19:44,077 [CRITICAL] [HeartLoop] Fatal Tick Error: type object 'EmotionTrigger' has no attribute 'SYSTEM_ERROR'
2026-02-06 15:19:44,096 [CRITICAL] [HeartLoop] Fatal Tick Error: type object 'EmotionTrigger' has no attribute 'SYSTEM_ERROR'
2026-02-06 15:19:44,097 [CRITICAL] [HeartLoop] Fatal Tick Error: type object 'EmotionTrigger' has no attribute 'SYSTEM_ERROR'
2026-02-06 15:19:44,097 [CRITICAL] [HeartLoop] Fatal Tick Error: type object 'EmotionTrigger' has no attribute 'SYSTEM_ERROR'
2026-02-06 15:19:44,105 [CRITICAL] [HeartLoop] Fatal Tick Error: type object 'EmotionTrigger' has no attribute 'SYSTEM_ERROR'
2026-02-06 15:19:44,131 [CRITICAL] [HeartLoop] Fatal Tick Error: type object 'EmotionTrigger' has no attribute 'SYSTEM_ERROR'
2026-02-06 15:19:44,148 [CRITICAL] [HeartLoop] Fatal Tick Error: type object 'EmotionTrigger' has no attribute 'SYSTEM_ERROR'
2026-02-06 15:19:44,149 [CRITICAL] [HeartLoop] Fatal Tick Error: type object 'EmotionTrigger' has no attribute 'SYSTEM_ERROR'
2026-02-06 15:19:44,158 [CRITICAL] [HeartLoop] Fatal Tick Error: type object 'EmotionTrigger' has no attribute 'SYSTEM_ERROR'
2026-02-06 15:19:44,183 [CRITICAL] [HeartLoop] Fatal Tick Error: type object 'EmotionTrigger' has no attribute 'SYSTEM_ERROR'
2026-02-06 15:19:44,201 [CRITICAL] [HeartLoop] Fatal Tick Error: type object 'EmotionTrigger' has no attribute 'SYSTEM_ERROR'
2026-02-06 15:19:44,201 [CRITICAL] [HeartLoop] Fatal Tick Error: type object 'EmotionTrigger' has no attribute 'SYSTEM_ERROR'
2026-02-06 15:19:44,209 [CRITICAL] [HeartLoop] Fatal Tick Error: type object 'EmotionTrigger' has no attribute 'SYSTEM_ERROR'
2026-02-06 15:19:44,305 [CRITICAL] [HeartLoop] Fatal Tick Error: type object 'EmotionTrigger' has no attribute 'SYSTEM_ERROR'
2026-02-06 15:19:44,357 [CRITICAL] [HeartLoop] Fatal Tick Error: type object 'EmotionTrigger' has no attribute 'SYSTEM_ERROR'
2026-02-06 15:19:44,409 [CRITICAL] [HeartLoop] Fatal Tick Error: type object 'EmotionTrigger' has no attribute 'SYSTEM_ERROR'
2026-02-06 15:19:44,440 [CRITICAL] [HeartLoop] Fatal Tick Error: type object 'EmotionTrigger' has no attribute 'SYSTEM_ERROR'
2026-02-06 15:19:44,440 [CRITICAL] [HeartLoop] Fatal Tick Error: type object 'EmotionTrigger' has no attribute 'SYSTEM_ERROR'
2026-02-06 15:19:44,446 [CRITICAL] [HeartLoop] Fatal Tick Error: type object 'EmotionTrigger' has no attribute 'SYSTEM_ERROR'
2026-02-06 15:19:44,491 [CRITICAL] [HeartLoop] Fatal Tick Error: type object 'EmotionTrigger' has no attribute 'SYSTEM_ERROR'
2026-02-06 15:19:44,499 [CRITICAL] [HeartLoop] Fatal Tick Error: type object 'EmotionTrigger' has no attribute 'SYSTEM_ERROR'
2026-02-06 15:19:44,499 [CRITICAL] [HeartLoop] Fatal Tick Error: type object 'EmotionTrigger' has no attribute 'SYSTEM_ERROR'
2026-02-06 15:19:44,535 [CRITICAL] [HeartLoop] Fatal Tick Error: type object 'EmotionTrigger' has no attribute 'SYSTEM_ERROR'
2026-02-06 15:19:44,543 [CRITICAL] [HeartLoop] Fatal Tick Error: type object 'EmotionTrigger' has no attribute 'SYSTEM_ERROR'
2026-02-06 15:19:44,543 [CRITICAL] [HeartLoop] Fatal Tick Error: type object 'EmotionTrigger' has no attribute 'SYSTEM_ERROR'
2026-02-06 15:19:44,550 [CRITICAL] [HeartLoop] Fatal Tick Error: type object 'EmotionTrigger' has no attribute 'SYSTEM_ERROR'
2026-02-06 15:19:44,550 [CRITICAL] [HeartLoop] Fatal Tick Error: type object 'EmotionTrigger' has no attribute 'SYSTEM_ERROR'
2026-02-06 15:19:44,742 [CRITICAL] [HeartLoop] Fatal Tick Error: type object 'EmotionTrigger' has no attribute 'SYSTEM_ERROR'
2026-02-06 15:19:44,793 [CRITICAL] [HeartLoop] Fatal Tick Error: type object 'EmotionTrigger' has no attribute 'SYSTEM_ERROR'
2026-02-06 15:19:44,830 [CRITICAL] [HeartLoop] Fatal Tick Error: type object 'EmotionTrigger' has no attribute 'SYSTEM_ERROR'
2026-02-06 15:19:44,834 [CRITICAL] [HeartLoop] Fatal Tick Error: type object 'EmotionTrigger' has no attribute 'SYSTEM_ERROR'
2026-02-06 15:19:44,841 [CRITICAL] [HeartLoop] Fatal Tick Error: type object 'EmotionTrigger' has no attribute 'SYSTEM_ERROR'
2026-02-06 15:19:44,882 [CRITICAL] [HeartLoop] Fatal Tick Error: type object 'EmotionTrigger' has no attribute 'SYSTEM_ERROR'
2026-02-06 15:19:44,885 [CRITICAL] [HeartLoop] Fatal Tick Error: type object 'EmotionTrigger' has no attribute 'SYSTEM_ERROR'
2026-02-06 15:19:44,934 [CRITICAL] [HeartLoop] Fatal Tick Error: type object 'EmotionTrigger' has no attribute 'SYSTEM_ERROR'
2026-02-06 15:19:44,937 [CRITICAL] [HeartLoop] Fatal Tick Error: type object 'EmotionTrigger' has no attribute 'SYSTEM_ERROR'
2026-02-06 15:19:44,987 [CRITICAL] [HeartLoop] Fatal Tick Error: type object 'EmotionTrigger' has no attribute 'SYSTEM_ERROR'
2026-02-06 15:19:44,989 [CRITICAL] [HeartLoop] Fatal Tick Error: type object 'EmotionTrigger' has no attribute 'SYSTEM_ERROR'
2026-02-06 15:19:45,359 [CRITICAL] [HeartLoop] Fatal Tick Error: type object 'EmotionTrigger' has no attribute 'SYSTEM_ERROR'
2026-02-06 15:19:45,359 [CRITICAL] [HeartLoop] Fatal Tick Error: type object 'EmotionTrigger' has no attribute 'SYSTEM_ERROR'
2026-02-06 15:19:45,433 [CRITICAL] [HeartLoop] Fatal Tick Error: type object 'EmotionTrigger' has no attribute 'SYSTEM_ERROR'
2026-02-06 15:19:45,433 [CRITICAL] [HeartLoop] Fatal Tick Error: type object 'EmotionTrigger' has no attribute 'SYSTEM_ERROR'
2026-02-06 15:19:45,433 [CRITICAL] [HeartLoop] Fatal Tick Error: type object 'EmotionTrigger' has no attribute 'SYSTEM_ERROR'
2026-02-06 15:19:45,548 [CRITICAL] [HeartLoop] Fatal Tick Error: type object 'EmotionTrigger' has no attribute 'SYSTEM_ERROR'
2026-02-06 15:19:45,550 [CRITICAL] [HeartLoop] Fatal Tick Error: type object 'EmotionTrigger' has no attribute 'SYSTEM_ERROR'
2026-02-06 15:19:45,550 [CRITICAL] [HeartLoop] Fatal Tick Error: type object 'EmotionTrigger' has no attribute 'SYSTEM_ERROR'
2026-02-06 15:19:45,559 [CRITICAL] [HeartLoop] Fatal Tick Error: type object 'EmotionTrigger' has no attribute 'SYSTEM_ERROR'
2026-02-06 15:19:45,592 [CRITICAL] [HeartLoop] Fatal Tick Error: type object 'EmotionTrigger' has no attribute 'SYSTEM_ERROR'
2026-02-06 15:19:45,623 [CRITICAL] [HeartLoop] Fatal Tick Error: type object 'EmotionTrigger' has no attribute 'SYSTEM_ERROR'
2026-02-06 15:19:45,623 [CRITICAL] [HeartLoop] Fatal Tick Error: type object 'EmotionTrigger' has no attribute 'SYSTEM_ERROR'
2026-02-06 15:19:45,624 [CRITICAL] [HeartLoop] Fatal Tick Error: type object 'EmotionTrigger' has no attribute 'SYSTEM_ERROR'
2026-02-06 15:19:45,625 [CRITICAL] [HeartLoop] Fatal Tick Error: type object 'EmotionTrigger' has no attribute 'SYSTEM_ERROR'
2026-02-06 15:19:45,652 [CRITICAL] [HeartLoop] Fatal Tick Error: type object 'EmotionTrigger' has no attribute 'SYSTEM_ERROR'
2026-02-06 15:19:45,675 [CRITICAL] [HeartLoop] Fatal Tick Error: type object 'EmotionTrigger' has no attribute 'SYSTEM_ERROR'
2026-02-06 15:19:45,675 [CRITICAL] [HeartLoop] Fatal Tick Error: type object 'EmotionTrigger' has no attribute 'SYSTEM_ERROR'
2026-02-06 15:19:45,676 [CRITICAL] [HeartLoop] Fatal Tick Error: type object 'EmotionTrigger' has no attribute 'SYSTEM_ERROR'
2026-02-06 15:19:45,703 [CRITICAL] [HeartLoop] Fatal Tick Error: type object 'EmotionTrigger' has no attribute 'SYSTEM_ERROR'
2026-02-06 15:19:45,727 [CRITICAL] [HeartLoop] Fatal Tick Error: type object 'EmotionTrigger' has no attribute 'SYSTEM_ERROR'
2026-02-06 15:19:45,727 [CRITICAL] [HeartLoop] Fatal Tick Error: type object 'EmotionTrigger' has no attribute 'SYSTEM_ERROR'
2026-02-06 15:19:45,728 [CRITICAL] [HeartLoop] Fatal Tick Error: type object 'EmotionTrigger' has no attribute 'SYSTEM_ERROR'
2026-02-06 15:19:45,728 [CRITICAL] [HeartLoop] Fatal Tick Error: type object 'EmotionTrigger' has no attribute 'SYSTEM_ERROR'
2026-02-06 15:19:45,755 [CRITICAL] [HeartLoop] Fatal Tick Error: type object 'EmotionTrigger' has no attribute 'SYSTEM_ERROR'
2026-02-06 15:19:46,043 [CRITICAL] [HeartLoop] Fatal Tick Error: type object 'EmotionTrigger' has no attribute 'SYSTEM_ERROR'
2026-02-06 15:19:46,044 [CRITICAL] [HeartLoop] Fatal Tick Error: type object 'EmotionTrigger' has no attribute 'SYSTEM_ERROR'
2026-02-06 15:19:46,046 [CRITICAL] [HeartLoop] Fatal Tick Error: type object 'EmotionTrigger' has no attribute 'SYSTEM_ERROR'
2026-02-06 15:19:46,047 [CRITICAL] [HeartLoop] Fatal Tick Error: type object 'EmotionTrigger' has no attribute 'SYSTEM_ERROR'
2026-02-06 15:19:46,308 [CRITICAL] [HeartLoop] Fatal Tick Error: type object 'EmotionTrigger' has no attribute 'SYSTEM_ERROR'
2026-02-06 15:19:46,315 [CRITICAL] [HeartLoop] Fatal Tick Error: type object 'EmotionTrigger' has no attribute 'SYSTEM_ERROR'
2026-02-06 15:19:46,317 [CRITICAL] [HeartLoop] Fatal Tick Error: type object 'EmotionTrigger' has no attribute 'SYSTEM_ERROR'
2026-02-06 15:19:46,317 [CRITICAL] [HeartLoop] Fatal Tick Error: type object 'EmotionTrigger' has no attribute 'SYSTEM_ERROR'
2026-02-06 15:19:46,318 [CRITICAL] [HeartLoop] Fatal Tick Error: type object 'EmotionTrigger' has no attribute 'SYSTEM_ERROR'
2026-02-06 15:19:46,497 [CRITICAL] [HeartLoop] Fatal Tick Error: type object 'EmotionTrigger' has no attribute 'SYSTEM_ERROR'
2026-02-06 15:19:46,533 [CRITICAL] [HeartLoop] Fatal Tick Error: type object 'EmotionTrigger' has no attribute 'SYSTEM_ERROR'
2026-02-06 15:19:46,718 [CRITICAL] [HeartLoop] Fatal Tick Error: type object 'EmotionTrigger' has no attribute 'SYSTEM_ERROR'
2026-02-06 15:19:46,750 [CRITICAL] [HeartLoop] Fatal Tick Error: type object 'EmotionTrigger' has no attribute 'SYSTEM_ERROR'
2026-02-06 15:19:46,752 [CRITICAL] [HeartLoop] Fatal Tick Error: type object 'EmotionTrigger' has no attribute 'SYSTEM_ERROR'
2026-02-06 15:19:46,754 [CRITICAL] [HeartLoop] Fatal Tick Error: type object 'EmotionTrigger' has no attribute 'SYSTEM_ERROR'
2026-02-06 15:19:46,770 [CRITICAL] [HeartLoop] Fatal Tick Error: type object 'EmotionTrigger' has no attribute 'SYSTEM_ERROR'
2026-02-06 15:19:46,803 [CRITICAL] [HeartLoop] Fatal Tick Error: type object 'EmotionTrigger' has no attribute 'SYSTEM_ERROR'
2026-02-06 15:19:46,804 [CRITICAL] [HeartLoop] Fatal Tick Error: type object 'EmotionTrigger' has no attribute 'SYSTEM_ERROR'
2026-02-06 15:19:46,805 [CRITICAL] [HeartLoop] Fatal Tick Error: type object 'EmotionTrigger' has no attribute 'SYSTEM_ERROR'
2026-02-06 15:19:46,821 [CRITICAL] [HeartLoop] Fatal Tick Error: type object 'EmotionTrigger' has no attribute 'SYSTEM_ERROR'
2026-02-06 15:19:46,855 [CRITICAL] [HeartLoop] Fatal Tick Error: type object 'EmotionTrigger' has no attribute 'SYSTEM_ERROR'
2026-02-06 15:19:46,855 [CRITICAL] [HeartLoop] Fatal Tick Error: type object 'EmotionTrigger' has no attribute 'SYSTEM_ERROR'
2026-02-06 15:19:46,856 [CRITICAL] [HeartLoop] Fatal Tick Error: type object 'EmotionTrigger' has no attribute 'SYSTEM_ERROR'
2026-02-06 15:19:46,856 [CRITICAL] [HeartLoop] Fatal Tick Error: type object 'EmotionTrigger' has no attribute 'SYSTEM_ERROR'
2026-02-06 15:19:46,873 [CRITICAL] [HeartLoop] Fatal Tick Error: type object 'EmotionTrigger' has no attribute 'SYSTEM_ERROR'
2026-02-06 15:19:46,906 [CRITICAL] [HeartLoop] Fatal Tick Error: type object 'EmotionTrigger' has no attribute 'SYSTEM_ERROR'
2026-02-06 15:19:46,908 [CRITICAL] [HeartLoop] Fatal Tick Error: type object 'EmotionTrigger' has no attribute 'SYSTEM_ERROR'
2026-02-06 15:19:46,924 [CRITICAL] [HeartLoop] Fatal Tick Error: type object 'EmotionTrigger' has no attribute 'SYSTEM_ERROR'
2026-02-06 15:19:46,958 [CRITICAL] [HeartLoop] Fatal Tick Error: type object 'EmotionTrigger' has no attribute 'SYSTEM_ERROR'
2026-02-06 15:19:46,959 [CRITICAL] [HeartLoop] Fatal Tick Error: type object 'EmotionTrigger' has no attribute 'SYSTEM_ERROR'
2026-02-06 15:19:46,959 [CRITICAL] [HeartLoop] Fatal Tick Error: type object 'EmotionTrigger' has no attribute 'SYSTEM_ERROR'
2026-02-06 15:19:47,046 [CRITICAL] [HeartLoop] Fatal Tick Error: type object 'EmotionTrigger' has no attribute 'SYSTEM_ERROR'
2026-02-06 15:19:47,100 [CRITICAL] [HeartLoop] Fatal Tick Error: type object 'EmotionTrigger' has no attribute 'SYSTEM_ERROR'
2026-02-06 15:19:47,152 [CRITICAL] [HeartLoop] Fatal Tick Error: type object 'EmotionTrigger' has no attribute 'SYSTEM_ERROR'
2026-02-06 15:19:47,197 [CRITICAL] [HeartLoop] Fatal Tick Error: type object 'EmotionTrigger' has no attribute 'SYSTEM_ERROR'
2026-02-06 15:19:47,198 [CRITICAL] [HeartLoop] Fatal Tick Error: type object 'EmotionTrigger' has no attribute 'SYSTEM_ERROR'
2026-02-06 15:19:47,198 [CRITICAL] [HeartLoop] Fatal Tick Error: type object 'EmotionTrigger' has no attribute 'SYSTEM_ERROR'
2026-02-06 15:19:47,199 [CRITICAL] [HeartLoop] Fatal Tick Error: type object 'EmotionTrigger' has no attribute 'SYSTEM_ERROR'
2026-02-06 15:19:47,203 [CRITICAL] [HeartLoop] Fatal Tick Error: type object 'EmotionTrigger' has no attribute 'SYSTEM_ERROR'
2026-02-06 15:19:47,248 [CRITICAL] [HeartLoop] Fatal Tick Error: type object 'EmotionTrigger' has no attribute 'SYSTEM_ERROR'
2026-02-06 15:19:47,250 [CRITICAL] [HeartLoop] Fatal Tick Error: type object 'EmotionTrigger' has no attribute 'SYSTEM_ERROR'
2026-02-06 15:19:47,250 [CRITICAL] [HeartLoop] Fatal Tick Error: type object 'EmotionTrigger' has no attribute 'SYSTEM_ERROR'
2026-02-06 15:19:47,251 [CRITICAL] [HeartLoop] Fatal Tick Error: type object 'EmotionTrigger' has no attribute 'SYSTEM_ERROR'
2026-02-06 15:19:47,255 [CRITICAL] [HeartLoop] Fatal Tick Error: type object 'EmotionTrigger' has no attribute 'SYSTEM_ERROR'
2026-02-06 15:19:47,300 [CRITICAL] [HeartLoop] Fatal Tick Error: type object 'EmotionTrigger' has no attribute 'SYSTEM_ERROR'
2026-02-06 15:19:47,301 [CRITICAL] [HeartLoop] Fatal Tick Error: type object 'EmotionTrigger' has no attribute 'SYSTEM_ERROR'
2026-02-06 15:19:47,302 [CRITICAL] [HeartLoop] Fatal Tick Error: type object 'EmotionTrigger' has no attribute 'SYSTEM_ERROR'
2026-02-06 15:19:47,303 [CRITICAL] [HeartLoop] Fatal Tick Error: type object 'EmotionTrigger' has no attribute 'SYSTEM_ERROR'
2026-02-06 15:19:47,306 [CRITICAL] [HeartLoop] Fatal Tick Error: type object 'EmotionTrigger' has no attribute 'SYSTEM_ERROR'
2026-02-06 15:19:47,351 [CRITICAL] [HeartLoop] Fatal Tick Error: type object 'EmotionTrigger' has no attribute 'SYSTEM_ERROR'
2026-02-06 15:19:47,352 [CRITICAL] [HeartLoop] Fatal Tick Error: type object 'EmotionTrigger' has no attribute 'SYSTEM_ERROR'
2026-02-06 15:19:47,353 [CRITICAL] [HeartLoop] Fatal Tick Error: type object 'EmotionTrigger' has no attribute 'SYSTEM_ERROR'
2026-02-06 15:19:47,353 [CRITICAL] [HeartLoop] Fatal Tick Error: type object 'EmotionTrigger' has no attribute 'SYSTEM_ERROR'
2026-02-06 15:19:47,357 [CRITICAL] [HeartLoop] Fatal Tick Error: type object 'EmotionTrigger' has no attribute 'SYSTEM_ERROR'
2026-02-06 15:19:47,413 [CRITICAL] [HeartLoop] Fatal Tick Error: type object 'EmotionTrigger' has no attribute 'SYSTEM_ERROR'
2026-02-06 15:19:47,465 [CRITICAL] [HeartLoop] Fatal Tick Error: type object 'EmotionTrigger' has no attribute 'SYSTEM_ERROR'
2026-02-06 15:19:48,006 [CRITICAL] [HeartLoop] Fatal Tick Error: type object 'EmotionTrigger' has no attribute 'SYSTEM_ERROR'
2026-02-06 15:19:48,047 [CRITICAL] [HeartLoop] Fatal Tick Error: type object 'EmotionTrigger' has no attribute 'SYSTEM_ERROR'
2026-02-06 15:19:48,048 [CRITICAL] [HeartLoop] Fatal Tick Error: type object 'EmotionTrigger' has no attribute 'SYSTEM_ERROR'
2026-02-06 15:19:48,048 [CRITICAL] [HeartLoop] Fatal Tick Error: type object 'EmotionTrigger' has no attribute 'SYSTEM_ERROR'
2026-02-06 15:19:48,049 [CRITICAL] [HeartLoop] Fatal Tick Error: type object 'EmotionTrigger' has no attribute 'SYSTEM_ERROR'
2026-02-06 15:19:48,423 [CRITICAL] [HeartLoop] Fatal Tick Error: type object 'EmotionTrigger' has no attribute 'SYSTEM_ERROR'
2026-02-06 15:19:48,423 [CRITICAL] [HeartLoop] Fatal Tick Error: type object 'EmotionTrigger' has no attribute 'SYSTEM_ERROR'
2026-02-06 15:19:48,423 [CRITICAL] [HeartLoop] Fatal Tick Error: type object 'EmotionTrigger' has no attribute 'SYSTEM_ERROR'
2026-02-06 15:19:48,454 [CRITICAL] [HeartLoop] Fatal Tick Error: type object 'EmotionTrigger' has no attribute 'SYSTEM_ERROR'
2026-02-06 15:19:48,455 [CRITICAL] [HeartLoop] Fatal Tick Error: type object 'EmotionTrigger' has no attribute 'SYSTEM_ERROR'
2026-02-06 15:19:48,508 [CRITICAL] [HeartLoop] Fatal Tick Error: type object 'EmotionTrigger' has no attribute 'SYSTEM_ERROR'
2026-02-06 15:19:48,508 [CRITICAL] [HeartLoop] Fatal Tick Error: type object 'EmotionTrigger' has no attribute 'SYSTEM_ERROR'
2026-02-06 15:19:48,531 [CRITICAL] [HeartLoop] Fatal Tick Error: type object 'EmotionTrigger' has no attribute 'SYSTEM_ERROR'
2026-02-06 15:19:48,561 [CRITICAL] [HeartLoop] Fatal Tick Error: type object 'EmotionTrigger' has no attribute 'SYSTEM_ERROR'
2026-02-06 15:19:48,562 [CRITICAL] [HeartLoop] Fatal Tick Error: type object 'EmotionTrigger' has no attribute 'SYSTEM_ERROR'
2026-02-06 15:19:48,562 [CRITICAL] [HeartLoop] Fatal Tick Error: type object 'EmotionTrigger' has no attribute 'SYSTEM_ERROR'
2026-02-06 15:19:48,563 [CRITICAL] [HeartLoop] Fatal Tick Error: type object 'EmotionTrigger' has no attribute 'SYSTEM_ERROR'
2026-02-06 15:19:48,583 [CRITICAL] [HeartLoop] Fatal Tick Error: type object 'EmotionTrigger' has no attribute 'SYSTEM_ERROR'
2026-02-06 15:19:48,693 [CRITICAL] [HeartLoop] Fatal Tick Error: type object 'EmotionTrigger' has no attribute 'SYSTEM_ERROR'
2026-02-06 15:19:48,693 [CRITICAL] [HeartLoop] Fatal Tick Error: type object 'EmotionTrigger' has no attribute 'SYSTEM_ERROR'
2026-02-06 15:19:48,693 [CRITICAL] [HeartLoop] Fatal Tick Error: type object 'EmotionTrigger' has no attribute 'SYSTEM_ERROR'
2026-02-06 15:19:50,245 [CRITICAL] [HeartLoop] Fatal Tick Error: type object 'EmotionTrigger' has no attribute 'SYSTEM_ERROR'
2026-02-06 15:19:50,245 [CRITICAL] [HeartLoop] Fatal Tick Error: type object 'EmotionTrigger' has no attribute 'SYSTEM_ERROR'
2026-02-06 15:19:50,245 [CRITICAL] [HeartLoop] Fatal Tick Error: type object 'EmotionTrigger' has no attribute 'SYSTEM_ERROR'
2026-02-06 15:19:50,245 [CRITICAL] [HeartLoop] Fatal Tick Error: type object 'EmotionTrigger' has no attribute 'SYSTEM_ERROR'
2026-02-06 15:19:50,245 [CRITICAL] [HeartLoop] Fatal Tick Error: type object 'EmotionTrigger' has no attribute 'SYSTEM_ERROR'
2026-02-06 15:19:50,297 [CRITICAL] [HeartLoop] Fatal Tick Error: type object 'EmotionTrigger' has no attribute 'SYSTEM_ERROR'
2026-02-06 15:19:50,298 [CRITICAL] [HeartLoop] Fatal Tick Error: type object 'EmotionTrigger' has no attribute 'SYSTEM_ERROR'
2026-02-06 15:19:50,299 [CRITICAL] [HeartLoop] Fatal Tick Error: type object 'EmotionTrigger' has no attribute 'SYSTEM_ERROR'
2026-02-06 15:19:50,300 [CRITICAL] [HeartLoop] Fatal Tick Error: type object 'EmotionTrigger' has no attribute 'SYSTEM_ERROR'
2026-02-06 15:19:50,300 [CRITICAL] [HeartLoop] Fatal Tick Error: type object 'EmotionTrigger' has no attribute 'SYSTEM_ERROR'
2026-02-06 15:19:50,349 [CRITICAL] [HeartLoop] Fatal Tick Error: type object 'EmotionTrigger' has no attribute 'SYSTEM_ERROR'
2026-02-06 15:19:50,350 [CRITICAL] [HeartLoop] Fatal Tick Error: type object 'EmotionTrigger' has no attribute 'SYSTEM_ERROR'
2026-02-06 15:19:50,350 [CRITICAL] [HeartLoop] Fatal Tick Error: type object 'EmotionTrigger' has no attribute 'SYSTEM_ERROR'
2026-02-06 15:19:50,351 [CRITICAL] [HeartLoop] Fatal Tick Error: type object 'EmotionTrigger' has no attribute 'SYSTEM_ERROR'
2026-02-06 15:19:50,352 [CRITICAL] [HeartLoop] Fatal Tick Error: type object 'EmotionTrigger' has no attribute 'SYSTEM_ERROR'
2026-02-06 15:19:51,922 [CRITICAL] [HeartLoop] Fatal Tick Error: type object 'EmotionTrigger' has no attribute 'SYSTEM_ERROR'
2026-02-06 15:19:51,974 [CRITICAL] [HeartLoop] Fatal Tick Error: type object 'EmotionTrigger' has no attribute 'SYSTEM_ERROR'
2026-02-06 15:19:52,026 [CRITICAL] [HeartLoop] Fatal Tick Error: type object 'EmotionTrigger' has no attribute 'SYSTEM_ERROR'
2026-02-06 15:19:53,130 [CRITICAL] [HeartLoop] Fatal Tick Error: type object 'EmotionTrigger' has no attribute 'SYSTEM_ERROR'
2026-02-06 15:19:53,138 [CRITICAL] [HeartLoop] Fatal Tick Error: type object 'EmotionTrigger' has no attribute 'SYSTEM_ERROR'
2026-02-06 15:19:55,008 [CRITICAL] [HeartLoop] Fatal Tick Error: type object 'EmotionTrigger' has no attribute 'SYSTEM_ERROR'
2026-02-06 15:19:55,871 [CRITICAL] [HeartLoop] Fatal Tick Error: type object 'EmotionTrigger' has no attribute 'SYSTEM_ERROR'
2026-02-06 15:19:55,887 [CRITICAL] [HeartLoop] Fatal Tick Error: type object 'EmotionTrigger' has no attribute 'SYSTEM_ERROR'
2026-02-06 15:19:55,890 [CRITICAL] [HeartLoop] Fatal Tick Error: type object 'EmotionTrigger' has no attribute 'SYSTEM_ERROR'
2026-02-06 15:19:55,892 [CRITICAL] [HeartLoop] Fatal Tick Error: type object 'EmotionTrigger' has no attribute 'SYSTEM_ERROR'
2026-02-06 15:19:55,899 [CRITICAL] [HeartLoop] Fatal Tick Error: type object 'EmotionTrigger' has no attribute 'SYSTEM_ERROR'
2026-02-06 15:19:56,582 [CRITICAL] [HeartLoop] Fatal Tick Error: type object 'EmotionTrigger' has no attribute 'SYSTEM_ERROR'
2026-02-06 15:19:58,476 [CRITICAL] [HeartLoop] Fatal Tick Error: type object 'EmotionTrigger' has no attribute 'SYSTEM_ERROR'
2026-02-06 15:19:59,167 [CRITICAL] [HeartLoop] Fatal Tick Error: type object 'EmotionTrigger' has no attribute 'SYSTEM_ERROR'
2026-02-06 15:19:59,168 [CRITICAL] [HeartLoop] Fatal Tick Error: type object 'EmotionTrigger' has no attribute 'SYSTEM_ERROR'
2026-02-06 15:19:59,169 [CRITICAL] [HeartLoop] Fatal Tick Error: type object 'EmotionTrigger' has no attribute 'SYSTEM_ERROR'
2026-02-06 15:20:21,700 [CRITICAL] [HeartLoop] Fatal Tick Error: type object 'EmotionTrigger' has no attribute 'SYSTEM_ERROR'
2026-02-06 15:20:41,957 [CRITICAL] [HeartLoop] Fatal Tick Error: type object 'EmotionTrigger' has no attribute 'SYSTEM_ERROR'
2026-02-06 15:20:42,006 [CRITICAL] [HeartLoop] Fatal Tick Error: type object 'EmotionTrigger' has no attribute 'SYSTEM_ERROR'
2026-02-06 15:20:42,007 [CRITICAL] [HeartLoop] Fatal Tick Error: type object 'EmotionTrigger' has no attribute 'SYSTEM_ERROR'
2026-02-06 15:20:42,008 [CRITICAL] [HeartLoop] Fatal Tick Error: type object 'EmotionTrigger' has no attribute 'SYSTEM_ERROR'
2026-02-06 15:20:42,016 [CRITICAL] [HeartLoop] Fatal Tick Error: type object 'EmotionTrigger' has no attribute 'SYSTEM_ERROR'
2026-02-06 15:20:42,016 [CRITICAL] [HeartLoop] Fatal Tick Error: type object 'EmotionTrigger' has no attribute 'SYSTEM_ERROR'
2026-02-06 15:20:49,580 [CRITICAL] [HeartLoop] Fatal Tick Error: type object 'EmotionTrigger' has no attribute 'SYSTEM_ERROR'
2026-02-06 15:21:00,993 [CRITICAL] [HeartLoop] Fatal Tick Error: type object 'EmotionTrigger' has no attribute 'SYSTEM_ERROR'
2026-02-06 15:21:01,048 [CRITICAL] [HeartLoop] Fatal Tick Error: type object 'EmotionTrigger' has no attribute 'SYSTEM_ERROR'
2026-02-06 15:21:01,095 [CRITICAL] [HeartLoop] Fatal Tick Error: type object 'EmotionTrigger' has no attribute 'SYSTEM_ERROR'
2026-02-06 15:21:01,095 [CRITICAL] [HeartLoop] Fatal Tick Error: type object 'EmotionTrigger' has no attribute 'SYSTEM_ERROR'
2026-02-06 15:21:01,097 [CRITICAL] [HeartLoop] Fatal Tick Error: type object 'EmotionTrigger' has no attribute 'SYSTEM_ERROR'
2026-02-06 15:21:01,098 [CRITICAL] [HeartLoop] Fatal Tick Error: type object 'EmotionTrigger' has no attribute 'SYSTEM_ERROR'
2026-02-06 15:21:09,928 [CRITICAL] [HeartLoop] Fatal Tick Error: type object 'EmotionTrigger' has no attribute 'SYSTEM_ERROR'
2026-02-06 15:21:09,960 [CRITICAL] [HeartLoop] Fatal Tick Error: type object 'EmotionTrigger' has no attribute 'SYSTEM_ERROR'
2026-02-06 15:21:09,963 [CRITICAL] [HeartLoop] Fatal Tick Error: type object 'EmotionTrigger' has no attribute 'SYSTEM_ERROR'
2026-02-06 15:21:09,963 [CRITICAL] [HeartLoop] Fatal Tick Error: type object 'EmotionTrigger' has no attribute 'SYSTEM_ERROR'
2026-02-06 15:21:09,972 [CRITICAL] [HeartLoop] Fatal Tick Error: type object 'EmotionTrigger' has no attribute 'SYSTEM_ERROR'
2026-02-06 15:21:09,980 [CRITICAL] [HeartLoop] Fatal Tick Error: type object 'EmotionTrigger' has no attribute 'SYSTEM_ERROR'
2026-02-06 15:21:10,022 [CRITICAL] [HeartLoop] Fatal Tick Error: type object 'EmotionTrigger' has no attribute 'SYSTEM_ERROR'
2026-02-06 15:21:10,024 [CRITICAL] [HeartLoop] Fatal Tick Error: type object 'EmotionTrigger' has no attribute 'SYSTEM_ERROR'
2026-02-06 15:21:10,031 [CRITICAL] [HeartLoop] Fatal Tick Error: type object 'EmotionTrigger' has no attribute 'SYSTEM_ERROR'
2026-02-06 15:21:34,247 [CRITICAL] [HeartLoop] Fatal Tick Error: type object 'EmotionTrigger' has no attribute 'SYSTEM_ERROR'
2026-02-06 15:21:34,298 [CRITICAL] [HeartLoop] Fatal Tick Error: type object 'EmotionTrigger' has no attribute 'SYSTEM_ERROR'
2026-02-06 15:21:34,350 [CRITICAL] [HeartLoop] Fatal Tick Error: type object 'EmotionTrigger' has no attribute 'SYSTEM_ERROR'
2026-02-06 15:21:34,362 [CRITICAL] [HeartLoop] Fatal Tick Error: type object 'EmotionTrigger' has no attribute 'SYSTEM_ERROR'
2026-02-06 15:21:34,362 [CRITICAL] [HeartLoop] Fatal Tick Error: type object 'EmotionTrigger' has no attribute 'SYSTEM_ERROR'
2026-02-06 15:21:34,364 [CRITICAL] [HeartLoop] Fatal Tick Error: type object 'EmotionTrigger' has no attribute 'SYSTEM_ERROR'
2026-02-06 15:21:34,364 [CRITICAL] [HeartLoop] Fatal Tick Error: type object 'EmotionTrigger' has no attribute 'SYSTEM_ERROR'
2026-02-06 15:21:37,026 [CRITICAL] [HeartLoop] Fatal Tick Error: type object 'EmotionTrigger' has no attribute 'SYSTEM_ERROR'
2026-02-06 15:21:49,784 [CRITICAL] [HeartLoop] Fatal Tick Error: type object 'EmotionTrigger' has no attribute 'SYSTEM_ERROR'
2026-02-06 15:21:49,785 [CRITICAL] [HeartLoop] Fatal Tick Error: type object 'EmotionTrigger' has no attribute 'SYSTEM_ERROR'
2026-02-06 15:21:49,788 [CRITICAL] [HeartLoop] Fatal Tick Error: type object 'EmotionTrigger' has no attribute 'SYSTEM_ERROR'
2026-02-06 15:21:49,793 [CRITICAL] [HeartLoop] Fatal Tick Error: type object 'EmotionTrigger' has no attribute 'SYSTEM_ERROR'
2026-02-06 15:21:49,840 [CRITICAL] [HeartLoop] Fatal Tick Error: type object 'EmotionTrigger' has no attribute 'SYSTEM_ERROR'
2026-02-06 15:21:49,840 [CRITICAL] [HeartLoop] Fatal Tick Error: type object 'EmotionTrigger' has no attribute 'SYSTEM_ERROR'
2026-02-06 15:21:49,844 [CRITICAL] [HeartLoop] Fatal Tick Error: type object 'EmotionTrigger' has no attribute 'SYSTEM_ERROR'
2026-02-06 15:22:01,866 [CRITICAL] [HeartLoop] Fatal Tick Error: type object 'EmotionTrigger' has no attribute 'SYSTEM_ERROR'
2026-02-06 15:22:01,873 [CRITICAL] [HeartLoop] Fatal Tick Error: type object 'EmotionTrigger' has no attribute 'SYSTEM_ERROR'
2026-02-06 15:22:02,565 [CRITICAL] [HeartLoop] Fatal Tick Error: type object 'EmotionTrigger' has no attribute 'SYSTEM_ERROR'
2026-02-06 15:22:25,008 [CRITICAL] [HeartLoop] Fatal Tick Error: type object 'EmotionTrigger' has no attribute 'SYSTEM_ERROR'
2026-02-06 15:22:25,016 [CRITICAL] [HeartLoop] Fatal Tick Error: type object 'EmotionTrigger' has no attribute 'SYSTEM_ERROR'
2026-02-06 15:22:25,017 [CRITICAL] [HeartLoop] Fatal Tick Error: type object 'EmotionTrigger' has no attribute 'SYSTEM_ERROR'
2026-02-06 15:22:25,017 [CRITICAL] [HeartLoop] Fatal Tick Error: type object 'EmotionTrigger' has no attribute 'SYSTEM_ERROR'
2026-02-06 15:22:25,018 [CRITICAL] [HeartLoop] Fatal Tick Error: type object 'EmotionTrigger' has no attribute 'SYSTEM_ERROR'
2026-02-06 15:22:25,493 [CRITICAL] [HeartLoop] Fatal Tick Error: type object 'EmotionTrigger' has no attribute 'SYSTEM_ERROR'
2026-02-06 15:22:25,493 [CRITICAL] [HeartLoop] Fatal Tick Error: type object 'EmotionTrigger' has no attribute 'SYSTEM_ERROR'
2026-02-06 15:22:25,493 [CRITICAL] [HeartLoop] Fatal Tick Error: type object 'EmotionTrigger' has no attribute 'SYSTEM_ERROR'
2026-02-06 15:22:25,570 [CRITICAL] [HeartLoop] Fatal Tick Error: type object 'EmotionTrigger' has no attribute 'SYSTEM_ERROR'
2026-02-06 15:22:25,571 [CRITICAL] [HeartLoop] Fatal Tick Error: type object 'EmotionTrigger' has no attribute 'SYSTEM_ERROR'
2026-02-06 15:22:25,571 [CRITICAL] [HeartLoop] Fatal Tick Error: type object 'EmotionTrigger' has no attribute 'SYSTEM_ERROR'
2026-02-06 15:22:25,571 [CRITICAL] [HeartLoop] Fatal Tick Error: type object 'EmotionTrigger' has no attribute 'SYSTEM_ERROR'
2026-02-06 15:22:25,571 [CRITICAL] [HeartLoop] Fatal Tick Error: type object 'EmotionTrigger' has no attribute 'SYSTEM_ERROR'
2026-02-06 15:22:25,964 [CRITICAL] [HeartLoop] Fatal Tick Error: type object 'EmotionTrigger' has no attribute 'SYSTEM_ERROR'
2026-02-06 15:22:25,991 [CRITICAL] [HeartLoop] Fatal Tick Error: type object 'EmotionTrigger' has no attribute 'SYSTEM_ERROR'
2026-02-06 15:22:26,005 [CRITICAL] [HeartLoop] Fatal Tick Error: type object 'EmotionTrigger' has no attribute 'SYSTEM_ERROR'
2026-02-06 15:22:26,008 [CRITICAL] [HeartLoop] Fatal Tick Error: type object 'EmotionTrigger' has no attribute 'SYSTEM_ERROR'
2026-02-06 15:22:32,343 [CRITICAL] [HeartLoop] Fatal Tick Error: type object 'EmotionTrigger' has no attribute 'SYSTEM_ERROR'
2026-02-06 15:22:32,345 [CRITICAL] [HeartLoop] Fatal Tick Error: type object 'EmotionTrigger' has no attribute 'SYSTEM_ERROR'
2026-02-06 15:22:32,345 [CRITICAL] [HeartLoop] Fatal Tick Error: type object 'EmotionTrigger' has no attribute 'SYSTEM_ERROR'
2026-02-06 15:22:32,345 [CRITICAL] [HeartLoop] Fatal Tick Error: type object 'EmotionTrigger' has no attribute 'SYSTEM_ERROR'
2026-02-06 15:22:32,346 [CRITICAL] [HeartLoop] Fatal Tick Error: type object 'EmotionTrigger' has no attribute 'SYSTEM_ERROR'
2026-02-06 15:22:33,714 [CRITICAL] [HeartLoop] Fatal Tick Error: type object 'EmotionTrigger' has no attribute 'SYSTEM_ERROR'
2026-02-06 15:22:33,714 [CRITICAL] [HeartLoop] Fatal Tick Error: type object 'EmotionTrigger' has no attribute 'SYSTEM_ERROR'
2026-02-06 15:22:33,715 [CRITICAL] [HeartLoop] Fatal Tick Error: type object 'EmotionTrigger' has no attribute 'SYSTEM_ERROR'
2026-02-06 15:22:33,716 [CRITICAL] [HeartLoop] Fatal Tick Error: type object 'EmotionTrigger' has no attribute 'SYSTEM_ERROR'
2026-02-06 15:22:33,716 [CRITICAL] [HeartLoop] Fatal Tick Error: type object 'EmotionTrigger' has no attribute 'SYSTEM_ERROR'
2026-02-06 15:22:33,955 [CRITICAL] [HeartLoop] Fatal Tick Error: type object 'EmotionTrigger' has no attribute 'SYSTEM_ERROR'
2026-02-06 15:22:33,957 [CRITICAL] [HeartLoop] Fatal Tick Error: type object 'EmotionTrigger' has no attribute 'SYSTEM_ERROR'
2026-02-06 15:22:33,957 [CRITICAL] [HeartLoop] Fatal Tick Error: type object 'EmotionTrigger' has no attribute 'SYSTEM_ERROR'
2026-02-06 15:22:33,958 [CRITICAL] [HeartLoop] Fatal Tick Error: type object 'EmotionTrigger' has no attribute 'SYSTEM_ERROR'
2026-02-06 15:22:33,958 [CRITICAL] [HeartLoop] Fatal Tick Error: type object 'EmotionTrigger' has no attribute 'SYSTEM_ERROR'
2026-02-06 15:22:34,013 [CRITICAL] [HeartLoop] Fatal Tick Error: type object 'EmotionTrigger' has no attribute 'SYSTEM_ERROR'
2026-02-06 15:22:34,014 [CRITICAL] [HeartLoop] Fatal Tick Error: type object 'EmotionTrigger' has no attribute 'SYSTEM_ERROR'
2026-02-06 15:22:34,014 [CRITICAL] [HeartLoop] Fatal Tick Error: type object 'EmotionTrigger' has no attribute 'SYSTEM_ERROR'
2026-02-06 15:22:34,015 [CRITICAL] [HeartLoop] Fatal Tick Error: type object 'EmotionTrigger' has no attribute 'SYSTEM_ERROR'
2026-02-06 15:22:34,016 [CRITICAL] [HeartLoop] Fatal Tick Error: type object 'EmotionTrigger' has no attribute 'SYSTEM_ERROR'
2026-02-06 15:22:34,094 [CRITICAL] [HeartLoop] Fatal Tick Error: type object 'EmotionTrigger' has no attribute 'SYSTEM_ERROR'
2026-02-06 15:22:34,094 [CRITICAL] [HeartLoop] Fatal Tick Error: type object 'EmotionTrigger' has no attribute 'SYSTEM_ERROR'
2026-02-06 15:22:34,096 [CRITICAL] [HeartLoop] Fatal Tick Error: type object 'EmotionTrigger' has no attribute 'SYSTEM_ERROR'
2026-02-06 15:22:34,096 [CRITICAL] [HeartLoop] Fatal Tick Error: type object 'EmotionTrigger' has no attribute 'SYSTEM_ERROR'
2026-02-06 15:22:34,097 [CRITICAL] [HeartLoop] Fatal Tick Error: type object 'EmotionTrigger' has no attribute 'SYSTEM_ERROR'
2026-02-06 15:22:34,146 [CRITICAL] [HeartLoop] Fatal Tick Error: type object 'EmotionTrigger' has no attribute 'SYSTEM_ERROR'
2026-02-06 15:22:34,146 [CRITICAL] [HeartLoop] Fatal Tick Error: type object 'EmotionTrigger' has no attribute 'SYSTEM_ERROR'
2026-02-06 15:22:34,147 [CRITICAL] [HeartLoop] Fatal Tick Error: type object 'EmotionTrigger' has no attribute 'SYSTEM_ERROR'
2026-02-06 15:22:34,148 [CRITICAL] [HeartLoop] Fatal Tick Error: type object 'EmotionTrigger' has no attribute 'SYSTEM_ERROR'
2026-02-06 15:22:34,149 [CRITICAL] [HeartLoop] Fatal Tick Error: type object 'EmotionTrigger' has no attribute 'SYSTEM_ERROR'
2026-02-06 15:22:34,355 [CRITICAL] [HeartLoop] Fatal Tick Error: type object 'EmotionTrigger' has no attribute 'SYSTEM_ERROR'
2026-02-06 15:22:34,624 [CRITICAL] [HeartLoop] Fatal Tick Error: type object 'EmotionTrigger' has no attribute 'SYSTEM_ERROR'
2026-02-06 15:22:34,675 [CRITICAL] [HeartLoop] Fatal Tick Error: type object 'EmotionTrigger' has no attribute 'SYSTEM_ERROR'
2026-02-06 15:22:34,718 [CRITICAL] [HeartLoop] Fatal Tick Error: type object 'EmotionTrigger' has no attribute 'SYSTEM_ERROR'
2026-02-06 15:22:34,718 [CRITICAL] [HeartLoop] Fatal Tick Error: type object 'EmotionTrigger' has no attribute 'SYSTEM_ERROR'
2026-02-06 15:22:34,719 [CRITICAL] [HeartLoop] Fatal Tick Error: type object 'EmotionTrigger' has no attribute 'SYSTEM_ERROR'
2026-02-06 15:22:34,791 [CRITICAL] [HeartLoop] Fatal Tick Error: type object 'EmotionTrigger' has no attribute 'SYSTEM_ERROR'
2026-02-06 15:22:36,034 [CRITICAL] [HeartLoop] Fatal Tick Error: type object 'EmotionTrigger' has no attribute 'SYSTEM_ERROR'
2026-02-06 15:22:36,035 [CRITICAL] [HeartLoop] Fatal Tick Error: type object 'EmotionTrigger' has no attribute 'SYSTEM_ERROR'
2026-02-06 15:22:36,036 [CRITICAL] [HeartLoop] Fatal Tick Error: type object 'EmotionTrigger' has no attribute 'SYSTEM_ERROR'
2026-02-06 15:22:36,036 [CRITICAL] [HeartLoop] Fatal Tick Error: type object 'EmotionTrigger' has no attribute 'SYSTEM_ERROR'
2026-02-06 15:22:36,086 [CRITICAL] [HeartLoop] Fatal Tick Error: type object 'EmotionTrigger' has no attribute 'SYSTEM_ERROR'
2026-02-06 15:22:36,086 [CRITICAL] [HeartLoop] Fatal Tick Error: type object 'EmotionTrigger' has no attribute 'SYSTEM_ERROR'
2026-02-06 15:22:36,088 [CRITICAL] [HeartLoop] Fatal Tick Error: type object 'EmotionTrigger' has no attribute 'SYSTEM_ERROR'
2026-02-06 15:22:36,088 [CRITICAL] [HeartLoop] Fatal Tick Error: type object 'EmotionTrigger' has no attribute 'SYSTEM_ERROR'
2026-02-06 15:22:36,137 [CRITICAL] [HeartLoop] Fatal Tick Error: type object 'EmotionTrigger' has no attribute 'SYSTEM_ERROR'
2026-02-06 15:22:36,140 [CRITICAL] [HeartLoop] Fatal Tick Error: type object 'EmotionTrigger' has no attribute 'SYSTEM_ERROR'
2026-02-06 15:22:36,351 [CRITICAL] [HeartLoop] Fatal Tick Error: type object 'EmotionTrigger' has no attribute 'SYSTEM_ERROR'
2026-02-06 15:22:36,352 [CRITICAL] [HeartLoop] Fatal Tick Error: type object 'EmotionTrigger' has no attribute 'SYSTEM_ERROR'
2026-02-06 15:22:36,353 [CRITICAL] [HeartLoop] Fatal Tick Error: type object 'EmotionTrigger' has no attribute 'SYSTEM_ERROR'
2026-02-06 15:22:36,353 [CRITICAL] [HeartLoop] Fatal Tick Error: type object 'EmotionTrigger' has no attribute 'SYSTEM_ERROR'
2026-02-06 15:22:36,403 [CRITICAL] [HeartLoop] Fatal Tick Error: type object 'EmotionTrigger' has no attribute 'SYSTEM_ERROR'
2026-02-06 15:22:36,404 [CRITICAL] [HeartLoop] Fatal Tick Error: type object 'EmotionTrigger' has no attribute 'SYSTEM_ERROR'
2026-02-06 15:22:36,404 [CRITICAL] [HeartLoop] Fatal Tick Error: type object 'EmotionTrigger' has no attribute 'SYSTEM_ERROR'
2026-02-06 15:22:36,405 [CRITICAL] [HeartLoop] Fatal Tick Error: type object 'EmotionTrigger' has no attribute 'SYSTEM_ERROR'
2026-02-06 15:22:36,454 [CRITICAL] [HeartLoop] Fatal Tick Error: type object 'EmotionTrigger' has no attribute 'SYSTEM_ERROR'
2026-02-06 15:22:36,456 [CRITICAL] [HeartLoop] Fatal Tick Error: type object 'EmotionTrigger' has no attribute 'SYSTEM_ERROR'
2026-02-06 15:22:36,456 [CRITICAL] [HeartLoop] Fatal Tick Error: type object 'EmotionTrigger' has no attribute 'SYSTEM_ERROR'
2026-02-06 15:22:36,456 [CRITICAL] [HeartLoop] Fatal Tick Error: type object 'EmotionTrigger' has no attribute 'SYSTEM_ERROR'
2026-02-06 15:22:36,510 [CRITICAL] [HeartLoop] Fatal Tick Error: type object 'EmotionTrigger' has no attribute 'SYSTEM_ERROR'
2026-02-06 15:22:36,510 [CRITICAL] [HeartLoop] Fatal Tick Error: type object 'EmotionTrigger' has no attribute 'SYSTEM_ERROR'
2026-02-06 15:22:36,511 [CRITICAL] [HeartLoop] Fatal Tick Error: type object 'EmotionTrigger' has no attribute 'SYSTEM_ERROR'
2026-02-06 15:22:36,511 [CRITICAL] [HeartLoop] Fatal Tick Error: type object 'EmotionTrigger' has no attribute 'SYSTEM_ERROR'
2026-02-06 15:22:36,562 [CRITICAL] [HeartLoop] Fatal Tick Error: type object 'EmotionTrigger' has no attribute 'SYSTEM_ERROR'
2026-02-06 15:22:36,563 [CRITICAL] [HeartLoop] Fatal Tick Error: type object 'EmotionTrigger' has no attribute 'SYSTEM_ERROR'
2026-02-06 15:22:37,075 [CRITICAL] [HeartLoop] Fatal Tick Error: type object 'EmotionTrigger' has no attribute 'SYSTEM_ERROR'
2026-02-06 15:22:37,079 [CRITICAL] [HeartLoop] Fatal Tick Error: type object 'EmotionTrigger' has no attribute 'SYSTEM_ERROR'
2026-02-06 15:22:37,081 [CRITICAL] [HeartLoop] Fatal Tick Error: type object 'EmotionTrigger' has no attribute 'SYSTEM_ERROR'
2026-02-06 15:22:37,081 [CRITICAL] [HeartLoop] Fatal Tick Error: type object 'EmotionTrigger' has no attribute 'SYSTEM_ERROR'
2026-02-06 15:22:37,662 [CRITICAL] [HeartLoop] Fatal Tick Error: type object 'EmotionTrigger' has no attribute 'SYSTEM_ERROR'
2026-02-06 15:22:45,289 [CRITICAL] [HeartLoop] Fatal Tick Error: type object 'EmotionTrigger' has no attribute 'SYSTEM_ERROR'
2026-02-06 15:22:45,499 [CRITICAL] [HeartLoop] Fatal Tick Error: type object 'EmotionTrigger' has no attribute 'SYSTEM_ERROR'
2026-02-06 15:22:45,505 [CRITICAL] [HeartLoop] Fatal Tick Error: type object 'EmotionTrigger' has no attribute 'SYSTEM_ERROR'
2026-02-06 15:22:45,510 [CRITICAL] [HeartLoop] Fatal Tick Error: type object 'EmotionTrigger' has no attribute 'SYSTEM_ERROR'
2026-02-06 15:22:45,517 [CRITICAL] [HeartLoop] Fatal Tick Error: type object 'EmotionTrigger' has no attribute 'SYSTEM_ERROR'
2026-02-06 15:23:06,080 [CRITICAL] [HeartLoop] Fatal Tick Error: type object 'EmotionTrigger' has no attribute 'SYSTEM_ERROR'
2026-02-06 15:23:06,081 [CRITICAL] [HeartLoop] Fatal Tick Error: type object 'EmotionTrigger' has no attribute 'SYSTEM_ERROR'
2026-02-06 15:23:06,081 [CRITICAL] [HeartLoop] Fatal Tick Error: type object 'EmotionTrigger' has no attribute 'SYSTEM_ERROR'
2026-02-06 15:23:06,082 [CRITICAL] [HeartLoop] Fatal Tick Error: type object 'EmotionTrigger' has no attribute 'SYSTEM_ERROR'
2026-02-06 15:23:07,175 [CRITICAL] [HeartLoop] Fatal Tick Error: type object 'EmotionTrigger' has no attribute 'SYSTEM_ERROR'
2026-02-06 15:23:07,175 [CRITICAL] [HeartLoop] Fatal Tick Error: type object 'EmotionTrigger' has no attribute 'SYSTEM_ERROR'
2026-02-06 15:23:07,176 [CRITICAL] [HeartLoop] Fatal Tick Error: type object 'EmotionTrigger' has no attribute 'SYSTEM_ERROR'
2026-02-06 15:23:07,177 [CRITICAL] [HeartLoop] Fatal Tick Error: type object 'EmotionTrigger' has no attribute 'SYSTEM_ERROR'
2026-02-06 15:23:08,296 [CRITICAL] [HeartLoop] Fatal Tick Error: type object 'EmotionTrigger' has no attribute 'SYSTEM_ERROR'
2026-02-06 15:23:08,315 [CRITICAL] [HeartLoop] Fatal Tick Error: type object 'EmotionTrigger' has no attribute 'SYSTEM_ERROR'
2026-02-06 15:23:08,321 [CRITICAL] [HeartLoop] Fatal Tick Error: type object 'EmotionTrigger' has no attribute 'SYSTEM_ERROR'
2026-02-06 15:23:08,329 [CRITICAL] [HeartLoop] Fatal Tick Error: type object 'EmotionTrigger' has no attribute 'SYSTEM_ERROR'
2026-02-06 15:23:08,347 [CRITICAL] [HeartLoop] Fatal Tick Error: type object 'EmotionTrigger' has no attribute 'SYSTEM_ERROR'
2026-02-06 15:23:20,135 [CRITICAL] [HeartLoop] Fatal Tick Error: type object 'EmotionTrigger' has no attribute 'SYSTEM_ERROR'
2026-02-06 15:23:20,141 [CRITICAL] [HeartLoop] Fatal Tick Error: type object 'EmotionTrigger' has no attribute 'SYSTEM_ERROR'
2026-02-06 15:23:22,308 [CRITICAL] [HeartLoop] Fatal Tick Error: type object 'EmotionTrigger' has no attribute 'SYSTEM_ERROR'
2026-02-06 15:23:22,314 [CRITICAL] [HeartLoop] Fatal Tick Error: type object 'EmotionTrigger' has no attribute 'SYSTEM_ERROR'
2026-02-06 15:23:22,316 [CRITICAL] [HeartLoop] Fatal Tick Error: type object 'EmotionTrigger' has no attribute 'SYSTEM_ERROR'
2026-02-06 15:23:22,317 [CRITICAL] [HeartLoop] Fatal Tick Error: type object 'EmotionTrigger' has no attribute 'SYSTEM_ERROR'
2026-02-06 15:23:22,367 [CRITICAL] [HeartLoop] Fatal Tick Error: type object 'EmotionTrigger' has no attribute 'SYSTEM_ERROR'
2026-02-06 15:23:22,370 [CRITICAL] [HeartLoop] Fatal Tick Error: type object 'EmotionTrigger' has no attribute 'SYSTEM_ERROR'
2026-02-06 15:23:22,418 [CRITICAL] [HeartLoop] Fatal Tick Error: type object 'EmotionTrigger' has no attribute 'SYSTEM_ERROR'
2026-02-06 15:23:22,421 [CRITICAL] [HeartLoop] Fatal Tick Error: type object 'EmotionTrigger' has no attribute 'SYSTEM_ERROR'
2026-02-06 15:23:22,422 [CRITICAL] [HeartLoop] Fatal Tick Error: type object 'EmotionTrigger' has no attribute 'SYSTEM_ERROR'
2026-02-06 15:23:23,522 [CRITICAL] [HeartLoop] Fatal Tick Error: type object 'EmotionTrigger' has no attribute 'SYSTEM_ERROR'
2026-02-06 15:23:29,491 [CRITICAL] [HeartLoop] Fatal Tick Error: type object 'EmotionTrigger' has no attribute 'SYSTEM_ERROR'
2026-02-06 15:23:30,426 [CRITICAL] [HeartLoop] Fatal Tick Error: type object 'EmotionTrigger' has no attribute 'SYSTEM_ERROR'
2026-02-06 15:23:30,435 [CRITICAL] [HeartLoop] Fatal Tick Error: type object 'EmotionTrigger' has no attribute 'SYSTEM_ERROR'
2026-02-06 15:23:30,436 [CRITICAL] [HeartLoop] Fatal Tick Error: type object 'EmotionTrigger' has no attribute 'SYSTEM_ERROR'
2026-02-06 15:23:30,877 [INFO] Registered component for monitoring: HeartLoop
2026-02-06 15:23:31,310 [INFO] Imported existing <module 'comtypes.gen' from 'C:\\Users\\Administrator\\Documents\\THESE ARE MY PROJECTS\\BRIM AI\\.venv\\Lib\\site-packages\\comtypes\\gen\\__init__.py'>
2026-02-06 15:23:31,310 [INFO] Using writeable comtypes cache directory: 'C:\Users\Administrator\Documents\THESE ARE MY PROJECTS\BRIM AI\.venv\Lib\site-packages\comtypes\gen'
2026-02-06 15:23:32,706 [INFO] Registered component for monitoring: VoiceEngine
2026-02-06 15:23:34,331 [CRITICAL] [HeartLoop] Fatal Tick Error: type object 'EmotionTrigger' has no attribute 'SYSTEM_ERROR'
2026-02-06 15:23:34,386 [CRITICAL] [HeartLoop] Fatal Tick Error: type object 'EmotionTrigger' has no attribute 'SYSTEM_ERROR'
2026-02-06 15:23:34,418 [CRITICAL] [HeartLoop] Fatal Tick Error: type object 'EmotionTrigger' has no attribute 'SYSTEM_ERROR'
2026-02-06 15:23:34,421 [CRITICAL] [HeartLoop] Fatal Tick Error: type object 'EmotionTrigger' has no attribute 'SYSTEM_ERROR'
2026-02-06 15:23:34,421 [CRITICAL] [HeartLoop] Fatal Tick Error: type object 'EmotionTrigger' has no attribute 'SYSTEM_ERROR'
2026-02-06 15:23:34,423 [CRITICAL] [HeartLoop] Fatal Tick Error: type object 'EmotionTrigger' has no attribute 'SYSTEM_ERROR'
2026-02-06 15:23:37,277 [CRITICAL] [HeartLoop] Fatal Tick Error: type object 'EmotionTrigger' has no attribute 'SYSTEM_ERROR'
2026-02-06 15:23:39,604 [CRITICAL] [HeartLoop] Fatal Tick Error: type object 'EmotionTrigger' has no attribute 'SYSTEM_ERROR'
2026-02-06 15:23:39,656 [CRITICAL] [HeartLoop] Fatal Tick Error: type object 'EmotionTrigger' has no attribute 'SYSTEM_ERROR'
2026-02-06 15:23:39,662 [CRITICAL] [HeartLoop] Fatal Tick Error: type object 'EmotionTrigger' has no attribute 'SYSTEM_ERROR'
2026-02-06 15:23:39,721 [CRITICAL] [HeartLoop] Fatal Tick Error: type object 'EmotionTrigger' has no attribute 'SYSTEM_ERROR'
2026-02-06 15:23:39,723 [CRITICAL] [HeartLoop] Fatal Tick Error: type object 'EmotionTrigger' has no attribute 'SYSTEM_ERROR'
2026-02-06 15:23:39,723 [CRITICAL] [HeartLoop] Fatal Tick Error: type object 'EmotionTrigger' has no attribute 'SYSTEM_ERROR'
2026-02-06 15:23:41,045 [CRITICAL] [HeartLoop] Fatal Tick Error: type object 'EmotionTrigger' has no attribute 'SYSTEM_ERROR'
2026-02-06 15:23:41,097 [CRITICAL] [HeartLoop] Fatal Tick Error: type object 'EmotionTrigger' has no attribute 'SYSTEM_ERROR'
2026-02-06 15:23:41,174 [CRITICAL] [HeartLoop] Fatal Tick Error: type object 'EmotionTrigger' has no attribute 'SYSTEM_ERROR'
2026-02-06 15:23:41,174 [CRITICAL] [HeartLoop] Fatal Tick Error: type object 'EmotionTrigger' has no attribute 'SYSTEM_ERROR'
2026-02-06 15:23:41,174 [CRITICAL] [HeartLoop] Fatal Tick Error: type object 'EmotionTrigger' has no attribute 'SYSTEM_ERROR'
2026-02-06 15:23:41,175 [CRITICAL] [HeartLoop] Fatal Tick Error: type object 'EmotionTrigger' has no attribute 'SYSTEM_ERROR'
2026-02-06 15:23:41,244 [CRITICAL] [HeartLoop] Fatal Tick Error: type object 'EmotionTrigger' has no attribute 'SYSTEM_ERROR'
2026-02-06 15:23:41,327 [CRITICAL] [HeartLoop] Fatal Tick Error: type object 'EmotionTrigger' has no attribute 'SYSTEM_ERROR'
2026-02-06 15:23:41,565 [CRITICAL] [HeartLoop] Fatal Tick Error: type object 'EmotionTrigger' has no attribute 'SYSTEM_ERROR'
2026-02-06 15:23:41,567 [CRITICAL] [HeartLoop] Fatal Tick Error: type object 'EmotionTrigger' has no attribute 'SYSTEM_ERROR'
2026-02-06 15:23:41,567 [CRITICAL] [HeartLoop] Fatal Tick Error: type object 'EmotionTrigger' has no attribute 'SYSTEM_ERROR'
2026-02-06 15:23:41,568 [CRITICAL] [HeartLoop] Fatal Tick Error: type object 'EmotionTrigger' has no attribute 'SYSTEM_ERROR'
2026-02-06 15:23:41,568 [CRITICAL] [HeartLoop] Fatal Tick Error: type object 'EmotionTrigger' has no attribute 'SYSTEM_ERROR'
2026-02-06 15:23:41,629 [CRITICAL] [HeartLoop] Fatal Tick Error: type object 'EmotionTrigger' has no attribute 'SYSTEM_ERROR'
2026-02-06 15:23:41,630 [CRITICAL] [HeartLoop] Fatal Tick Error: type object 'EmotionTrigger' has no attribute 'SYSTEM_ERROR'
2026-02-06 15:23:41,630 [CRITICAL] [HeartLoop] Fatal Tick Error: type object 'EmotionTrigger' has no attribute 'SYSTEM_ERROR'
2026-02-06 15:23:44,496 [CRITICAL] [HeartLoop] Fatal Tick Error: type object 'EmotionTrigger' has no attribute 'SYSTEM_ERROR'
2026-02-06 15:23:48,647 [CRITICAL] [HeartLoop] Fatal Tick Error: type object 'EmotionTrigger' has no attribute 'SYSTEM_ERROR'
2026-02-06 15:23:59,299 [CRITICAL] [HeartLoop] Fatal Tick Error: type object 'EmotionTrigger' has no attribute 'SYSTEM_ERROR'
2026-02-06 15:24:02,933 [CRITICAL] [HeartLoop] Fatal Tick Error: type object 'EmotionTrigger' has no attribute 'SYSTEM_ERROR'
2026-02-06 15:24:02,934 [CRITICAL] [HeartLoop] Fatal Tick Error: type object 'EmotionTrigger' has no attribute 'SYSTEM_ERROR'
2026-02-06 15:24:02,943 [CRITICAL] [HeartLoop] Fatal Tick Error: type object 'EmotionTrigger' has no attribute 'SYSTEM_ERROR'
2026-02-06 15:24:02,947 [CRITICAL] [HeartLoop] Fatal Tick Error: type object 'EmotionTrigger' has no attribute 'SYSTEM_ERROR'
2026-02-06 15:24:02,955 [CRITICAL] [HeartLoop] Fatal Tick Error: type object 'EmotionTrigger' has no attribute 'SYSTEM_ERROR'
2026-02-06 15:24:23,476 [CRITICAL] [HeartLoop] Fatal Tick Error: type object 'EmotionTrigger' has no attribute 'SYSTEM_ERROR'
2026-02-06 15:24:23,993 [CRITICAL] [HeartLoop] Fatal Tick Error: type object 'EmotionTrigger' has no attribute 'SYSTEM_ERROR'
2026-02-06 15:24:24,039 [CRITICAL] [HeartLoop] Fatal Tick Error: type object 'EmotionTrigger' has no attribute 'SYSTEM_ERROR'
2026-02-06 15:24:24,044 [CRITICAL] [HeartLoop] Fatal Tick Error: type object 'EmotionTrigger' has no attribute 'SYSTEM_ERROR'
2026-02-06 15:24:24,072 [CRITICAL] [HeartLoop] Fatal Tick Error: type object 'EmotionTrigger' has no attribute 'SYSTEM_ERROR'
2026-02-06 15:24:24,073 [CRITICAL] [HeartLoop] Fatal Tick Error: type object 'EmotionTrigger' has no attribute 'SYSTEM_ERROR'
2026-02-06 15:24:24,074 [CRITICAL] [HeartLoop] Fatal Tick Error: type object 'EmotionTrigger' has no attribute 'SYSTEM_ERROR'
2026-02-06 15:24:24,090 [CRITICAL] [HeartLoop] Fatal Tick Error: type object 'EmotionTrigger' has no attribute 'SYSTEM_ERROR'
2026-02-06 15:24:24,095 [CRITICAL] [HeartLoop] Fatal Tick Error: type object 'EmotionTrigger' has no attribute 'SYSTEM_ERROR'
2026-02-06 15:24:24,123 [CRITICAL] [HeartLoop] Fatal Tick Error: type object 'EmotionTrigger' has no attribute 'SYSTEM_ERROR'
2026-02-06 15:24:25,241 [CRITICAL] [HeartLoop] Fatal Tick Error: type object 'EmotionTrigger' has no attribute 'SYSTEM_ERROR'
2026-02-06 15:24:25,241 [CRITICAL] [HeartLoop] Fatal Tick Error: type object 'EmotionTrigger' has no attribute 'SYSTEM_ERROR'
2026-02-06 15:24:25,241 [CRITICAL] [HeartLoop] Fatal Tick Error: type object 'EmotionTrigger' has no attribute 'SYSTEM_ERROR'
2026-02-06 15:24:25,242 [CRITICAL] [HeartLoop] Fatal Tick Error: type object 'EmotionTrigger' has no attribute 'SYSTEM_ERROR'
2026-02-06 15:24:25,252 [CRITICAL] [HeartLoop] Fatal Tick Error: type object 'EmotionTrigger' has no attribute 'SYSTEM_ERROR'
2026-02-06 15:24:25,303 [CRITICAL] [HeartLoop] Fatal Tick Error: type object 'EmotionTrigger' has no attribute 'SYSTEM_ERROR'
2026-02-06 15:24:25,303 [CRITICAL] [HeartLoop] Fatal Tick Error: type object 'EmotionTrigger' has no attribute 'SYSTEM_ERROR'
2026-02-06 15:24:25,304 [CRITICAL] [HeartLoop] Fatal Tick Error: type object 'EmotionTrigger' has no attribute 'SYSTEM_ERROR'
2026-02-06 15:24:25,354 [CRITICAL] [HeartLoop] Fatal Tick Error: type object 'EmotionTrigger' has no attribute 'SYSTEM_ERROR'
2026-02-06 15:24:25,354 [CRITICAL] [HeartLoop] Fatal Tick Error: type object 'EmotionTrigger' has no attribute 'SYSTEM_ERROR'
2026-02-06 15:24:25,355 [CRITICAL] [HeartLoop] Fatal Tick Error: type object 'EmotionTrigger' has no attribute 'SYSTEM_ERROR'
2026-02-06 15:24:25,628 [CRITICAL] [HeartLoop] Fatal Tick Error: type object 'EmotionTrigger' has no attribute 'SYSTEM_ERROR'
2026-02-06 15:24:25,631 [CRITICAL] [HeartLoop] Fatal Tick Error: type object 'EmotionTrigger' has no attribute 'SYSTEM_ERROR'
2026-02-06 15:24:25,632 [CRITICAL] [HeartLoop] Fatal Tick Error: type object 'EmotionTrigger' has no attribute 'SYSTEM_ERROR'
2026-02-06 15:24:25,632 [CRITICAL] [HeartLoop] Fatal Tick Error: type object 'EmotionTrigger' has no attribute 'SYSTEM_ERROR'
2026-02-06 15:24:25,669 [CRITICAL] [HeartLoop] Fatal Tick Error: type object 'EmotionTrigger' has no attribute 'SYSTEM_ERROR'
2026-02-06 15:24:25,684 [CRITICAL] [HeartLoop] Fatal Tick Error: type object 'EmotionTrigger' has no attribute 'SYSTEM_ERROR'
2026-02-06 15:24:25,684 [CRITICAL] [HeartLoop] Fatal Tick Error: type object 'EmotionTrigger' has no attribute 'SYSTEM_ERROR'
2026-02-06 15:24:25,684 [CRITICAL] [HeartLoop] Fatal Tick Error: type object 'EmotionTrigger' has no attribute 'SYSTEM_ERROR'
2026-02-06 15:24:25,884 [CRITICAL] [HeartLoop] Fatal Tick Error: type object 'EmotionTrigger' has no attribute 'SYSTEM_ERROR'
2026-02-06 15:24:25,912 [CRITICAL] [HeartLoop] Fatal Tick Error: type object 'EmotionTrigger' has no attribute 'SYSTEM_ERROR'
2026-02-06 15:24:25,935 [CRITICAL] [HeartLoop] Fatal Tick Error: type object 'EmotionTrigger' has no attribute 'SYSTEM_ERROR'
2026-02-06 15:24:25,955 [CRITICAL] [HeartLoop] Fatal Tick Error: type object 'EmotionTrigger' has no attribute 'SYSTEM_ERROR'
2026-02-06 15:24:25,963 [CRITICAL] [HeartLoop] Fatal Tick Error: type object 'EmotionTrigger' has no attribute 'SYSTEM_ERROR'
2026-02-06 15:24:25,963 [CRITICAL] [HeartLoop] Fatal Tick Error: type object 'EmotionTrigger' has no attribute 'SYSTEM_ERROR'
2026-02-06 15:24:27,035 [CRITICAL] [HeartLoop] Fatal Tick Error: type object 'EmotionTrigger' has no attribute 'SYSTEM_ERROR'
2026-02-06 15:24:27,035 [CRITICAL] [HeartLoop] Fatal Tick Error: type object 'EmotionTrigger' has no attribute 'SYSTEM_ERROR'
2026-02-06 15:24:27,052 [CRITICAL] [HeartLoop] Fatal Tick Error: type object 'EmotionTrigger' has no attribute 'SYSTEM_ERROR'
2026-02-06 15:24:36,792 [CRITICAL] [HeartLoop] Fatal Tick Error: type object 'EmotionTrigger' has no attribute 'SYSTEM_ERROR'
2026-02-06 15:24:36,818 [CRITICAL] [HeartLoop] Fatal Tick Error: type object 'EmotionTrigger' has no attribute 'SYSTEM_ERROR'
2026-02-06 15:24:36,819 [CRITICAL] [HeartLoop] Fatal Tick Error: type object 'EmotionTrigger' has no attribute 'SYSTEM_ERROR'
2026-02-06 15:24:36,823 [CRITICAL] [HeartLoop] Fatal Tick Error: type object 'EmotionTrigger' has no attribute 'SYSTEM_ERROR'
2026-02-06 15:24:36,824 [CRITICAL] [HeartLoop] Fatal Tick Error: type object 'EmotionTrigger' has no attribute 'SYSTEM_ERROR'
2026-02-06 15:24:36,845 [CRITICAL] [HeartLoop] Fatal Tick Error: type object 'EmotionTrigger' has no attribute 'SYSTEM_ERROR'
2026-02-06 15:24:36,871 [CRITICAL] [HeartLoop] Fatal Tick Error: type object 'EmotionTrigger' has no attribute 'SYSTEM_ERROR'
2026-02-06 15:24:36,872 [CRITICAL] [HeartLoop] Fatal Tick Error: type object 'EmotionTrigger' has no attribute 'SYSTEM_ERROR'
2026-02-06 15:24:36,875 [CRITICAL] [HeartLoop] Fatal Tick Error: type object 'EmotionTrigger' has no attribute 'SYSTEM_ERROR'
2026-02-06 15:24:36,897 [CRITICAL] [HeartLoop] Fatal Tick Error: type object 'EmotionTrigger' has no attribute 'SYSTEM_ERROR'
2026-02-06 15:24:37,098 [CRITICAL] [HeartLoop] Fatal Tick Error: type object 'EmotionTrigger' has no attribute 'SYSTEM_ERROR'
2026-02-06 15:24:37,108 [CRITICAL] [HeartLoop] Fatal Tick Error: type object 'EmotionTrigger' has no attribute 'SYSTEM_ERROR'
2026-02-06 15:24:37,111 [CRITICAL] [HeartLoop] Fatal Tick Error: type object 'EmotionTrigger' has no attribute 'SYSTEM_ERROR'
2026-02-06 15:24:37,114 [CRITICAL] [HeartLoop] Fatal Tick Error: type object 'EmotionTrigger' has no attribute 'SYSTEM_ERROR'
2026-02-06 15:24:37,116 [CRITICAL] [HeartLoop] Fatal Tick Error: type object 'EmotionTrigger' has no attribute 'SYSTEM_ERROR'
2026-02-06 15:24:37,341 [CRITICAL] [HeartLoop] Fatal Tick Error: type object 'EmotionTrigger' has no attribute 'SYSTEM_ERROR'
2026-02-06 15:24:37,344 [CRITICAL] [HeartLoop] Fatal Tick Error: type object 'EmotionTrigger' has no attribute 'SYSTEM_ERROR'
2026-02-06 15:24:37,352 [CRITICAL] [HeartLoop] Fatal Tick Error: type object 'EmotionTrigger' has no attribute 'SYSTEM_ERROR'
2026-02-06 15:24:37,352 [CRITICAL] [HeartLoop] Fatal Tick Error: type object 'EmotionTrigger' has no attribute 'SYSTEM_ERROR'
2026-02-06 15:24:37,360 [CRITICAL] [HeartLoop] Fatal Tick Error: type object 'EmotionTrigger' has no attribute 'SYSTEM_ERROR'
2026-02-06 15:24:37,393 [CRITICAL] [HeartLoop] Fatal Tick Error: type object 'EmotionTrigger' has no attribute 'SYSTEM_ERROR'
2026-02-06 15:24:37,395 [CRITICAL] [HeartLoop] Fatal Tick Error: type object 'EmotionTrigger' has no attribute 'SYSTEM_ERROR'
2026-02-06 15:24:37,446 [CRITICAL] [HeartLoop] Fatal Tick Error: type object 'EmotionTrigger' has no attribute 'SYSTEM_ERROR'
2026-02-06 15:24:37,450 [CRITICAL] [HeartLoop] Fatal Tick Error: type object 'EmotionTrigger' has no attribute 'SYSTEM_ERROR'
2026-02-06 15:24:37,498 [CRITICAL] [HeartLoop] Fatal Tick Error: type object 'EmotionTrigger' has no attribute 'SYSTEM_ERROR'
2026-02-06 15:24:37,501 [CRITICAL] [HeartLoop] Fatal Tick Error: type object 'EmotionTrigger' has no attribute 'SYSTEM_ERROR'
2026-02-06 15:24:50,407 [CRITICAL] [HeartLoop] Fatal Tick Error: type object 'EmotionTrigger' has no attribute 'SYSTEM_ERROR'
2026-02-06 15:24:50,487 [CRITICAL] [HeartLoop] Fatal Tick Error: type object 'EmotionTrigger' has no attribute 'SYSTEM_ERROR'
2026-02-06 15:24:50,755 [CRITICAL] [HeartLoop] Fatal Tick Error: type object 'EmotionTrigger' has no attribute 'SYSTEM_ERROR'
2026-02-06 15:24:50,756 [CRITICAL] [HeartLoop] Fatal Tick Error: type object 'EmotionTrigger' has no attribute 'SYSTEM_ERROR'
2026-02-06 15:24:50,756 [CRITICAL] [HeartLoop] Fatal Tick Error: type object 'EmotionTrigger' has no attribute 'SYSTEM_ERROR'
2026-02-06 15:24:50,756 [CRITICAL] [HeartLoop] Fatal Tick Error: type object 'EmotionTrigger' has no attribute 'SYSTEM_ERROR'
2026-02-06 15:24:50,807 [CRITICAL] [HeartLoop] Fatal Tick Error: type object 'EmotionTrigger' has no attribute 'SYSTEM_ERROR'
2026-02-06 15:24:50,807 [CRITICAL] [HeartLoop] Fatal Tick Error: type object 'EmotionTrigger' has no attribute 'SYSTEM_ERROR'
2026-02-06 15:24:50,807 [CRITICAL] [HeartLoop] Fatal Tick Error: type object 'EmotionTrigger' has no attribute 'SYSTEM_ERROR'
2026-02-06 15:24:50,808 [CRITICAL] [HeartLoop] Fatal Tick Error: type object 'EmotionTrigger' has no attribute 'SYSTEM_ERROR'
2026-02-06 15:24:50,858 [CRITICAL] [HeartLoop] Fatal Tick Error: type object 'EmotionTrigger' has no attribute 'SYSTEM_ERROR'
2026-02-06 15:24:50,859 [CRITICAL] [HeartLoop] Fatal Tick Error: type object 'EmotionTrigger' has no attribute 'SYSTEM_ERROR'
2026-02-06 15:24:50,860 [CRITICAL] [HeartLoop] Fatal Tick Error: type object 'EmotionTrigger' has no attribute 'SYSTEM_ERROR'
2026-02-06 15:24:55,143 [CRITICAL] [HeartLoop] Fatal Tick Error: type object 'EmotionTrigger' has no attribute 'SYSTEM_ERROR'
2026-02-06 15:24:55,191 [CRITICAL] [HeartLoop] Fatal Tick Error: type object 'EmotionTrigger' has no attribute 'SYSTEM_ERROR'
2026-02-06 15:24:55,200 [CRITICAL] [HeartLoop] Fatal Tick Error: type object 'EmotionTrigger' has no attribute 'SYSTEM_ERROR'
2026-02-06 15:24:55,201 [CRITICAL] [HeartLoop] Fatal Tick Error: type object 'EmotionTrigger' has no attribute 'SYSTEM_ERROR'
2026-02-06 15:24:55,201 [CRITICAL] [HeartLoop] Fatal Tick Error: type object 'EmotionTrigger' has no attribute 'SYSTEM_ERROR'
2026-02-06 15:24:55,251 [CRITICAL] [HeartLoop] Fatal Tick Error: type object 'EmotionTrigger' has no attribute 'SYSTEM_ERROR'
2026-02-06 15:24:55,252 [CRITICAL] [HeartLoop] Fatal Tick Error: type object 'EmotionTrigger' has no attribute 'SYSTEM_ERROR'
2026-02-06 15:24:55,253 [CRITICAL] [HeartLoop] Fatal Tick Error: type object 'EmotionTrigger' has no attribute 'SYSTEM_ERROR'
2026-02-06 15:24:55,262 [CRITICAL] [HeartLoop] Fatal Tick Error: type object 'EmotionTrigger' has no attribute 'SYSTEM_ERROR'
2026-02-06 15:24:59,130 [CRITICAL] [HeartLoop] Fatal Tick Error: type object 'EmotionTrigger' has no attribute 'SYSTEM_ERROR'
2026-02-06 15:25:02,483 [CRITICAL] [HeartLoop] Fatal Tick Error: type object 'EmotionTrigger' has no attribute 'SYSTEM_ERROR'
2026-02-06 15:25:02,485 [CRITICAL] [HeartLoop] Fatal Tick Error: type object 'EmotionTrigger' has no attribute 'SYSTEM_ERROR'
2026-02-06 15:25:02,487 [CRITICAL] [HeartLoop] Fatal Tick Error: type object 'EmotionTrigger' has no attribute 'SYSTEM_ERROR'
2026-02-06 15:25:02,488 [CRITICAL] [HeartLoop] Fatal Tick Error: type object 'EmotionTrigger' has no attribute 'SYSTEM_ERROR'
2026-02-06 15:25:02,488 [CRITICAL] [HeartLoop] Fatal Tick Error: type object 'EmotionTrigger' has no attribute 'SYSTEM_ERROR'
2026-02-06 15:25:02,907 [CRITICAL] [HeartLoop] Fatal Tick Error: type object 'EmotionTrigger' has no attribute 'SYSTEM_ERROR'
2026-02-06 15:25:02,938 [CRITICAL] [HeartLoop] Fatal Tick Error: type object 'EmotionTrigger' has no attribute 'SYSTEM_ERROR'
2026-02-06 15:25:02,940 [CRITICAL] [HeartLoop] Fatal Tick Error: type object 'EmotionTrigger' has no attribute 'SYSTEM_ERROR'
2026-02-06 15:25:02,944 [CRITICAL] [HeartLoop] Fatal Tick Error: type object 'EmotionTrigger' has no attribute 'SYSTEM_ERROR'
2026-02-06 15:25:02,991 [CRITICAL] [HeartLoop] Fatal Tick Error: type object 'EmotionTrigger' has no attribute 'SYSTEM_ERROR'
2026-02-06 15:25:02,995 [CRITICAL] [HeartLoop] Fatal Tick Error: type object 'EmotionTrigger' has no attribute 'SYSTEM_ERROR'
2026-02-06 15:25:03,045 [CRITICAL] [HeartLoop] Fatal Tick Error: type object 'EmotionTrigger' has no attribute 'SYSTEM_ERROR'
2026-02-06 15:25:03,048 [CRITICAL] [HeartLoop] Fatal Tick Error: type object 'EmotionTrigger' has no attribute 'SYSTEM_ERROR'
2026-02-06 15:25:03,054 [CRITICAL] [HeartLoop] Fatal Tick Error: type object 'EmotionTrigger' has no attribute 'SYSTEM_ERROR'
2026-02-06 15:25:03,055 [CRITICAL] [HeartLoop] Fatal Tick Error: type object 'EmotionTrigger' has no attribute 'SYSTEM_ERROR'
2026-02-06 15:25:03,056 [CRITICAL] [HeartLoop] Fatal Tick Error: type object 'EmotionTrigger' has no attribute 'SYSTEM_ERROR'
2026-02-06 15:25:03,106 [CRITICAL] [HeartLoop] Fatal Tick Error: type object 'EmotionTrigger' has no attribute 'SYSTEM_ERROR'
2026-02-06 15:25:03,107 [CRITICAL] [HeartLoop] Fatal Tick Error: type object 'EmotionTrigger' has no attribute 'SYSTEM_ERROR'
2026-02-06 15:25:03,108 [CRITICAL] [HeartLoop] Fatal Tick Error: type object 'EmotionTrigger' has no attribute 'SYSTEM_ERROR'
2026-02-06 15:25:03,110 [CRITICAL] [HeartLoop] Fatal Tick Error: type object 'EmotionTrigger' has no attribute 'SYSTEM_ERROR'
2026-02-06 15:25:03,111 [CRITICAL] [HeartLoop] Fatal Tick Error: type object 'EmotionTrigger' has no attribute 'SYSTEM_ERROR'
2026-02-06 15:25:03,172 [CRITICAL] [HeartLoop] Fatal Tick Error: type object 'EmotionTrigger' has no attribute 'SYSTEM_ERROR'
2026-02-06 15:25:03,172 [CRITICAL] [HeartLoop] Fatal Tick Error: type object 'EmotionTrigger' has no attribute 'SYSTEM_ERROR'
2026-02-06 15:25:03,172 [CRITICAL] [HeartLoop] Fatal Tick Error: type object 'EmotionTrigger' has no attribute 'SYSTEM_ERROR'
2026-02-06 15:25:03,173 [CRITICAL] [HeartLoop] Fatal Tick Error: type object 'EmotionTrigger' has no attribute 'SYSTEM_ERROR'
2026-02-06 15:25:03,223 [CRITICAL] [HeartLoop] Fatal Tick Error: type object 'EmotionTrigger' has no attribute 'SYSTEM_ERROR'
2026-02-06 15:25:03,224 [CRITICAL] [HeartLoop] Fatal Tick Error: type object 'EmotionTrigger' has no attribute 'SYSTEM_ERROR'
2026-02-06 15:25:03,224 [CRITICAL] [HeartLoop] Fatal Tick Error: type object 'EmotionTrigger' has no attribute 'SYSTEM_ERROR'
2026-02-06 15:25:09,253 [CRITICAL] [HeartLoop] Fatal Tick Error: type object 'EmotionTrigger' has no attribute 'SYSTEM_ERROR'
2026-02-06 15:25:09,310 [CRITICAL] [HeartLoop] Fatal Tick Error: type object 'EmotionTrigger' has no attribute 'SYSTEM_ERROR'
2026-02-06 15:25:09,322 [CRITICAL] [HeartLoop] Fatal Tick Error: type object 'EmotionTrigger' has no attribute 'SYSTEM_ERROR'
2026-02-06 15:25:09,357 [CRITICAL] [HeartLoop] Fatal Tick Error: type object 'EmotionTrigger' has no attribute 'SYSTEM_ERROR'
2026-02-06 15:25:09,362 [CRITICAL] [HeartLoop] Fatal Tick Error: type object 'EmotionTrigger' has no attribute 'SYSTEM_ERROR'
2026-02-06 15:25:09,362 [CRITICAL] [HeartLoop] Fatal Tick Error: type object 'EmotionTrigger' has no attribute 'SYSTEM_ERROR'
2026-02-06 15:25:09,362 [CRITICAL] [HeartLoop] Fatal Tick Error: type object 'EmotionTrigger' has no attribute 'SYSTEM_ERROR'
2026-02-06 15:25:09,411 [CRITICAL] [HeartLoop] Fatal Tick Error: type object 'EmotionTrigger' has no attribute 'SYSTEM_ERROR'
2026-02-06 15:25:09,414 [CRITICAL] [HeartLoop] Fatal Tick Error: type object 'EmotionTrigger' has no attribute 'SYSTEM_ERROR'
2026-02-06 15:25:09,417 [CRITICAL] [HeartLoop] Fatal Tick Error: type object 'EmotionTrigger' has no attribute 'SYSTEM_ERROR'
2026-02-06 15:25:09,418 [CRITICAL] [HeartLoop] Fatal Tick Error: type object 'EmotionTrigger' has no attribute 'SYSTEM_ERROR'
2026-02-06 15:25:09,440 [CRITICAL] [HeartLoop] Fatal Tick Error: type object 'EmotionTrigger' has no attribute 'SYSTEM_ERROR'
2026-02-06 15:25:09,462 [CRITICAL] [HeartLoop] Fatal Tick Error: type object 'EmotionTrigger' has no attribute 'SYSTEM_ERROR'
2026-02-06 15:25:09,466 [CRITICAL] [HeartLoop] Fatal Tick Error: type object 'EmotionTrigger' has no attribute 'SYSTEM_ERROR'
2026-02-06 15:25:09,468 [CRITICAL] [HeartLoop] Fatal Tick Error: type object 'EmotionTrigger' has no attribute 'SYSTEM_ERROR'
2026-02-06 15:25:09,471 [CRITICAL] [HeartLoop] Fatal Tick Error: type object 'EmotionTrigger' has no attribute 'SYSTEM_ERROR'
2026-02-06 15:25:09,569 [CRITICAL] [HeartLoop] Fatal Tick Error: type object 'EmotionTrigger' has no attribute 'SYSTEM_ERROR'
2026-02-06 15:25:09,660 [CRITICAL] [HeartLoop] Fatal Tick Error: type object 'EmotionTrigger' has no attribute 'SYSTEM_ERROR'
2026-02-06 15:25:09,674 [CRITICAL] [HeartLoop] Fatal Tick Error: type object 'EmotionTrigger' has no attribute 'SYSTEM_ERROR'
2026-02-06 15:25:09,709 [CRITICAL] [HeartLoop] Fatal Tick Error: type object 'EmotionTrigger' has no attribute 'SYSTEM_ERROR'
2026-02-06 15:25:09,712 [CRITICAL] [HeartLoop] Fatal Tick Error: type object 'EmotionTrigger' has no attribute 'SYSTEM_ERROR'
2026-02-06 15:25:09,726 [CRITICAL] [HeartLoop] Fatal Tick Error: type object 'EmotionTrigger' has no attribute 'SYSTEM_ERROR'
2026-02-06 15:25:31,172 [CRITICAL] [HeartLoop] Fatal Tick Error: type object 'EmotionTrigger' has no attribute 'SYSTEM_ERROR'
2026-02-06 15:25:31,182 [CRITICAL] [HeartLoop] Fatal Tick Error: type object 'EmotionTrigger' has no attribute 'SYSTEM_ERROR'
2026-02-06 15:25:31,183 [CRITICAL] [HeartLoop] Fatal Tick Error: type object 'EmotionTrigger' has no attribute 'SYSTEM_ERROR'
2026-02-06 15:25:31,187 [CRITICAL] [HeartLoop] Fatal Tick Error: type object 'EmotionTrigger' has no attribute 'SYSTEM_ERROR'
2026-02-06 15:25:31,225 [CRITICAL] [HeartLoop] Fatal Tick Error: type object 'EmotionTrigger' has no attribute 'SYSTEM_ERROR'
2026-02-06 15:25:31,243 [CRITICAL] [HeartLoop] Fatal Tick Error: type object 'EmotionTrigger' has no attribute 'SYSTEM_ERROR'
2026-02-06 15:25:31,245 [CRITICAL] [HeartLoop] Fatal Tick Error: type object 'EmotionTrigger' has no attribute 'SYSTEM_ERROR'
2026-02-06 15:25:31,246 [CRITICAL] [HeartLoop] Fatal Tick Error: type object 'EmotionTrigger' has no attribute 'SYSTEM_ERROR'
2026-02-06 15:25:31,250 [CRITICAL] [HeartLoop] Fatal Tick Error: type object 'EmotionTrigger' has no attribute 'SYSTEM_ERROR'
2026-02-06 15:25:31,284 [CRITICAL] [HeartLoop] Fatal Tick Error: type object 'EmotionTrigger' has no attribute 'SYSTEM_ERROR'
2026-02-06 15:25:50,467 [CRITICAL] [HeartLoop] Fatal Tick Error: type object 'EmotionTrigger' has no attribute 'SYSTEM_ERROR'
2026-02-06 15:25:59,484 [CRITICAL] [HeartLoop] Fatal Tick Error: type object 'EmotionTrigger' has no attribute 'SYSTEM_ERROR'
2026-02-06 15:25:59,485 [CRITICAL] [HeartLoop] Fatal Tick Error: type object 'EmotionTrigger' has no attribute 'SYSTEM_ERROR'
2026-02-06 15:25:59,492 [CRITICAL] [HeartLoop] Fatal Tick Error: type object 'EmotionTrigger' has no attribute 'SYSTEM_ERROR'
2026-02-06 15:25:59,494 [CRITICAL] [HeartLoop] Fatal Tick Error: type object 'EmotionTrigger' has no attribute 'SYSTEM_ERROR'
2026-02-06 15:25:59,497 [CRITICAL] [HeartLoop] Fatal Tick Error: type object 'EmotionTrigger' has no attribute 'SYSTEM_ERROR'
2026-02-06 15:26:05,539 [CRITICAL] [HeartLoop] Fatal Tick Error: type object 'EmotionTrigger' has no attribute 'SYSTEM_ERROR'
2026-02-06 15:26:05,995 [CRITICAL] [HeartLoop] Fatal Tick Error: type object 'EmotionTrigger' has no attribute 'SYSTEM_ERROR'
2026-02-06 15:26:05,995 [CRITICAL] [HeartLoop] Fatal Tick Error: type object 'EmotionTrigger' has no attribute 'SYSTEM_ERROR'
2026-02-06 15:26:05,996 [CRITICAL] [HeartLoop] Fatal Tick Error: type object 'EmotionTrigger' has no attribute 'SYSTEM_ERROR'
2026-02-06 15:26:06,059 [CRITICAL] [HeartLoop] Fatal Tick Error: type object 'EmotionTrigger' has no attribute 'SYSTEM_ERROR'
2026-02-06 15:26:06,072 [CRITICAL] [HeartLoop] Fatal Tick Error: type object 'EmotionTrigger' has no attribute 'SYSTEM_ERROR'
2026-02-06 15:26:06,263 [CRITICAL] [HeartLoop] Fatal Tick Error: type object 'EmotionTrigger' has no attribute 'SYSTEM_ERROR'
2026-02-06 15:26:10,646 [CRITICAL] [HeartLoop] Fatal Tick Error: type object 'EmotionTrigger' has no attribute 'SYSTEM_ERROR'
2026-02-06 15:26:10,646 [CRITICAL] [HeartLoop] Fatal Tick Error: type object 'EmotionTrigger' has no attribute 'SYSTEM_ERROR'
2026-02-06 15:26:10,696 [CRITICAL] [HeartLoop] Fatal Tick Error: type object 'EmotionTrigger' has no attribute 'SYSTEM_ERROR'
2026-02-06 15:26:10,700 [CRITICAL] [HeartLoop] Fatal Tick Error: type object 'EmotionTrigger' has no attribute 'SYSTEM_ERROR'
2026-02-06 15:26:17,935 [CRITICAL] [HeartLoop] Fatal Tick Error: type object 'EmotionTrigger' has no attribute 'SYSTEM_ERROR'
2026-02-06 15:26:17,995 [CRITICAL] [HeartLoop] Fatal Tick Error: type object 'EmotionTrigger' has no attribute 'SYSTEM_ERROR'
2026-02-06 15:26:17,995 [CRITICAL] [HeartLoop] Fatal Tick Error: type object 'EmotionTrigger' has no attribute 'SYSTEM_ERROR'
2026-02-06 15:26:19,121 [CRITICAL] [HeartLoop] Fatal Tick Error: type object 'EmotionTrigger' has no attribute 'SYSTEM_ERROR'
2026-02-06 15:26:19,121 [CRITICAL] [HeartLoop] Fatal Tick Error: type object 'EmotionTrigger' has no attribute 'SYSTEM_ERROR'
2026-02-06 15:26:19,121 [CRITICAL] [HeartLoop] Fatal Tick Error: type object 'EmotionTrigger' has no attribute 'SYSTEM_ERROR'
2026-02-06 15:26:19,134 [CRITICAL] [HeartLoop] Fatal Tick Error: type object 'EmotionTrigger' has no attribute 'SYSTEM_ERROR'
2026-02-06 15:26:19,802 [CRITICAL] [HeartLoop] Fatal Tick Error: type object 'EmotionTrigger' has no attribute 'SYSTEM_ERROR'
2026-02-06 15:26:19,855 [CRITICAL] [HeartLoop] Fatal Tick Error: type object 'EmotionTrigger' has no attribute 'SYSTEM_ERROR'
2026-02-06 15:26:24,946 [CRITICAL] [HeartLoop] Fatal Tick Error: type object 'EmotionTrigger' has no attribute 'SYSTEM_ERROR'
2026-02-06 15:26:25,023 [CRITICAL] [HeartLoop] Fatal Tick Error: type object 'EmotionTrigger' has no attribute 'SYSTEM_ERROR'
2026-02-06 15:26:25,023 [CRITICAL] [HeartLoop] Fatal Tick Error: type object 'EmotionTrigger' has no attribute 'SYSTEM_ERROR'
2026-02-06 15:26:25,228 [CRITICAL] [HeartLoop] Fatal Tick Error: type object 'EmotionTrigger' has no attribute 'SYSTEM_ERROR'
2026-02-06 15:26:25,229 [CRITICAL] [HeartLoop] Fatal Tick Error: type object 'EmotionTrigger' has no attribute 'SYSTEM_ERROR'
2026-02-06 15:26:25,229 [CRITICAL] [HeartLoop] Fatal Tick Error: type object 'EmotionTrigger' has no attribute 'SYSTEM_ERROR'
2026-02-06 15:26:25,286 [CRITICAL] [HeartLoop] Fatal Tick Error: type object 'EmotionTrigger' has no attribute 'SYSTEM_ERROR'
2026-02-06 15:26:25,287 [CRITICAL] [HeartLoop] Fatal Tick Error: type object 'EmotionTrigger' has no attribute 'SYSTEM_ERROR'
2026-02-06 15:26:48,888 [CRITICAL] [HeartLoop] Fatal Tick Error: type object 'EmotionTrigger' has no attribute 'SYSTEM_ERROR'
2026-02-06 15:26:48,893 [CRITICAL] [HeartLoop] Fatal Tick Error: type object 'EmotionTrigger' has no attribute 'SYSTEM_ERROR'
2026-02-06 15:26:48,894 [CRITICAL] [HeartLoop] Fatal Tick Error: type object 'EmotionTrigger' has no attribute 'SYSTEM_ERROR'
2026-02-06 15:26:48,895 [CRITICAL] [HeartLoop] Fatal Tick Error: type object 'EmotionTrigger' has no attribute 'SYSTEM_ERROR'
2026-02-06 15:26:48,940 [CRITICAL] [HeartLoop] Fatal Tick Error: type object 'EmotionTrigger' has no attribute 'SYSTEM_ERROR'
2026-02-06 15:26:48,945 [CRITICAL] [HeartLoop] Fatal Tick Error: type object 'EmotionTrigger' has no attribute 'SYSTEM_ERROR'
2026-02-06 15:26:48,946 [CRITICAL] [HeartLoop] Fatal Tick Error: type object 'EmotionTrigger' has no attribute 'SYSTEM_ERROR'
2026-02-06 15:26:48,946 [CRITICAL] [HeartLoop] Fatal Tick Error: type object 'EmotionTrigger' has no attribute 'SYSTEM_ERROR'
2026-02-06 15:26:48,961 [CRITICAL] [HeartLoop] Fatal Tick Error: type object 'EmotionTrigger' has no attribute 'SYSTEM_ERROR'
2026-02-06 15:26:48,991 [CRITICAL] [HeartLoop] Fatal Tick Error: type object 'EmotionTrigger' has no attribute 'SYSTEM_ERROR'
2026-02-06 15:26:48,996 [CRITICAL] [HeartLoop] Fatal Tick Error: type object 'EmotionTrigger' has no attribute 'SYSTEM_ERROR'
2026-02-06 15:26:48,997 [CRITICAL] [HeartLoop] Fatal Tick Error: type object 'EmotionTrigger' has no attribute 'SYSTEM_ERROR'
2026-02-06 15:26:48,997 [CRITICAL] [HeartLoop] Fatal Tick Error: type object 'EmotionTrigger' has no attribute 'SYSTEM_ERROR'
2026-02-06 15:26:59,323 [CRITICAL] [HeartLoop] Fatal Tick Error: type object 'EmotionTrigger' has no attribute 'SYSTEM_ERROR'
2026-02-06 15:26:59,736 [CRITICAL] [HeartLoop] Fatal Tick Error: type object 'EmotionTrigger' has no attribute 'SYSTEM_ERROR'
2026-02-06 15:26:59,736 [CRITICAL] [HeartLoop] Fatal Tick Error: type object 'EmotionTrigger' has no attribute 'SYSTEM_ERROR'
2026-02-06 15:26:59,745 [CRITICAL] [HeartLoop] Fatal Tick Error: type object 'EmotionTrigger' has no attribute 'SYSTEM_ERROR'
2026-02-06 15:26:59,746 [CRITICAL] [HeartLoop] Fatal Tick Error: type object 'EmotionTrigger' has no attribute 'SYSTEM_ERROR'
2026-02-06 15:26:59,783 [CRITICAL] [HeartLoop] Fatal Tick Error: type object 'EmotionTrigger' has no attribute 'SYSTEM_ERROR'
2026-02-06 15:26:59,787 [CRITICAL] [HeartLoop] Fatal Tick Error: type object 'EmotionTrigger' has no attribute 'SYSTEM_ERROR'
2026-02-06 15:26:59,787 [CRITICAL] [HeartLoop] Fatal Tick Error: type object 'EmotionTrigger' has no attribute 'SYSTEM_ERROR'
2026-02-06 15:26:59,796 [CRITICAL] [HeartLoop] Fatal Tick Error: type object 'EmotionTrigger' has no attribute 'SYSTEM_ERROR'
2026-02-06 15:26:59,802 [CRITICAL] [HeartLoop] Fatal Tick Error: type object 'EmotionTrigger' has no attribute 'SYSTEM_ERROR'
2026-02-06 15:26:59,834 [CRITICAL] [HeartLoop] Fatal Tick Error: type object 'EmotionTrigger' has no attribute 'SYSTEM_ERROR'
2026-02-06 15:26:59,839 [CRITICAL] [HeartLoop] Fatal Tick Error: type object 'EmotionTrigger' has no attribute 'SYSTEM_ERROR'
2026-02-06 15:26:59,848 [CRITICAL] [HeartLoop] Fatal Tick Error: type object 'EmotionTrigger' has no attribute 'SYSTEM_ERROR'
2026-02-06 15:27:00,245 [CRITICAL] [HeartLoop] Fatal Tick Error: type object 'EmotionTrigger' has no attribute 'SYSTEM_ERROR'
2026-02-06 15:27:00,277 [CRITICAL] [HeartLoop] Fatal Tick Error: type object 'EmotionTrigger' has no attribute 'SYSTEM_ERROR'
2026-02-06 15:27:00,278 [CRITICAL] [HeartLoop] Fatal Tick Error: type object 'EmotionTrigger' has no attribute 'SYSTEM_ERROR'
2026-02-06 15:27:00,278 [CRITICAL] [HeartLoop] Fatal Tick Error: type object 'EmotionTrigger' has no attribute 'SYSTEM_ERROR'
2026-02-06 15:27:00,278 [CRITICAL] [HeartLoop] Fatal Tick Error: type object 'EmotionTrigger' has no attribute 'SYSTEM_ERROR'
2026-02-06 15:27:00,297 [CRITICAL] [HeartLoop] Fatal Tick Error: type object 'EmotionTrigger' has no attribute 'SYSTEM_ERROR'
2026-02-06 15:27:01,450 [CRITICAL] [HeartLoop] Fatal Tick Error: type object 'EmotionTrigger' has no attribute 'SYSTEM_ERROR'
2026-02-06 15:27:07,021 [CRITICAL] [HeartLoop] Fatal Tick Error: type object 'EmotionTrigger' has no attribute 'SYSTEM_ERROR'
2026-02-06 15:27:07,058 [CRITICAL] [HeartLoop] Fatal Tick Error: type object 'EmotionTrigger' has no attribute 'SYSTEM_ERROR'
2026-02-06 15:27:07,412 [CRITICAL] [HeartLoop] Fatal Tick Error: type object 'EmotionTrigger' has no attribute 'SYSTEM_ERROR'
2026-02-06 15:27:07,436 [CRITICAL] [HeartLoop] Fatal Tick Error: type object 'EmotionTrigger' has no attribute 'SYSTEM_ERROR'
2026-02-06 15:27:08,014 [CRITICAL] [HeartLoop] Fatal Tick Error: type object 'EmotionTrigger' has no attribute 'SYSTEM_ERROR'
2026-02-06 15:27:08,065 [CRITICAL] [HeartLoop] Fatal Tick Error: type object 'EmotionTrigger' has no attribute 'SYSTEM_ERROR'
2026-02-06 15:27:08,071 [CRITICAL] [HeartLoop] Fatal Tick Error: type object 'EmotionTrigger' has no attribute 'SYSTEM_ERROR'
2026-02-06 15:27:08,087 [CRITICAL] [HeartLoop] Fatal Tick Error: type object 'EmotionTrigger' has no attribute 'SYSTEM_ERROR'
2026-02-06 15:27:08,103 [CRITICAL] [HeartLoop] Fatal Tick Error: type object 'EmotionTrigger' has no attribute 'SYSTEM_ERROR'
2026-02-06 15:27:08,103 [CRITICAL] [HeartLoop] Fatal Tick Error: type object 'EmotionTrigger' has no attribute 'SYSTEM_ERROR'
2026-02-06 15:27:08,152 [CRITICAL] [HeartLoop] Fatal Tick Error: type object 'EmotionTrigger' has no attribute 'SYSTEM_ERROR'
2026-02-06 15:27:08,171 [CRITICAL] [HeartLoop] Fatal Tick Error: type object 'EmotionTrigger' has no attribute 'SYSTEM_ERROR'
2026-02-06 15:27:08,171 [CRITICAL] [HeartLoop] Fatal Tick Error: type object 'EmotionTrigger' has no attribute 'SYSTEM_ERROR'
2026-02-06 15:27:08,208 [CRITICAL] [HeartLoop] Fatal Tick Error: type object 'EmotionTrigger' has no attribute 'SYSTEM_ERROR'
2026-02-06 15:27:08,220 [CRITICAL] [HeartLoop] Fatal Tick Error: type object 'EmotionTrigger' has no attribute 'SYSTEM_ERROR'
2026-02-06 15:27:08,223 [CRITICAL] [HeartLoop] Fatal Tick Error: type object 'EmotionTrigger' has no attribute 'SYSTEM_ERROR'
2026-02-06 15:27:08,223 [CRITICAL] [HeartLoop] Fatal Tick Error: type object 'EmotionTrigger' has no attribute 'SYSTEM_ERROR'
2026-02-06 15:27:08,223 [CRITICAL] [HeartLoop] Fatal Tick Error: type object 'EmotionTrigger' has no attribute 'SYSTEM_ERROR'
2026-02-06 15:27:08,394 [CRITICAL] [HeartLoop] Fatal Tick Error: type object 'EmotionTrigger' has no attribute 'SYSTEM_ERROR'
2026-02-06 15:27:08,394 [CRITICAL] [HeartLoop] Fatal Tick Error: type object 'EmotionTrigger' has no attribute 'SYSTEM_ERROR'
2026-02-06 15:27:08,394 [CRITICAL] [HeartLoop] Fatal Tick Error: type object 'EmotionTrigger' has no attribute 'SYSTEM_ERROR'
2026-02-06 15:27:08,394 [CRITICAL] [HeartLoop] Fatal Tick Error: type object 'EmotionTrigger' has no attribute 'SYSTEM_ERROR'
2026-02-06 15:27:08,712 [INFO] Registered component for monitoring: HeartLoop
2026-02-06 15:27:09,397 [INFO] Imported existing <module 'comtypes.gen' from 'C:\\Users\\Administrator\\Documents\\THESE ARE MY PROJECTS\\BRIM AI\\.venv\\Lib\\site-packages\\comtypes\\gen\\__init__.py'>
2026-02-06 15:27:09,398 [INFO] Using writeable comtypes cache directory: 'C:\Users\Administrator\Documents\THESE ARE MY PROJECTS\BRIM AI\.venv\Lib\site-packages\comtypes\gen'
2026-02-06 15:27:11,587 [INFO] Registered component for monitoring: VoiceEngine
2026-02-06 15:27:17,625 [CRITICAL] [HeartLoop] Fatal Tick Error: type object 'EmotionTrigger' has no attribute 'SYSTEM_ERROR'
2026-02-06 15:27:17,638 [CRITICAL] [HeartLoop] Fatal Tick Error: type object 'EmotionTrigger' has no attribute 'SYSTEM_ERROR'
2026-02-06 15:27:17,649 [CRITICAL] [HeartLoop] Fatal Tick Error: type object 'EmotionTrigger' has no attribute 'SYSTEM_ERROR'
2026-02-06 15:27:17,855 [CRITICAL] [HeartLoop] Fatal Tick Error: type object 'EmotionTrigger' has no attribute 'SYSTEM_ERROR'
2026-02-06 15:27:18,041 [CRITICAL] [HeartLoop] Fatal Tick Error: type object 'EmotionTrigger' has no attribute 'SYSTEM_ERROR'
2026-02-06 15:27:18,074 [CRITICAL] [HeartLoop] Fatal Tick Error: type object 'EmotionTrigger' has no attribute 'SYSTEM_ERROR'
2026-02-06 15:27:18,092 [CRITICAL] [HeartLoop] Fatal Tick Error: type object 'EmotionTrigger' has no attribute 'SYSTEM_ERROR'
2026-02-06 15:27:18,101 [CRITICAL] [HeartLoop] Fatal Tick Error: type object 'EmotionTrigger' has no attribute 'SYSTEM_ERROR'
2026-02-06 15:27:18,132 [CRITICAL] [HeartLoop] Fatal Tick Error: type object 'EmotionTrigger' has no attribute 'SYSTEM_ERROR'
2026-02-06 15:27:18,143 [CRITICAL] [HeartLoop] Fatal Tick Error: type object 'EmotionTrigger' has no attribute 'SYSTEM_ERROR'
2026-02-06 15:27:18,144 [CRITICAL] [HeartLoop] Fatal Tick Error: type object 'EmotionTrigger' has no attribute 'SYSTEM_ERROR'
2026-02-06 15:27:18,165 [CRITICAL] [HeartLoop] Fatal Tick Error: type object 'EmotionTrigger' has no attribute 'SYSTEM_ERROR'
2026-02-06 15:27:18,168 [CRITICAL] [HeartLoop] Fatal Tick Error: type object 'EmotionTrigger' has no attribute 'SYSTEM_ERROR'
2026-02-06 15:27:18,168 [CRITICAL] [HeartLoop] Fatal Tick Error: type object 'EmotionTrigger' has no attribute 'SYSTEM_ERROR'
2026-02-06 15:27:18,184 [CRITICAL] [HeartLoop] Fatal Tick Error: type object 'EmotionTrigger' has no attribute 'SYSTEM_ERROR'
2026-02-06 15:27:18,195 [CRITICAL] [HeartLoop] Fatal Tick Error: type object 'EmotionTrigger' has no attribute 'SYSTEM_ERROR'
2026-02-06 15:27:18,197 [CRITICAL] [HeartLoop] Fatal Tick Error: type object 'EmotionTrigger' has no attribute 'SYSTEM_ERROR'
2026-02-06 15:27:18,216 [CRITICAL] [HeartLoop] Fatal Tick Error: type object 'EmotionTrigger' has no attribute 'SYSTEM_ERROR'
2026-02-06 15:27:18,219 [CRITICAL] [HeartLoop] Fatal Tick Error: type object 'EmotionTrigger' has no attribute 'SYSTEM_ERROR'
2026-02-06 15:27:18,220 [CRITICAL] [HeartLoop] Fatal Tick Error: type object 'EmotionTrigger' has no attribute 'SYSTEM_ERROR'
2026-02-06 15:27:18,235 [CRITICAL] [HeartLoop] Fatal Tick Error: type object 'EmotionTrigger' has no attribute 'SYSTEM_ERROR'
2026-02-06 15:27:24,407 [CRITICAL] [HeartLoop] Fatal Tick Error: type object 'EmotionTrigger' has no attribute 'SYSTEM_ERROR'
2026-02-06 15:27:24,408 [CRITICAL] [HeartLoop] Fatal Tick Error: type object 'EmotionTrigger' has no attribute 'SYSTEM_ERROR'
2026-02-06 15:27:24,408 [CRITICAL] [HeartLoop] Fatal Tick Error: type object 'EmotionTrigger' has no attribute 'SYSTEM_ERROR'
2026-02-06 15:27:24,409 [CRITICAL] [HeartLoop] Fatal Tick Error: type object 'EmotionTrigger' has no attribute 'SYSTEM_ERROR'
2026-02-06 15:27:24,469 [CRITICAL] [HeartLoop] Fatal Tick Error: type object 'EmotionTrigger' has no attribute 'SYSTEM_ERROR'
2026-02-06 15:27:24,469 [CRITICAL] [HeartLoop] Fatal Tick Error: type object 'EmotionTrigger' has no attribute 'SYSTEM_ERROR'
2026-02-06 15:27:24,470 [CRITICAL] [HeartLoop] Fatal Tick Error: type object 'EmotionTrigger' has no attribute 'SYSTEM_ERROR'
2026-02-06 15:27:24,470 [CRITICAL] [HeartLoop] Fatal Tick Error: type object 'EmotionTrigger' has no attribute 'SYSTEM_ERROR'
2026-02-06 15:27:24,474 [CRITICAL] [HeartLoop] Fatal Tick Error: type object 'EmotionTrigger' has no attribute 'SYSTEM_ERROR'
2026-02-06 15:27:31,471 [CRITICAL] [HeartLoop] Fatal Tick Error: type object 'EmotionTrigger' has no attribute 'SYSTEM_ERROR'
2026-02-06 15:27:31,472 [CRITICAL] [HeartLoop] Fatal Tick Error: type object 'EmotionTrigger' has no attribute 'SYSTEM_ERROR'
2026-02-06 15:27:31,472 [CRITICAL] [HeartLoop] Fatal Tick Error: type object 'EmotionTrigger' has no attribute 'SYSTEM_ERROR'
2026-02-06 15:27:31,474 [CRITICAL] [HeartLoop] Fatal Tick Error: type object 'EmotionTrigger' has no attribute 'SYSTEM_ERROR'
2026-02-06 15:27:31,476 [CRITICAL] [HeartLoop] Fatal Tick Error: type object 'EmotionTrigger' has no attribute 'SYSTEM_ERROR'
2026-02-06 15:27:31,482 [CRITICAL] [HeartLoop] Fatal Tick Error: type object 'EmotionTrigger' has no attribute 'SYSTEM_ERROR'
2026-02-06 15:27:31,724 [CRITICAL] [HeartLoop] Fatal Tick Error: type object 'EmotionTrigger' has no attribute 'SYSTEM_ERROR'
2026-02-06 15:27:31,775 [CRITICAL] [HeartLoop] Fatal Tick Error: type object 'EmotionTrigger' has no attribute 'SYSTEM_ERROR'
2026-02-06 15:27:31,816 [CRITICAL] [HeartLoop] Fatal Tick Error: type object 'EmotionTrigger' has no attribute 'SYSTEM_ERROR'
2026-02-06 15:27:31,827 [CRITICAL] [HeartLoop] Fatal Tick Error: type object 'EmotionTrigger' has no attribute 'SYSTEM_ERROR'
2026-02-06 15:27:31,835 [CRITICAL] [HeartLoop] Fatal Tick Error: type object 'EmotionTrigger' has no attribute 'SYSTEM_ERROR'
2026-02-06 15:27:31,839 [CRITICAL] [HeartLoop] Fatal Tick Error: type object 'EmotionTrigger' has no attribute 'SYSTEM_ERROR'
2026-02-06 15:27:31,841 [CRITICAL] [HeartLoop] Fatal Tick Error: type object 'EmotionTrigger' has no attribute 'SYSTEM_ERROR'
2026-02-06 15:27:31,841 [CRITICAL] [HeartLoop] Fatal Tick Error: type object 'EmotionTrigger' has no attribute 'SYSTEM_ERROR'
2026-02-06 15:27:31,880 [CRITICAL] [HeartLoop] Fatal Tick Error: type object 'EmotionTrigger' has no attribute 'SYSTEM_ERROR'
2026-02-06 15:27:31,888 [CRITICAL] [HeartLoop] Fatal Tick Error: type object 'EmotionTrigger' has no attribute 'SYSTEM_ERROR'
2026-02-06 15:27:31,925 [CRITICAL] [HeartLoop] Fatal Tick Error: type object 'EmotionTrigger' has no attribute 'SYSTEM_ERROR'
2026-02-06 15:27:31,932 [CRITICAL] [HeartLoop] Fatal Tick Error: type object 'EmotionTrigger' has no attribute 'SYSTEM_ERROR'
2026-02-06 15:27:31,937 [CRITICAL] [HeartLoop] Fatal Tick Error: type object 'EmotionTrigger' has no attribute 'SYSTEM_ERROR'
2026-02-06 15:27:31,938 [CRITICAL] [HeartLoop] Fatal Tick Error: type object 'EmotionTrigger' has no attribute 'SYSTEM_ERROR'
2026-02-06 15:27:31,938 [CRITICAL] [HeartLoop] Fatal Tick Error: type object 'EmotionTrigger' has no attribute 'SYSTEM_ERROR'
2026-02-06 15:27:31,941 [CRITICAL] [HeartLoop] Fatal Tick Error: type object 'EmotionTrigger' has no attribute 'SYSTEM_ERROR'
2026-02-06 15:27:31,985 [CRITICAL] [HeartLoop] Fatal Tick Error: type object 'EmotionTrigger' has no attribute 'SYSTEM_ERROR'
2026-02-06 15:27:32,007 [CRITICAL] [HeartLoop] Fatal Tick Error: type object 'EmotionTrigger' has no attribute 'SYSTEM_ERROR'
2026-02-06 15:27:32,024 [CRITICAL] [HeartLoop] Fatal Tick Error: type object 'EmotionTrigger' has no attribute 'SYSTEM_ERROR'
2026-02-06 15:27:32,026 [CRITICAL] [HeartLoop] Fatal Tick Error: type object 'EmotionTrigger' has no attribute 'SYSTEM_ERROR'
2026-02-06 15:27:32,026 [CRITICAL] [HeartLoop] Fatal Tick Error: type object 'EmotionTrigger' has no attribute 'SYSTEM_ERROR'
2026-02-06 15:27:32,027 [CRITICAL] [HeartLoop] Fatal Tick Error: type object 'EmotionTrigger' has no attribute 'SYSTEM_ERROR'
2026-02-06 15:27:32,037 [CRITICAL] [HeartLoop] Fatal Tick Error: type object 'EmotionTrigger' has no attribute 'SYSTEM_ERROR'
2026-02-06 15:27:32,060 [CRITICAL] [HeartLoop] Fatal Tick Error: type object 'EmotionTrigger' has no attribute 'SYSTEM_ERROR'
2026-02-06 15:27:32,075 [CRITICAL] [HeartLoop] Fatal Tick Error: type object 'EmotionTrigger' has no attribute 'SYSTEM_ERROR'
2026-02-06 15:27:32,081 [CRITICAL] [HeartLoop] Fatal Tick Error: type object 'EmotionTrigger' has no attribute 'SYSTEM_ERROR'
2026-02-06 15:27:32,082 [CRITICAL] [HeartLoop] Fatal Tick Error: type object 'EmotionTrigger' has no attribute 'SYSTEM_ERROR'
2026-02-06 15:27:32,084 [CRITICAL] [HeartLoop] Fatal Tick Error: type object 'EmotionTrigger' has no attribute 'SYSTEM_ERROR'
2026-02-06 15:27:32,089 [CRITICAL] [HeartLoop] Fatal Tick Error: type object 'EmotionTrigger' has no attribute 'SYSTEM_ERROR'
2026-02-06 15:27:32,114 [CRITICAL] [HeartLoop] Fatal Tick Error: type object 'EmotionTrigger' has no attribute 'SYSTEM_ERROR'
2026-02-06 15:27:32,126 [CRITICAL] [HeartLoop] Fatal Tick Error: type object 'EmotionTrigger' has no attribute 'SYSTEM_ERROR'
2026-02-06 15:27:36,571 [CRITICAL] [HeartLoop] Fatal Tick Error: type object 'EmotionTrigger' has no attribute 'SYSTEM_ERROR'
2026-02-06 15:27:36,662 [CRITICAL] [HeartLoop] Fatal Tick Error: type object 'EmotionTrigger' has no attribute 'SYSTEM_ERROR'
2026-02-06 15:27:36,704 [CRITICAL] [HeartLoop] Fatal Tick Error: type object 'EmotionTrigger' has no attribute 'SYSTEM_ERROR'
2026-02-06 15:27:36,714 [CRITICAL] [HeartLoop] Fatal Tick Error: type object 'EmotionTrigger' has no attribute 'SYSTEM_ERROR'
2026-02-06 15:27:36,716 [CRITICAL] [HeartLoop] Fatal Tick Error: type object 'EmotionTrigger' has no attribute 'SYSTEM_ERROR'
2026-02-06 15:27:36,718 [CRITICAL] [HeartLoop] Fatal Tick Error: type object 'EmotionTrigger' has no attribute 'SYSTEM_ERROR'
2026-02-06 15:27:36,718 [CRITICAL] [HeartLoop] Fatal Tick Error: type object 'EmotionTrigger' has no attribute 'SYSTEM_ERROR'
2026-02-06 15:27:36,722 [CRITICAL] [HeartLoop] Fatal Tick Error: type object 'EmotionTrigger' has no attribute 'SYSTEM_ERROR'
2026-02-06 15:27:36,755 [CRITICAL] [HeartLoop] Fatal Tick Error: type object 'EmotionTrigger' has no attribute 'SYSTEM_ERROR'
2026-02-06 15:27:43,500 [CRITICAL] [HeartLoop] Fatal Tick Error: type object 'EmotionTrigger' has no attribute 'SYSTEM_ERROR'
2026-02-06 15:27:43,500 [CRITICAL] [HeartLoop] Fatal Tick Error: type object 'EmotionTrigger' has no attribute 'SYSTEM_ERROR'
2026-02-06 15:27:43,500 [CRITICAL] [HeartLoop] Fatal Tick Error: type object 'EmotionTrigger' has no attribute 'SYSTEM_ERROR'
2026-02-06 15:27:43,500 [CRITICAL] [HeartLoop] Fatal Tick Error: type object 'EmotionTrigger' has no attribute 'SYSTEM_ERROR'
2026-02-06 15:27:59,076 [CRITICAL] [HeartLoop] Fatal Tick Error: type object 'EmotionTrigger' has no attribute 'SYSTEM_ERROR'
2026-02-06 15:28:06,328 [CRITICAL] [HeartLoop] Fatal Tick Error: type object 'EmotionTrigger' has no attribute 'SYSTEM_ERROR'
2026-02-06 15:28:06,341 [CRITICAL] [HeartLoop] Fatal Tick Error: type object 'EmotionTrigger' has no attribute 'SYSTEM_ERROR'
2026-02-06 15:28:06,342 [CRITICAL] [HeartLoop] Fatal Tick Error: type object 'EmotionTrigger' has no attribute 'SYSTEM_ERROR'
2026-02-06 15:28:06,371 [CRITICAL] [HeartLoop] Fatal Tick Error: type object 'EmotionTrigger' has no attribute 'SYSTEM_ERROR'
2026-02-06 15:28:06,371 [CRITICAL] [HeartLoop] Fatal Tick Error: type object 'EmotionTrigger' has no attribute 'SYSTEM_ERROR'
2026-02-06 15:28:07,076 [CRITICAL] [HeartLoop] Fatal Tick Error: type object 'EmotionTrigger' has no attribute 'SYSTEM_ERROR'
2026-02-06 15:28:07,076 [CRITICAL] [HeartLoop] Fatal Tick Error: type object 'EmotionTrigger' has no attribute 'SYSTEM_ERROR'
2026-02-06 15:28:07,076 [CRITICAL] [HeartLoop] Fatal Tick Error: type object 'EmotionTrigger' has no attribute 'SYSTEM_ERROR'
2026-02-06 15:28:07,077 [CRITICAL] [HeartLoop] Fatal Tick Error: type object 'EmotionTrigger' has no attribute 'SYSTEM_ERROR'
2026-02-06 15:28:07,127 [CRITICAL] [HeartLoop] Fatal Tick Error: type object 'EmotionTrigger' has no attribute 'SYSTEM_ERROR'
2026-02-06 15:28:07,127 [CRITICAL] [HeartLoop] Fatal Tick Error: type object 'EmotionTrigger' has no attribute 'SYSTEM_ERROR'
2026-02-06 15:28:07,127 [CRITICAL] [HeartLoop] Fatal Tick Error: type object 'EmotionTrigger' has no attribute 'SYSTEM_ERROR'
2026-02-06 15:28:07,128 [CRITICAL] [HeartLoop] Fatal Tick Error: type object 'EmotionTrigger' has no attribute 'SYSTEM_ERROR'
2026-02-06 15:28:07,128 [CRITICAL] [HeartLoop] Fatal Tick Error: type object 'EmotionTrigger' has no attribute 'SYSTEM_ERROR'
2026-02-06 15:28:07,129 [CRITICAL] [HeartLoop] Fatal Tick Error: type object 'EmotionTrigger' has no attribute 'SYSTEM_ERROR'
2026-02-06 15:28:07,437 [CRITICAL] [HeartLoop] Fatal Tick Error: type object 'EmotionTrigger' has no attribute 'SYSTEM_ERROR'
2026-02-06 15:28:07,460 [CRITICAL] [HeartLoop] Fatal Tick Error: type object 'EmotionTrigger' has no attribute 'SYSTEM_ERROR'
2026-02-06 15:28:07,470 [CRITICAL] [HeartLoop] Fatal Tick Error: type object 'EmotionTrigger' has no attribute 'SYSTEM_ERROR'
2026-02-06 15:28:07,471 [CRITICAL] [HeartLoop] Fatal Tick Error: type object 'EmotionTrigger' has no attribute 'SYSTEM_ERROR'
2026-02-06 15:28:07,472 [CRITICAL] [HeartLoop] Fatal Tick Error: type object 'EmotionTrigger' has no attribute 'SYSTEM_ERROR'
2026-02-06 15:28:07,473 [CRITICAL] [HeartLoop] Fatal Tick Error: type object 'EmotionTrigger' has no attribute 'SYSTEM_ERROR'
