# Brio Startup Log - Post-Brain Fix
2026-02-13 16:40:57,447 - INFO - ==================================================
2026-02-13 16:40:57,448 - INFO - BRIO STARTUP INITIATED
2026-02-13 16:40:57,448 - INFO - ==================================================
2026-02-13 16:40:57,448 - INFO - Creating BrioSystem instance...
2026-02-13 16:41:38,785 - INFO - ==================================================
2026-02-13 16:41:38,785 - INFO - BRIO STARTUP INITIATED
2026-02-13 16:41:38,785 - INFO - ==================================================
2026-02-13 16:41:38,785 - INFO - Creating BrioSystem instance...
2026-02-13 16:41:38,786 - INFO - Registered component for monitoring: HeartLoop
2026-02-13 16:41:39,730 - DEBUG - Importing AvifImagePlugin
2026-02-13 16:41:39,735 - DEBUG - Importing BlpImagePlugin
2026-02-13 16:41:39,739 - DEBUG - Importing BmpImagePlugin
2026-02-13 16:41:39,740 - DEBUG - Importing BufrStubImagePlugin
2026-02-13 16:41:39,742 - DEBUG - Importing CurImagePlugin
2026-02-13 16:41:39,744 - DEBUG - Importing DcxImagePlugin
2026-02-13 16:41:39,749 - DEBUG - Importing DdsImagePlugin
2026-02-13 16:41:39,765 - DEBUG - Importing EpsImagePlugin
2026-02-13 16:41:39,768 - DEBUG - Importing FitsImagePlugin
2026-02-13 16:41:39,793 - DEBUG - Importing FliImagePlugin
2026-02-13 16:41:39,795 - DEBUG - Importing FpxImagePlugin
2026-02-13 16:41:39,800 - DEBUG - Image: failed to import FpxImagePlugin: No module named 'olefile'
2026-02-13 16:41:39,800 - DEBUG - Importing FtexImagePlugin
2026-02-13 16:41:39,802 - DEBUG - Importing GbrImagePlugin
2026-02-13 16:41:39,805 - DEBUG - Importing GifImagePlugin
2026-02-13 16:41:39,805 - DEBUG - Importing GribStubImagePlugin
2026-02-13 16:41:39,808 - DEBUG - Importing Hdf5StubImagePlugin
2026-02-13 16:41:39,810 - DEBUG - Importing IcnsImagePlugin
2026-02-13 16:41:39,869 - DEBUG - Importing IcoImagePlugin
2026-02-13 16:41:39,878 - DEBUG - Importing ImImagePlugin
2026-02-13 16:41:39,880 - DEBUG - Importing ImtImagePlugin
2026-02-13 16:41:39,883 - DEBUG - Importing IptcImagePlugin
2026-02-13 16:41:39,885 - DEBUG - Importing JpegImagePlugin
2026-02-13 16:41:39,885 - DEBUG - Importing Jpeg2KImagePlugin
2026-02-13 16:41:39,885 - DEBUG - Importing McIdasImagePlugin
2026-02-13 16:41:39,888 - DEBUG - Importing MicImagePlugin
2026-02-13 16:41:39,909 - DEBUG - Image: failed to import MicImagePlugin: No module named 'olefile'
2026-02-13 16:41:39,909 - DEBUG - Importing MpegImagePlugin
2026-02-13 16:41:39,911 - DEBUG - Importing MpoImagePlugin
2026-02-13 16:41:39,917 - DEBUG - Importing MspImagePlugin
2026-02-13 16:41:39,921 - DEBUG - Importing PalmImagePlugin
2026-02-13 16:41:39,924 - DEBUG - Importing PcdImagePlugin
2026-02-13 16:41:39,925 - INFO - Use pytorch device_name: cpu
2026-02-13 16:41:39,926 - INFO - Load pretrained SentenceTransformer: all-MiniLM-L6-v2
2026-02-13 16:41:39,926 - DEBUG - Importing PcxImagePlugin
2026-02-13 16:41:39,926 - DEBUG - Importing PdfImagePlugin
2026-02-13 16:41:39,942 - DEBUG - Importing PixarImagePlugin
2026-02-13 16:41:39,944 - DEBUG - Importing PngImagePlugin
2026-02-13 16:41:39,944 - DEBUG - Importing PpmImagePlugin
2026-02-13 16:41:39,944 - DEBUG - Importing PsdImagePlugin
2026-02-13 16:41:39,947 - DEBUG - Importing QoiImagePlugin
2026-02-13 16:41:39,949 - DEBUG - Importing SgiImagePlugin
2026-02-13 16:41:39,951 - DEBUG - Importing SpiderImagePlugin
2026-02-13 16:41:39,954 - DEBUG - Importing SunImagePlugin
2026-02-13 16:41:39,956 - DEBUG - Importing TgaImagePlugin
2026-02-13 16:41:39,958 - DEBUG - Importing TiffImagePlugin
2026-02-13 16:41:39,959 - DEBUG - Importing WebPImagePlugin
2026-02-13 16:41:39,963 - DEBUG - Importing WmfImagePlugin
2026-02-13 16:41:39,966 - DEBUG - Importing XbmImagePlugin
2026-02-13 16:41:39,971 - DEBUG - Importing XpmImagePlugin
2026-02-13 16:41:39,975 - DEBUG - Importing XVThumbImagePlugin
2026-02-13 16:41:41,561 - DEBUG - connect_tcp.started host='huggingface.co' port=443 local_address=None timeout=10 socket_options=None
2026-02-13 16:41:41,718 - DEBUG - connect_tcp.complete return_value=<httpcore._backends.sync.SyncStream object at 0x0000028118813380>
2026-02-13 16:41:41,719 - DEBUG - start_tls.started ssl_context=<ssl.SSLContext object at 0x00000281156FB650> server_hostname='huggingface.co' timeout=10
2026-02-13 16:41:41,749 - DEBUG - start_tls.complete return_value=<httpcore._backends.sync.SyncStream object at 0x00000281157FB9D0>
2026-02-13 16:41:41,750 - DEBUG - send_request_headers.started request=<Request [b'HEAD']>
2026-02-13 16:41:41,752 - DEBUG - send_request_headers.complete
2026-02-13 16:41:41,753 - DEBUG - send_request_body.started request=<Request [b'HEAD']>
2026-02-13 16:41:41,754 - DEBUG - send_request_body.complete
2026-02-13 16:41:41,754 - DEBUG - receive_response_headers.started request=<Request [b'HEAD']>
2026-02-13 16:41:41,985 - DEBUG - receive_response_headers.complete return_value=(b'HTTP/1.1', 307, b'Temporary Redirect', [(b'Content-Type', b'text/plain; charset=utf-8'), (b'Content-Length', b'282'), (b'Connection', b'keep-alive'), (b'Date', b'Fri, 13 Feb 2026 13:41:40 GMT'), (b'Location', b'/api/resolve-cache/models/sentence-transformers/all-MiniLM-L6-v2/c9745ed1d9f207416be6d2e6f8de32d1f16199bf/modules.json?%2Fsentence-transformers%2Fall-MiniLM-L6-v2%2Fresolve%2Fmain%2Fmodules.json=&etag=%22952a9b81c0bfd99800fabf352f69c7ccd46c5e43%22'), (b'X-Powered-By', b'huggingface-moon'), (b'X-Request-Id', b'Root=1-698f2a14-0303daaa4109b9e472301936;d9400edd-9632-41d2-8bf5-457d13b41ba9'), (b'RateLimit', b'"resolvers";r=2988;t=123'), (b'RateLimit-Policy', b'"fixed window";"resolvers";q=3000;w=300'), (b'cross-origin-opener-policy', b'same-origin'), (b'Referrer-Policy', b'strict-origin-when-cross-origin'), (b'Access-Control-Max-Age', b'86400'), (b'Access-Control-Allow-Origin', b'https://huggingface.co'), (b'Vary', b'Origin, Accept'), (b'Access-Control-Expose-Headers', b'X-Repo-Commit,X-Request-Id,X-Error-Code,X-Error-Message,X-Total-Count,ETag,Link,Accept-Ranges,Content-Range,X-Linked-Size,X-Linked-ETag,X-Xet-Hash'), (b'X-Repo-Commit', b'c9745ed1d9f207416be6d2e6f8de32d1f16199bf'), (b'Accept-Ranges', b'bytes'), (b'X-HF-Warning', b'unauthenticated; Warning: You are sending unauthenticated requests to the HF Hub. Please set a HF_TOKEN to enable higher rate limits and faster downloads.'), (b'X-Hub-Cache', b'HIT'), (b'Content-Disposition', b'inline; filename*=UTF-8\'\'modules.json; filename="modules.json";'), (b'Content-Security-Policy', b"default-src 'none'; sandbox"), (b'X-Linked-ETag', b'"952a9b81c0bfd99800fabf352f69c7ccd46c5e43"'), (b'X-Cache', b'Miss from cloudfront'), (b'Via', b'1.1 b6fc87223e09f11832d8b9304f6b927c.cloudfront.net (CloudFront)'), (b'X-Amz-Cf-Pop', b'NBO50-P2'), (b'X-Amz-Cf-Id', b'AJaNY7Q2_eR5U7AplGIefKk6HfvBX7e7yWuDo2kVrdRcfm4Y9XzIFA==')])
2026-02-13 16:41:41,990 - INFO - HTTP Request: HEAD https://huggingface.co/sentence-transformers/all-MiniLM-L6-v2/resolve/main/modules.json "HTTP/1.1 307 Temporary Redirect"
2026-02-13 16:41:41,994 - DEBUG - receive_response_body.started request=<Request [b'HEAD']>
2026-02-13 16:41:41,995 - DEBUG - receive_response_body.complete
2026-02-13 16:41:41,996 - DEBUG - response_closed.started
2026-02-13 16:41:41,996 - DEBUG - response_closed.complete
2026-02-13 16:41:41,997 - WARNING - Warning: You are sending unauthenticated requests to the HF Hub. Please set a HF_TOKEN to enable higher rate limits and faster downloads.
2026-02-13 16:41:42,001 - DEBUG - send_request_headers.started request=<Request [b'HEAD']>
2026-02-13 16:41:42,003 - DEBUG - send_request_headers.complete
2026-02-13 16:41:42,004 - DEBUG - send_request_body.started request=<Request [b'HEAD']>
2026-02-13 16:41:42,004 - DEBUG - send_request_body.complete
2026-02-13 16:41:42,005 - DEBUG - receive_response_headers.started request=<Request [b'HEAD']>
2026-02-13 16:41:42,016 - DEBUG - receive_response_headers.complete return_value=(b'HTTP/1.1', 200, b'OK', [(b'Content-Type', b'text/plain; charset=utf-8'), (b'Content-Length', b'349'), (b'Connection', b'keep-alive'), (b'Date', b'Sun, 13 Jul 2025 23:03:08 GMT'), (b'ETag', b'"952a9b81c0bfd99800fabf352f69c7ccd46c5e43"'), (b'X-Powered-By', b'huggingface-moon'), (b'cross-origin-opener-policy', b'same-origin'), (b'Referrer-Policy', b'strict-origin-when-cross-origin'), (b'X-Request-Id', b'Root=1-68743b2c-092291f80501d9526bc9e245;44cffbd3-a5fb-4cd7-a5e3-c56dd6e7a66d'), (b'Access-Control-Allow-Origin', b'https://huggingface.co'), (b'Access-Control-Expose-Headers', b'X-Repo-Commit,X-Request-Id,X-Error-Code,X-Error-Message,X-Total-Count,ETag,Link,Accept-Ranges,Content-Range,X-Linked-Size,X-Linked-ETag,X-Xet-Hash'), (b'X-Repo-Commit', b'c9745ed1d9f207416be6d2e6f8de32d1f16199bf'), (b'Accept-Ranges', b'bytes'), (b'X-Hub-Cache', b'HIT'), (b'Content-Disposition', b'inline; filename*=UTF-8\'\'modules.json; filename="modules.json";'), (b'Content-Security-Policy', b"default-src 'none'; sandbox"), (b'Vary', b'Origin'), (b'X-Cache', b'Hit from cloudfront'), (b'Via', b'1.1 b6fc87223e09f11832d8b9304f6b927c.cloudfront.net (CloudFront)'), (b'X-Amz-Cf-Pop', b'NBO50-P2'), (b'X-Amz-Cf-Id', b'9pKy-IGDB97RNqpptoHYIbuqD_TabrIIaELD267UEHls8CM7wmHjAA=='), (b'Age', b'18542312')])
2026-02-13 16:41:42,018 - INFO - HTTP Request: HEAD https://huggingface.co/api/resolve-cache/models/sentence-transformers/all-MiniLM-L6-v2/c9745ed1d9f207416be6d2e6f8de32d1f16199bf/modules.json "HTTP/1.1 200 OK"
2026-02-13 16:41:42,019 - DEBUG - receive_response_body.started request=<Request [b'HEAD']>
2026-02-13 16:41:42,020 - DEBUG - receive_response_body.complete
2026-02-13 16:41:42,021 - DEBUG - response_closed.started
2026-02-13 16:41:42,022 - DEBUG - response_closed.complete
2026-02-13 16:41:42,033 - DEBUG - send_request_headers.started request=<Request [b'HEAD']>
2026-02-13 16:41:42,034 - DEBUG - send_request_headers.complete
2026-02-13 16:41:42,035 - DEBUG - send_request_body.started request=<Request [b'HEAD']>
2026-02-13 16:41:42,036 - DEBUG - send_request_body.complete
2026-02-13 16:41:42,036 - DEBUG - receive_response_headers.started request=<Request [b'HEAD']>
2026-02-13 16:41:42,272 - DEBUG - receive_response_headers.complete return_value=(b'HTTP/1.1', 307, b'Temporary Redirect', [(b'Content-Type', b'text/plain; charset=utf-8'), (b'Content-Length', b'324'), (b'Connection', b'keep-alive'), (b'Date', b'Fri, 13 Feb 2026 13:41:41 GMT'), (b'Location', b'/api/resolve-cache/models/sentence-transformers/all-MiniLM-L6-v2/c9745ed1d9f207416be6d2e6f8de32d1f16199bf/config_sentence_transformers.json?%2Fsentence-transformers%2Fall-MiniLM-L6-v2%2Fresolve%2Fmain%2Fconfig_sentence_transformers.json=&etag=%22fd1b291129c607e5d49799f87cb219b27f98acdf%22'), (b'X-Powered-By', b'huggingface-moon'), (b'X-Request-Id', b'Root=1-698f2a15-5d2eec870f7c0f9e74e67cac;8c52fe88-8600-4dc4-8f2f-68b333e8c6ed'), (b'RateLimit', b'"resolvers";r=2987;t=122'), (b'RateLimit-Policy', b'"fixed window";"resolvers";q=3000;w=300'), (b'cross-origin-opener-policy', b'same-origin'), (b'Referrer-Policy', b'strict-origin-when-cross-origin'), (b'Access-Control-Max-Age', b'86400'), (b'Access-Control-Allow-Origin', b'https://huggingface.co'), (b'Vary', b'Origin, Accept'), (b'Access-Control-Expose-Headers', b'X-Repo-Commit,X-Request-Id,X-Error-Code,X-Error-Message,X-Total-Count,ETag,Link,Accept-Ranges,Content-Range,X-Linked-Size,X-Linked-ETag,X-Xet-Hash'), (b'X-Repo-Commit', b'c9745ed1d9f207416be6d2e6f8de32d1f16199bf'), (b'Accept-Ranges', b'bytes'), (b'X-Hub-Cache', b'HIT'), (b'Content-Disposition', b'inline; filename*=UTF-8\'\'config_sentence_transformers.json; filename="config_sentence_transformers.json";'), (b'Content-Security-Policy', b"default-src 'none'; sandbox"), (b'X-Linked-ETag', b'"fd1b291129c607e5d49799f87cb219b27f98acdf"'), (b'X-Cache', b'Miss from cloudfront'), (b'Via', b'1.1 b6fc87223e09f11832d8b9304f6b927c.cloudfront.net (CloudFront)'), (b'X-Amz-Cf-Pop', b'NBO50-P2'), (b'X-Amz-Cf-Id', b'6F9g4uhVmLXO5VSYUFwB3AprY9aUA20N_OyTIy15FyKwkfOxIwXoOw==')])
2026-02-13 16:41:42,274 - INFO - HTTP Request: HEAD https://huggingface.co/sentence-transformers/all-MiniLM-L6-v2/resolve/main/config_sentence_transformers.json "HTTP/1.1 307 Temporary Redirect"
2026-02-13 16:41:42,277 - DEBUG - receive_response_body.started request=<Request [b'HEAD']>
2026-02-13 16:41:42,278 - DEBUG - receive_response_body.complete
2026-02-13 16:41:42,279 - DEBUG - response_closed.started
2026-02-13 16:41:42,279 - DEBUG - response_closed.complete
2026-02-13 16:41:42,282 - DEBUG - send_request_headers.started request=<Request [b'HEAD']>
2026-02-13 16:41:42,284 - DEBUG - send_request_headers.complete
2026-02-13 16:41:42,285 - DEBUG - send_request_body.started request=<Request [b'HEAD']>
2026-02-13 16:41:42,285 - DEBUG - send_request_body.complete
2026-02-13 16:41:42,286 - DEBUG - receive_response_headers.started request=<Request [b'HEAD']>
2026-02-13 16:41:42,300 - DEBUG - receive_response_headers.complete return_value=(b'HTTP/1.1', 200, b'OK', [(b'Content-Type', b'text/plain; charset=utf-8'), (b'Content-Length', b'116'), (b'Connection', b'keep-alive'), (b'Date', b'Sun, 13 Jul 2025 20:12:35 GMT'), (b'ETag', b'"fd1b291129c607e5d49799f87cb219b27f98acdf"'), (b'X-Powered-By', b'huggingface-moon'), (b'cross-origin-opener-policy', b'same-origin'), (b'Referrer-Policy', b'strict-origin-when-cross-origin'), (b'X-Request-Id', b'Root=1-68741333-52fc9334598849eb76003ba0;bc3a6f94-b3ae-4f8a-91b4-d62a416f9f1d'), (b'Access-Control-Allow-Origin', b'https://huggingface.co'), (b'Access-Control-Expose-Headers', b'X-Repo-Commit,X-Request-Id,X-Error-Code,X-Error-Message,X-Total-Count,ETag,Link,Accept-Ranges,Content-Range,X-Linked-Size,X-Linked-ETag,X-Xet-Hash'), (b'X-Repo-Commit', b'c9745ed1d9f207416be6d2e6f8de32d1f16199bf'), (b'Accept-Ranges', b'bytes'), (b'X-Hub-Cache', b'HIT'), (b'Content-Disposition', b'inline; filename*=UTF-8\'\'config_sentence_transformers.json; filename="config_sentence_transformers.json";'), (b'Content-Security-Policy', b"default-src 'none'; sandbox"), (b'Vary', b'Origin'), (b'X-Cache', b'Hit from cloudfront'), (b'Via', b'1.1 b6fc87223e09f11832d8b9304f6b927c.cloudfront.net (CloudFront)'), (b'X-Amz-Cf-Pop', b'NBO50-P2'), (b'X-Amz-Cf-Id', b'tdO1cL55C2G8csexPDp3VV7RxV_VqmkP3BdPkr3O97MyqbVBMNIlWw=='), (b'Age', b'18552546')])
2026-02-13 16:41:42,302 - INFO - HTTP Request: HEAD https://huggingface.co/api/resolve-cache/models/sentence-transformers/all-MiniLM-L6-v2/c9745ed1d9f207416be6d2e6f8de32d1f16199bf/config_sentence_transformers.json "HTTP/1.1 200 OK"
2026-02-13 16:41:42,303 - DEBUG - receive_response_body.started request=<Request [b'HEAD']>
2026-02-13 16:41:42,303 - DEBUG - receive_response_body.complete
2026-02-13 16:41:42,304 - DEBUG - response_closed.started
2026-02-13 16:41:42,304 - DEBUG - response_closed.complete
2026-02-13 16:41:42,313 - DEBUG - send_request_headers.started request=<Request [b'HEAD']>
2026-02-13 16:41:42,314 - DEBUG - send_request_headers.complete
2026-02-13 16:41:42,314 - DEBUG - send_request_body.started request=<Request [b'HEAD']>
2026-02-13 16:41:42,314 - DEBUG - send_request_body.complete
2026-02-13 16:41:42,315 - DEBUG - receive_response_headers.started request=<Request [b'HEAD']>
2026-02-13 16:41:42,547 - DEBUG - receive_response_headers.complete return_value=(b'HTTP/1.1', 307, b'Temporary Redirect', [(b'Content-Type', b'text/plain; charset=utf-8'), (b'Content-Length', b'324'), (b'Connection', b'keep-alive'), (b'Date', b'Fri, 13 Feb 2026 13:41:41 GMT'), (b'Location', b'/api/resolve-cache/models/sentence-transformers/all-MiniLM-L6-v2/c9745ed1d9f207416be6d2e6f8de32d1f16199bf/config_sentence_transformers.json?%2Fsentence-transformers%2Fall-MiniLM-L6-v2%2Fresolve%2Fmain%2Fconfig_sentence_transformers.json=&etag=%22fd1b291129c607e5d49799f87cb219b27f98acdf%22'), (b'X-Powered-By', b'huggingface-moon'), (b'X-Request-Id', b'Root=1-698f2a15-09408a6f6126a86836fb7302;6aeb5b91-4862-407f-977b-181a4c592c44'), (b'RateLimit', b'"resolvers";r=2986;t=122'), (b'RateLimit-Policy', b'"fixed window";"resolvers";q=3000;w=300'), (b'cross-origin-opener-policy', b'same-origin'), (b'Referrer-Policy', b'strict-origin-when-cross-origin'), (b'Access-Control-Max-Age', b'86400'), (b'Access-Control-Allow-Origin', b'https://huggingface.co'), (b'Vary', b'Origin, Accept'), (b'Access-Control-Expose-Headers', b'X-Repo-Commit,X-Request-Id,X-Error-Code,X-Error-Message,X-Total-Count,ETag,Link,Accept-Ranges,Content-Range,X-Linked-Size,X-Linked-ETag,X-Xet-Hash'), (b'X-Repo-Commit', b'c9745ed1d9f207416be6d2e6f8de32d1f16199bf'), (b'Accept-Ranges', b'bytes'), (b'X-Hub-Cache', b'HIT'), (b'Content-Disposition', b'inline; filename*=UTF-8\'\'config_sentence_transformers.json; filename="config_sentence_transformers.json";'), (b'Content-Security-Policy', b"default-src 'none'; sandbox"), (b'X-Linked-ETag', b'"fd1b291129c607e5d49799f87cb219b27f98acdf"'), (b'X-Cache', b'Miss from cloudfront'), (b'Via', b'1.1 b6fc87223e09f11832d8b9304f6b927c.cloudfront.net (CloudFront)'), (b'X-Amz-Cf-Pop', b'NBO50-P2'), (b'X-Amz-Cf-Id', b'lRVScOO91Nt5pMaOR9OyV2uZvvi58OAiT_G02B_Bn9vxZ0fjSsROrA==')])
2026-02-13 16:41:42,550 - INFO - HTTP Request: HEAD https://huggingface.co/sentence-transformers/all-MiniLM-L6-v2/resolve/main/config_sentence_transformers.json "HTTP/1.1 307 Temporary Redirect"
2026-02-13 16:41:42,552 - DEBUG - receive_response_body.started request=<Request [b'HEAD']>
2026-02-13 16:41:42,552 - DEBUG - receive_response_body.complete
2026-02-13 16:41:42,553 - DEBUG - response_closed.started
2026-02-13 16:41:42,554 - DEBUG - response_closed.complete
2026-02-13 16:41:42,557 - DEBUG - send_request_headers.started request=<Request [b'HEAD']>
2026-02-13 16:41:42,559 - DEBUG - send_request_headers.complete
2026-02-13 16:41:42,560 - DEBUG - send_request_body.started request=<Request [b'HEAD']>
2026-02-13 16:41:42,560 - DEBUG - send_request_body.complete
2026-02-13 16:41:42,560 - DEBUG - receive_response_headers.started request=<Request [b'HEAD']>
2026-02-13 16:41:42,572 - DEBUG - receive_response_headers.complete return_value=(b'HTTP/1.1', 200, b'OK', [(b'Content-Type', b'text/plain; charset=utf-8'), (b'Content-Length', b'116'), (b'Connection', b'keep-alive'), (b'Date', b'Sun, 13 Jul 2025 20:12:35 GMT'), (b'ETag', b'"fd1b291129c607e5d49799f87cb219b27f98acdf"'), (b'X-Powered-By', b'huggingface-moon'), (b'cross-origin-opener-policy', b'same-origin'), (b'Referrer-Policy', b'strict-origin-when-cross-origin'), (b'X-Request-Id', b'Root=1-68741333-52fc9334598849eb76003ba0;bc3a6f94-b3ae-4f8a-91b4-d62a416f9f1d'), (b'Access-Control-Allow-Origin', b'https://huggingface.co'), (b'Access-Control-Expose-Headers', b'X-Repo-Commit,X-Request-Id,X-Error-Code,X-Error-Message,X-Total-Count,ETag,Link,Accept-Ranges,Content-Range,X-Linked-Size,X-Linked-ETag,X-Xet-Hash'), (b'X-Repo-Commit', b'c9745ed1d9f207416be6d2e6f8de32d1f16199bf'), (b'Accept-Ranges', b'bytes'), (b'X-Hub-Cache', b'HIT'), (b'Content-Disposition', b'inline; filename*=UTF-8\'\'config_sentence_transformers.json; filename="config_sentence_transformers.json";'), (b'Content-Security-Policy', b"default-src 'none'; sandbox"), (b'Vary', b'Origin'), (b'X-Cache', b'Hit from cloudfront'), (b'Via', b'1.1 b6fc87223e09f11832d8b9304f6b927c.cloudfront.net (CloudFront)'), (b'X-Amz-Cf-Pop', b'NBO50-P2'), (b'X-Amz-Cf-Id', b'sUjnUqossofivv6p_RLuxy9PhZleQ2j3yhwqHaXcZw3pS0VpKdXQZA=='), (b'Age', b'18552546')])
2026-02-13 16:41:42,573 - INFO - HTTP Request: HEAD https://huggingface.co/api/resolve-cache/models/sentence-transformers/all-MiniLM-L6-v2/c9745ed1d9f207416be6d2e6f8de32d1f16199bf/config_sentence_transformers.json "HTTP/1.1 200 OK"
2026-02-13 16:41:42,574 - DEBUG - receive_response_body.started request=<Request [b'HEAD']>
2026-02-13 16:41:42,575 - DEBUG - receive_response_body.complete
2026-02-13 16:41:42,575 - DEBUG - response_closed.started
2026-02-13 16:41:42,575 - DEBUG - response_closed.complete
2026-02-13 16:41:42,585 - DEBUG - send_request_headers.started request=<Request [b'HEAD']>
2026-02-13 16:41:42,587 - DEBUG - send_request_headers.complete
2026-02-13 16:41:42,588 - DEBUG - send_request_body.started request=<Request [b'HEAD']>
2026-02-13 16:41:42,589 - DEBUG - send_request_body.complete
2026-02-13 16:41:42,589 - DEBUG - receive_response_headers.started request=<Request [b'HEAD']>
2026-02-13 16:41:42,818 - DEBUG - receive_response_headers.complete return_value=(b'HTTP/1.1', 307, b'Temporary Redirect', [(b'Content-Type', b'text/plain; charset=utf-8'), (b'Content-Length', b'276'), (b'Connection', b'keep-alive'), (b'Date', b'Fri, 13 Feb 2026 13:41:41 GMT'), (b'Location', b'/api/resolve-cache/models/sentence-transformers/all-MiniLM-L6-v2/c9745ed1d9f207416be6d2e6f8de32d1f16199bf/README.md?%2Fsentence-transformers%2Fall-MiniLM-L6-v2%2Fresolve%2Fmain%2FREADME.md=&etag=%2258d4a9a45664eb9e12de9549c548c09b6134c17f%22'), (b'X-Powered-By', b'huggingface-moon'), (b'X-Request-Id', b'Root=1-698f2a15-04c2bc7b47e0bbbf37203e45;7acbd757-25d2-4aa4-b294-06355b5880bf'), (b'RateLimit', b'"resolvers";r=2985;t=122'), (b'RateLimit-Policy', b'"fixed window";"resolvers";q=3000;w=300'), (b'cross-origin-opener-policy', b'same-origin'), (b'Referrer-Policy', b'strict-origin-when-cross-origin'), (b'Access-Control-Max-Age', b'86400'), (b'Access-Control-Allow-Origin', b'https://huggingface.co'), (b'Vary', b'Origin, Accept'), (b'Access-Control-Expose-Headers', b'X-Repo-Commit,X-Request-Id,X-Error-Code,X-Error-Message,X-Total-Count,ETag,Link,Accept-Ranges,Content-Range,X-Linked-Size,X-Linked-ETag,X-Xet-Hash'), (b'X-Repo-Commit', b'c9745ed1d9f207416be6d2e6f8de32d1f16199bf'), (b'Accept-Ranges', b'bytes'), (b'X-Hub-Cache', b'HIT'), (b'Content-Disposition', b'inline; filename*=UTF-8\'\'README.md; filename="README.md";'), (b'Content-Security-Policy', b"default-src 'none'; sandbox"), (b'X-Linked-ETag', b'"58d4a9a45664eb9e12de9549c548c09b6134c17f"'), (b'X-Cache', b'Miss from cloudfront'), (b'Via', b'1.1 b6fc87223e09f11832d8b9304f6b927c.cloudfront.net (CloudFront)'), (b'X-Amz-Cf-Pop', b'NBO50-P2'), (b'X-Amz-Cf-Id', b'mriqMIvgDdTuL4ngBIG04TdQYOrHl3eg2PPnlxrhfQjlEm1FrZVV8w==')])
2026-02-13 16:41:42,819 - INFO - HTTP Request: HEAD https://huggingface.co/sentence-transformers/all-MiniLM-L6-v2/resolve/main/README.md "HTTP/1.1 307 Temporary Redirect"
2026-02-13 16:41:42,821 - DEBUG - receive_response_body.started request=<Request [b'HEAD']>
2026-02-13 16:41:42,821 - DEBUG - receive_response_body.complete
2026-02-13 16:41:42,822 - DEBUG - response_closed.started
2026-02-13 16:41:42,822 - DEBUG - response_closed.complete
2026-02-13 16:41:42,824 - DEBUG - send_request_headers.started request=<Request [b'HEAD']>
2026-02-13 16:41:42,825 - DEBUG - send_request_headers.complete
2026-02-13 16:41:42,825 - DEBUG - send_request_body.started request=<Request [b'HEAD']>
2026-02-13 16:41:42,826 - DEBUG - send_request_body.complete
2026-02-13 16:41:42,826 - DEBUG - receive_response_headers.started request=<Request [b'HEAD']>
2026-02-13 16:41:42,838 - DEBUG - receive_response_headers.complete return_value=(b'HTTP/1.1', 200, b'OK', [(b'Content-Type', b'text/plain; charset=utf-8'), (b'Content-Length', b'10454'), (b'Connection', b'keep-alive'), (b'Date', b'Sun, 13 Jul 2025 20:12:35 GMT'), (b'ETag', b'"58d4a9a45664eb9e12de9549c548c09b6134c17f"'), (b'X-Powered-By', b'huggingface-moon'), (b'cross-origin-opener-policy', b'same-origin'), (b'Referrer-Policy', b'strict-origin-when-cross-origin'), (b'X-Request-Id', b'Root=1-68741333-089db69e40144d971603e180;96a141ea-ce9d-4a21-a814-eaeab47be7d2'), (b'Access-Control-Allow-Origin', b'https://huggingface.co'), (b'Access-Control-Expose-Headers', b'X-Repo-Commit,X-Request-Id,X-Error-Code,X-Error-Message,X-Total-Count,ETag,Link,Accept-Ranges,Content-Range,X-Linked-Size,X-Linked-ETag,X-Xet-Hash'), (b'X-Repo-Commit', b'c9745ed1d9f207416be6d2e6f8de32d1f16199bf'), (b'Accept-Ranges', b'bytes'), (b'X-Hub-Cache', b'HIT'), (b'Content-Disposition', b'inline; filename*=UTF-8\'\'README.md; filename="README.md";'), (b'Content-Security-Policy', b"default-src 'none'; sandbox"), (b'Vary', b'Origin'), (b'X-Cache', b'Hit from cloudfront'), (b'Via', b'1.1 b6fc87223e09f11832d8b9304f6b927c.cloudfront.net (CloudFront)'), (b'X-Amz-Cf-Pop', b'NBO50-P2'), (b'X-Amz-Cf-Id', b'mLzqw0En88px8IQ2oEYvAUc6cyT-vUEy2S-imdlHOZfGn53-aWIz_Q=='), (b'Age', b'18552546')])
2026-02-13 16:41:42,840 - INFO - HTTP Request: HEAD https://huggingface.co/api/resolve-cache/models/sentence-transformers/all-MiniLM-L6-v2/c9745ed1d9f207416be6d2e6f8de32d1f16199bf/README.md "HTTP/1.1 200 OK"
2026-02-13 16:41:42,840 - DEBUG - receive_response_body.started request=<Request [b'HEAD']>
2026-02-13 16:41:42,841 - DEBUG - receive_response_body.complete
2026-02-13 16:41:42,841 - DEBUG - response_closed.started
2026-02-13 16:41:42,841 - DEBUG - response_closed.complete
2026-02-13 16:41:42,850 - DEBUG - send_request_headers.started request=<Request [b'HEAD']>
2026-02-13 16:41:42,851 - DEBUG - send_request_headers.complete
2026-02-13 16:41:42,852 - DEBUG - send_request_body.started request=<Request [b'HEAD']>
2026-02-13 16:41:42,853 - DEBUG - send_request_body.complete
2026-02-13 16:41:42,853 - DEBUG - receive_response_headers.started request=<Request [b'HEAD']>
2026-02-13 16:41:43,087 - DEBUG - receive_response_headers.complete return_value=(b'HTTP/1.1', 307, b'Temporary Redirect', [(b'Content-Type', b'text/plain; charset=utf-8'), (b'Content-Length', b'282'), (b'Connection', b'keep-alive'), (b'Date', b'Fri, 13 Feb 2026 13:41:41 GMT'), (b'Location', b'/api/resolve-cache/models/sentence-transformers/all-MiniLM-L6-v2/c9745ed1d9f207416be6d2e6f8de32d1f16199bf/modules.json?%2Fsentence-transformers%2Fall-MiniLM-L6-v2%2Fresolve%2Fmain%2Fmodules.json=&etag=%22952a9b81c0bfd99800fabf352f69c7ccd46c5e43%22'), (b'X-Powered-By', b'huggingface-moon'), (b'X-Request-Id', b'Root=1-698f2a15-201b28e6355a09015231b9ea;6ed8d2b4-26d9-4a80-be3d-0f9dbd27eba8'), (b'RateLimit', b'"resolvers";r=2984;t=122'), (b'RateLimit-Policy', b'"fixed window";"resolvers";q=3000;w=300'), (b'cross-origin-opener-policy', b'same-origin'), (b'Referrer-Policy', b'strict-origin-when-cross-origin'), (b'Access-Control-Max-Age', b'86400'), (b'Access-Control-Allow-Origin', b'https://huggingface.co'), (b'Vary', b'Origin, Accept'), (b'Access-Control-Expose-Headers', b'X-Repo-Commit,X-Request-Id,X-Error-Code,X-Error-Message,X-Total-Count,ETag,Link,Accept-Ranges,Content-Range,X-Linked-Size,X-Linked-ETag,X-Xet-Hash'), (b'X-Repo-Commit', b'c9745ed1d9f207416be6d2e6f8de32d1f16199bf'), (b'Accept-Ranges', b'bytes'), (b'X-Hub-Cache', b'HIT'), (b'Content-Disposition', b'inline; filename*=UTF-8\'\'modules.json; filename="modules.json";'), (b'Content-Security-Policy', b"default-src 'none'; sandbox"), (b'X-Linked-ETag', b'"952a9b81c0bfd99800fabf352f69c7ccd46c5e43"'), (b'X-Cache', b'Miss from cloudfront'), (b'Via', b'1.1 b6fc87223e09f11832d8b9304f6b927c.cloudfront.net (CloudFront)'), (b'X-Amz-Cf-Pop', b'NBO50-P2'), (b'X-Amz-Cf-Id', b'ZMRlSNrBIwWyNp_epZVxlDBdYkuAeF-Dcg2XbIlN8q2_oLvIKdlKxg==')])
2026-02-13 16:41:43,089 - INFO - HTTP Request: HEAD https://huggingface.co/sentence-transformers/all-MiniLM-L6-v2/resolve/main/modules.json "HTTP/1.1 307 Temporary Redirect"
2026-02-13 16:41:43,091 - DEBUG - receive_response_body.started request=<Request [b'HEAD']>
2026-02-13 16:41:43,092 - DEBUG - receive_response_body.complete
2026-02-13 16:41:43,092 - DEBUG - response_closed.started
2026-02-13 16:41:43,093 - DEBUG - response_closed.complete
2026-02-13 16:41:43,095 - DEBUG - send_request_headers.started request=<Request [b'HEAD']>
2026-02-13 16:41:43,097 - DEBUG - send_request_headers.complete
2026-02-13 16:41:43,098 - DEBUG - send_request_body.started request=<Request [b'HEAD']>
2026-02-13 16:41:43,098 - DEBUG - send_request_body.complete
2026-02-13 16:41:43,099 - DEBUG - receive_response_headers.started request=<Request [b'HEAD']>
2026-02-13 16:41:43,111 - DEBUG - receive_response_headers.complete return_value=(b'HTTP/1.1', 200, b'OK', [(b'Content-Type', b'text/plain; charset=utf-8'), (b'Content-Length', b'349'), (b'Connection', b'keep-alive'), (b'Date', b'Sun, 13 Jul 2025 23:03:08 GMT'), (b'ETag', b'"952a9b81c0bfd99800fabf352f69c7ccd46c5e43"'), (b'X-Powered-By', b'huggingface-moon'), (b'cross-origin-opener-policy', b'same-origin'), (b'Referrer-Policy', b'strict-origin-when-cross-origin'), (b'X-Request-Id', b'Root=1-68743b2c-092291f80501d9526bc9e245;44cffbd3-a5fb-4cd7-a5e3-c56dd6e7a66d'), (b'Access-Control-Allow-Origin', b'https://huggingface.co'), (b'Access-Control-Expose-Headers', b'X-Repo-Commit,X-Request-Id,X-Error-Code,X-Error-Message,X-Total-Count,ETag,Link,Accept-Ranges,Content-Range,X-Linked-Size,X-Linked-ETag,X-Xet-Hash'), (b'X-Repo-Commit', b'c9745ed1d9f207416be6d2e6f8de32d1f16199bf'), (b'Accept-Ranges', b'bytes'), (b'X-Hub-Cache', b'HIT'), (b'Content-Disposition', b'inline; filename*=UTF-8\'\'modules.json; filename="modules.json";'), (b'Content-Security-Policy', b"default-src 'none'; sandbox"), (b'Vary', b'Origin'), (b'X-Cache', b'Hit from cloudfront'), (b'Via', b'1.1 b6fc87223e09f11832d8b9304f6b927c.cloudfront.net (CloudFront)'), (b'X-Amz-Cf-Pop', b'NBO50-P2'), (b'X-Amz-Cf-Id', b'DEKGfnADVFG2Ckss3R-DVd-UEYI2GbXFkYgvCM13FA9fMoyawxgTIQ=='), (b'Age', b'18542314')])
2026-02-13 16:41:43,112 - INFO - HTTP Request: HEAD https://huggingface.co/api/resolve-cache/models/sentence-transformers/all-MiniLM-L6-v2/c9745ed1d9f207416be6d2e6f8de32d1f16199bf/modules.json "HTTP/1.1 200 OK"
2026-02-13 16:41:43,113 - DEBUG - receive_response_body.started request=<Request [b'HEAD']>
2026-02-13 16:41:43,113 - DEBUG - receive_response_body.complete
2026-02-13 16:41:43,114 - DEBUG - response_closed.started
2026-02-13 16:41:43,114 - DEBUG - response_closed.complete
2026-02-13 16:41:43,127 - DEBUG - send_request_headers.started request=<Request [b'HEAD']>
2026-02-13 16:41:43,128 - DEBUG - send_request_headers.complete
2026-02-13 16:41:43,129 - DEBUG - send_request_body.started request=<Request [b'HEAD']>
2026-02-13 16:41:43,130 - DEBUG - send_request_body.complete
2026-02-13 16:41:43,130 - DEBUG - receive_response_headers.started request=<Request [b'HEAD']>
2026-02-13 16:41:43,362 - DEBUG - receive_response_headers.complete return_value=(b'HTTP/1.1', 307, b'Temporary Redirect', [(b'Content-Type', b'text/plain; charset=utf-8'), (b'Content-Length', b'308'), (b'Connection', b'keep-alive'), (b'Date', b'Fri, 13 Feb 2026 13:41:42 GMT'), (b'Location', b'/api/resolve-cache/models/sentence-transformers/all-MiniLM-L6-v2/c9745ed1d9f207416be6d2e6f8de32d1f16199bf/sentence_bert_config.json?%2Fsentence-transformers%2Fall-MiniLM-L6-v2%2Fresolve%2Fmain%2Fsentence_bert_config.json=&etag=%2259d594003bf59880a884c574bf88ef7555bb0202%22'), (b'X-Powered-By', b'huggingface-moon'), (b'X-Request-Id', b'Root=1-698f2a16-5bc3821450d9cbcc7b2d2570;aeeb525f-80e1-465a-ac2e-0cedf63595e9'), (b'RateLimit', b'"resolvers";r=2983;t=121'), (b'RateLimit-Policy', b'"fixed window";"resolvers";q=3000;w=300'), (b'cross-origin-opener-policy', b'same-origin'), (b'Referrer-Policy', b'strict-origin-when-cross-origin'), (b'Access-Control-Max-Age', b'86400'), (b'Access-Control-Allow-Origin', b'https://huggingface.co'), (b'Vary', b'Origin, Accept'), (b'Access-Control-Expose-Headers', b'X-Repo-Commit,X-Request-Id,X-Error-Code,X-Error-Message,X-Total-Count,ETag,Link,Accept-Ranges,Content-Range,X-Linked-Size,X-Linked-ETag,X-Xet-Hash'), (b'X-Repo-Commit', b'c9745ed1d9f207416be6d2e6f8de32d1f16199bf'), (b'Accept-Ranges', b'bytes'), (b'X-Hub-Cache', b'HIT'), (b'Content-Disposition', b'inline; filename*=UTF-8\'\'sentence_bert_config.json; filename="sentence_bert_config.json";'), (b'Content-Security-Policy', b"default-src 'none'; sandbox"), (b'X-Linked-ETag', b'"59d594003bf59880a884c574bf88ef7555bb0202"'), (b'X-Cache', b'Miss from cloudfront'), (b'Via', b'1.1 b6fc87223e09f11832d8b9304f6b927c.cloudfront.net (CloudFront)'), (b'X-Amz-Cf-Pop', b'NBO50-P2'), (b'X-Amz-Cf-Id', b'Jao1DI0iX5Usq_2ERPZ2SU7-yIavD4-e_hnm9-aWD_GPbJ4dhoC_iA==')])
2026-02-13 16:41:43,363 - INFO - HTTP Request: HEAD https://huggingface.co/sentence-transformers/all-MiniLM-L6-v2/resolve/main/sentence_bert_config.json "HTTP/1.1 307 Temporary Redirect"
2026-02-13 16:41:43,367 - DEBUG - receive_response_body.started request=<Request [b'HEAD']>
2026-02-13 16:41:43,367 - DEBUG - receive_response_body.complete
2026-02-13 16:41:43,368 - DEBUG - response_closed.started
2026-02-13 16:41:43,369 - DEBUG - response_closed.complete
2026-02-13 16:41:43,372 - DEBUG - send_request_headers.started request=<Request [b'HEAD']>
2026-02-13 16:41:43,374 - DEBUG - send_request_headers.complete
2026-02-13 16:41:43,375 - DEBUG - send_request_body.started request=<Request [b'HEAD']>
2026-02-13 16:41:43,375 - DEBUG - send_request_body.complete
2026-02-13 16:41:43,376 - DEBUG - receive_response_headers.started request=<Request [b'HEAD']>
2026-02-13 16:41:43,389 - DEBUG - receive_response_headers.complete return_value=(b'HTTP/1.1', 200, b'OK', [(b'Content-Type', b'text/plain; charset=utf-8'), (b'Content-Length', b'53'), (b'Connection', b'keep-alive'), (b'Date', b'Sun, 13 Jul 2025 20:12:36 GMT'), (b'ETag', b'"59d594003bf59880a884c574bf88ef7555bb0202"'), (b'X-Powered-By', b'huggingface-moon'), (b'cross-origin-opener-policy', b'same-origin'), (b'Referrer-Policy', b'strict-origin-when-cross-origin'), (b'X-Request-Id', b'Root=1-68741334-6f77e57f3385d1130002d893;311f256f-94b4-4d27-ac62-47abb721dd7d'), (b'Access-Control-Allow-Origin', b'https://huggingface.co'), (b'Access-Control-Expose-Headers', b'X-Repo-Commit,X-Request-Id,X-Error-Code,X-Error-Message,X-Total-Count,ETag,Link,Accept-Ranges,Content-Range,X-Linked-Size,X-Linked-ETag,X-Xet-Hash'), (b'X-Repo-Commit', b'c9745ed1d9f207416be6d2e6f8de32d1f16199bf'), (b'Accept-Ranges', b'bytes'), (b'X-Hub-Cache', b'HIT'), (b'Content-Disposition', b'inline; filename*=UTF-8\'\'sentence_bert_config.json; filename="sentence_bert_config.json";'), (b'Content-Security-Policy', b"default-src 'none'; sandbox"), (b'Vary', b'Origin'), (b'X-Cache', b'Hit from cloudfront'), (b'Via', b'1.1 b6fc87223e09f11832d8b9304f6b927c.cloudfront.net (CloudFront)'), (b'X-Amz-Cf-Pop', b'NBO50-P2'), (b'X-Amz-Cf-Id', b'Lwp-dIJAj_sPNVqw18Z5DldWNxhmeTew_hX0hR46vkitK0BLWJf4rQ=='), (b'Age', b'18552546')])
2026-02-13 16:41:43,391 - INFO - HTTP Request: HEAD https://huggingface.co/api/resolve-cache/models/sentence-transformers/all-MiniLM-L6-v2/c9745ed1d9f207416be6d2e6f8de32d1f16199bf/sentence_bert_config.json "HTTP/1.1 200 OK"
2026-02-13 16:41:43,392 - DEBUG - receive_response_body.started request=<Request [b'HEAD']>
2026-02-13 16:41:43,393 - DEBUG - receive_response_body.complete
2026-02-13 16:41:43,393 - DEBUG - response_closed.started
2026-02-13 16:41:43,394 - DEBUG - response_closed.complete
2026-02-13 16:41:43,408 - DEBUG - send_request_headers.started request=<Request [b'HEAD']>
2026-02-13 16:41:43,410 - DEBUG - send_request_headers.complete
2026-02-13 16:41:43,410 - DEBUG - send_request_body.started request=<Request [b'HEAD']>
2026-02-13 16:41:43,411 - DEBUG - send_request_body.complete
2026-02-13 16:41:43,411 - DEBUG - receive_response_headers.started request=<Request [b'HEAD']>
2026-02-13 16:41:43,649 - DEBUG - receive_response_headers.complete return_value=(b'HTTP/1.1', 404, b'Not Found', [(b'Content-Type', b'text/plain; charset=utf-8'), (b'Content-Length', b'15'), (b'Connection', b'keep-alive'), (b'Date', b'Fri, 13 Feb 2026 13:41:42 GMT'), (b'ETag', b'W/"f-mY2VvLxuxB7KhsoOdQTlMTccuAQ"'), (b'X-Powered-By', b'huggingface-moon'), (b'X-Request-Id', b'Root=1-698f2a16-0cb65a6f00ba26640cd4d55a;a0d335f2-d6c2-425b-9a0b-5b670b4040f6'), (b'RateLimit', b'"resolvers";r=2982;t=121'), (b'RateLimit-Policy', b'"fixed window";"resolvers";q=3000;w=300'), (b'cross-origin-opener-policy', b'same-origin'), (b'Referrer-Policy', b'strict-origin-when-cross-origin'), (b'Access-Control-Max-Age', b'86400'), (b'Access-Control-Allow-Origin', b'https://huggingface.co'), (b'Vary', b'Origin'), (b'Access-Control-Expose-Headers', b'X-Repo-Commit,X-Request-Id,X-Error-Code,X-Error-Message,X-Total-Count,ETag,Link,Accept-Ranges,Content-Range,X-Linked-Size,X-Linked-ETag,X-Xet-Hash'), (b'X-Repo-Commit', b'c9745ed1d9f207416be6d2e6f8de32d1f16199bf'), (b'Accept-Ranges', b'bytes'), (b'X-Hub-Cache', b'MISS'), (b'X-Error-Code', b'EntryNotFound'), (b'X-Error-Message', b'Entry not found'), (b'X-Cache', b'Error from cloudfront'), (b'Via', b'1.1 b6fc87223e09f11832d8b9304f6b927c.cloudfront.net (CloudFront)'), (b'X-Amz-Cf-Pop', b'NBO50-P2'), (b'X-Amz-Cf-Id', b'QFan1MwfpUypJgOfOB-mnTyMOv8XoLW2qNF8lwXh_EOVoF7h4hFfBw==')])
2026-02-13 16:41:43,653 - INFO - HTTP Request: HEAD https://huggingface.co/sentence-transformers/all-MiniLM-L6-v2/resolve/main/adapter_config.json "HTTP/1.1 404 Not Found"
2026-02-13 16:41:43,654 - DEBUG - receive_response_body.started request=<Request [b'HEAD']>
2026-02-13 16:41:43,655 - DEBUG - receive_response_body.complete
2026-02-13 16:41:43,655 - DEBUG - response_closed.started
2026-02-13 16:41:43,656 - DEBUG - response_closed.complete
2026-02-13 16:41:43,672 - DEBUG - send_request_headers.started request=<Request [b'HEAD']>
2026-02-13 16:41:43,674 - DEBUG - send_request_headers.complete
2026-02-13 16:41:43,675 - DEBUG - send_request_body.started request=<Request [b'HEAD']>
2026-02-13 16:41:43,676 - DEBUG - send_request_body.complete
2026-02-13 16:41:43,676 - DEBUG - receive_response_headers.started request=<Request [b'HEAD']>
2026-02-13 16:41:43,947 - DEBUG - receive_response_headers.complete return_value=(b'HTTP/1.1', 307, b'Temporary Redirect', [(b'Content-Type', b'text/plain; charset=utf-8'), (b'Content-Length', b'280'), (b'Connection', b'keep-alive'), (b'Date', b'Fri, 13 Feb 2026 13:41:42 GMT'), (b'Location', b'/api/resolve-cache/models/sentence-transformers/all-MiniLM-L6-v2/c9745ed1d9f207416be6d2e6f8de32d1f16199bf/config.json?%2Fsentence-transformers%2Fall-MiniLM-L6-v2%2Fresolve%2Fmain%2Fconfig.json=&etag=%2272b987fd805cfa2b58c4c8c952b274a11bfd5a00%22'), (b'X-Powered-By', b'huggingface-moon'), (b'X-Request-Id', b'Root=1-698f2a16-283ecacd62ad31ad393ff1c7;08fd5d65-975f-4e5e-8cf8-869cc060e33e'), (b'RateLimit', b'"resolvers";r=2981;t=121'), (b'RateLimit-Policy', b'"fixed window";"resolvers";q=3000;w=300'), (b'cross-origin-opener-policy', b'same-origin'), (b'Referrer-Policy', b'strict-origin-when-cross-origin'), (b'Access-Control-Max-Age', b'86400'), (b'Access-Control-Allow-Origin', b'https://huggingface.co'), (b'Vary', b'Origin, Accept'), (b'Access-Control-Expose-Headers', b'X-Repo-Commit,X-Request-Id,X-Error-Code,X-Error-Message,X-Total-Count,ETag,Link,Accept-Ranges,Content-Range,X-Linked-Size,X-Linked-ETag,X-Xet-Hash'), (b'X-Repo-Commit', b'c9745ed1d9f207416be6d2e6f8de32d1f16199bf'), (b'Accept-Ranges', b'bytes'), (b'X-HF-Warning', b'unauthenticated; Warning: You are sending unauthenticated requests to the HF Hub. Please set a HF_TOKEN to enable higher rate limits and faster downloads.'), (b'X-Hub-Cache', b'HIT'), (b'Content-Disposition', b'inline; filename*=UTF-8\'\'config.json; filename="config.json";'), (b'Content-Security-Policy', b"default-src 'none'; sandbox"), (b'X-Linked-ETag', b'"72b987fd805cfa2b58c4c8c952b274a11bfd5a00"'), (b'X-Cache', b'Miss from cloudfront'), (b'Via', b'1.1 b6fc87223e09f11832d8b9304f6b927c.cloudfront.net (CloudFront)'), (b'X-Amz-Cf-Pop', b'NBO50-P2'), (b'X-Amz-Cf-Id', b'gDOsg8IGzUwtT6Y7fI6DzhHhTyqu7e1ZqpfB5qGQQCSQKJLgqmXnXQ==')])
2026-02-13 16:41:43,950 - INFO - HTTP Request: HEAD https://huggingface.co/sentence-transformers/all-MiniLM-L6-v2/resolve/main/config.json "HTTP/1.1 307 Temporary Redirect"
2026-02-13 16:41:43,953 - DEBUG - receive_response_body.started request=<Request [b'HEAD']>
2026-02-13 16:41:43,954 - DEBUG - receive_response_body.complete
2026-02-13 16:41:43,955 - DEBUG - response_closed.started
2026-02-13 16:41:43,955 - DEBUG - response_closed.complete
2026-02-13 16:41:43,958 - DEBUG - send_request_headers.started request=<Request [b'HEAD']>
2026-02-13 16:41:43,960 - DEBUG - send_request_headers.complete
2026-02-13 16:41:43,960 - DEBUG - send_request_body.started request=<Request [b'HEAD']>
2026-02-13 16:41:43,961 - DEBUG - send_request_body.complete
2026-02-13 16:41:43,962 - DEBUG - receive_response_headers.started request=<Request [b'HEAD']>
2026-02-13 16:41:43,974 - DEBUG - receive_response_headers.complete return_value=(b'HTTP/1.1', 200, b'OK', [(b'Content-Type', b'text/plain; charset=utf-8'), (b'Content-Length', b'612'), (b'Connection', b'keep-alive'), (b'Date', b'Wed, 25 Jun 2025 18:02:24 GMT'), (b'ETag', b'"72b987fd805cfa2b58c4c8c952b274a11bfd5a00"'), (b'X-Powered-By', b'huggingface-moon'), (b'cross-origin-opener-policy', b'same-origin'), (b'Referrer-Policy', b'strict-origin-when-cross-origin'), (b'X-Request-Id', b'Root=1-685c39b0-1a7ea5081b0617e01b07efac;2b7abf77-45bb-4bde-a5c0-ca0c114a6574'), (b'Access-Control-Allow-Origin', b'https://huggingface.co'), (b'Access-Control-Expose-Headers', b'X-Repo-Commit,X-Request-Id,X-Error-Code,X-Error-Message,X-Total-Count,ETag,Link,Accept-Ranges,Content-Range,X-Linked-Size,X-Linked-ETag,X-Xet-Hash'), (b'X-Repo-Commit', b'c9745ed1d9f207416be6d2e6f8de32d1f16199bf'), (b'Accept-Ranges', b'bytes'), (b'Content-Disposition', b'inline; filename*=UTF-8\'\'config.json; filename="config.json";'), (b'Content-Security-Policy', b"default-src 'none'; sandbox"), (b'Vary', b'Origin'), (b'X-Cache', b'Hit from cloudfront'), (b'Via', b'1.1 b6fc87223e09f11832d8b9304f6b927c.cloudfront.net (CloudFront)'), (b'X-Amz-Cf-Pop', b'NBO50-P2'), (b'X-Amz-Cf-Id', b'FJOXqWQu_uUZp-XDbfLXgNIfGw_7mJsymD_BCtsXUPRWNJZU3MjMVA=='), (b'Age', b'20115558')])
2026-02-13 16:41:43,977 - INFO - HTTP Request: HEAD https://huggingface.co/api/resolve-cache/models/sentence-transformers/all-MiniLM-L6-v2/c9745ed1d9f207416be6d2e6f8de32d1f16199bf/config.json "HTTP/1.1 200 OK"
2026-02-13 16:41:43,978 - DEBUG - receive_response_body.started request=<Request [b'HEAD']>
2026-02-13 16:41:43,978 - DEBUG - receive_response_body.complete
2026-02-13 16:41:43,979 - DEBUG - response_closed.started
2026-02-13 16:41:43,980 - DEBUG - response_closed.complete
2026-02-13 16:41:45,081 - DEBUG - send_request_headers.started request=<Request [b'HEAD']>
2026-02-13 16:41:45,082 - DEBUG - send_request_headers.complete
2026-02-13 16:41:45,082 - DEBUG - send_request_body.started request=<Request [b'HEAD']>
2026-02-13 16:41:45,082 - DEBUG - send_request_body.complete
2026-02-13 16:41:45,083 - DEBUG - receive_response_headers.started request=<Request [b'HEAD']>
2026-02-13 16:41:45,366 - DEBUG - receive_response_headers.complete return_value=(b'HTTP/1.1', 307, b'Temporary Redirect', [(b'Content-Type', b'text/plain; charset=utf-8'), (b'Content-Length', b'280'), (b'Connection', b'keep-alive'), (b'Date', b'Fri, 13 Feb 2026 13:41:44 GMT'), (b'Location', b'/api/resolve-cache/models/sentence-transformers/all-MiniLM-L6-v2/c9745ed1d9f207416be6d2e6f8de32d1f16199bf/config.json?%2Fsentence-transformers%2Fall-MiniLM-L6-v2%2Fresolve%2Fmain%2Fconfig.json=&etag=%2272b987fd805cfa2b58c4c8c952b274a11bfd5a00%22'), (b'X-Powered-By', b'huggingface-moon'), (b'X-Request-Id', b'Root=1-698f2a18-776509c97aee64130cc4af8d;8ea8a8aa-5bf8-490b-93ce-80d13e62658b'), (b'RateLimit', b'"resolvers";r=2980;t=119'), (b'RateLimit-Policy', b'"fixed window";"resolvers";q=3000;w=300'), (b'cross-origin-opener-policy', b'same-origin'), (b'Referrer-Policy', b'strict-origin-when-cross-origin'), (b'Access-Control-Max-Age', b'86400'), (b'Access-Control-Allow-Origin', b'https://huggingface.co'), (b'Vary', b'Origin, Accept'), (b'Access-Control-Expose-Headers', b'X-Repo-Commit,X-Request-Id,X-Error-Code,X-Error-Message,X-Total-Count,ETag,Link,Accept-Ranges,Content-Range,X-Linked-Size,X-Linked-ETag,X-Xet-Hash'), (b'X-Repo-Commit', b'c9745ed1d9f207416be6d2e6f8de32d1f16199bf'), (b'Accept-Ranges', b'bytes'), (b'X-Hub-Cache', b'HIT'), (b'Content-Disposition', b'inline; filename*=UTF-8\'\'config.json; filename="config.json";'), (b'Content-Security-Policy', b"default-src 'none'; sandbox"), (b'X-Linked-ETag', b'"72b987fd805cfa2b58c4c8c952b274a11bfd5a00"'), (b'X-Cache', b'Miss from cloudfront'), (b'Via', b'1.1 b6fc87223e09f11832d8b9304f6b927c.cloudfront.net (CloudFront)'), (b'X-Amz-Cf-Pop', b'NBO50-P2'), (b'X-Amz-Cf-Id', b'bkdirKXkBhRtUFOFahQB7TCOHsBdCFH4fHxVToYMVqb_wkoK1Xq31g==')])
2026-02-13 16:41:45,367 - INFO - HTTP Request: HEAD https://huggingface.co/sentence-transformers/all-MiniLM-L6-v2/resolve/main/config.json "HTTP/1.1 307 Temporary Redirect"
2026-02-13 16:41:45,367 - DEBUG - receive_response_body.started request=<Request [b'HEAD']>
2026-02-13 16:41:45,368 - DEBUG - receive_response_body.complete
2026-02-13 16:41:45,368 - DEBUG - response_closed.started
2026-02-13 16:41:45,368 - DEBUG - response_closed.complete
2026-02-13 16:41:45,369 - DEBUG - send_request_headers.started request=<Request [b'HEAD']>
2026-02-13 16:41:45,370 - DEBUG - send_request_headers.complete
2026-02-13 16:41:45,370 - DEBUG - send_request_body.started request=<Request [b'HEAD']>
2026-02-13 16:41:45,370 - DEBUG - send_request_body.complete
2026-02-13 16:41:45,370 - DEBUG - receive_response_headers.started request=<Request [b'HEAD']>
2026-02-13 16:41:45,381 - DEBUG - receive_response_headers.complete return_value=(b'HTTP/1.1', 200, b'OK', [(b'Content-Type', b'text/plain; charset=utf-8'), (b'Content-Length', b'612'), (b'Connection', b'keep-alive'), (b'Date', b'Wed, 25 Jun 2025 18:02:24 GMT'), (b'ETag', b'"72b987fd805cfa2b58c4c8c952b274a11bfd5a00"'), (b'X-Powered-By', b'huggingface-moon'), (b'cross-origin-opener-policy', b'same-origin'), (b'Referrer-Policy', b'strict-origin-when-cross-origin'), (b'X-Request-Id', b'Root=1-685c39b0-1a7ea5081b0617e01b07efac;2b7abf77-45bb-4bde-a5c0-ca0c114a6574'), (b'Access-Control-Allow-Origin', b'https://huggingface.co'), (b'Access-Control-Expose-Headers', b'X-Repo-Commit,X-Request-Id,X-Error-Code,X-Error-Message,X-Total-Count,ETag,Link,Accept-Ranges,Content-Range,X-Linked-Size,X-Linked-ETag,X-Xet-Hash'), (b'X-Repo-Commit', b'c9745ed1d9f207416be6d2e6f8de32d1f16199bf'), (b'Accept-Ranges', b'bytes'), (b'Content-Disposition', b'inline; filename*=UTF-8\'\'config.json; filename="config.json";'), (b'Content-Security-Policy', b"default-src 'none'; sandbox"), (b'Vary', b'Origin'), (b'X-Cache', b'Hit from cloudfront'), (b'Via', b'1.1 b6fc87223e09f11832d8b9304f6b927c.cloudfront.net (CloudFront)'), (b'X-Amz-Cf-Pop', b'NBO50-P2'), (b'X-Amz-Cf-Id', b'JFIPWFJxJWb2jiSNRpKuulTcWtRLHvv_qrxMt4JpLT2aQi1ZaNVFSg=='), (b'Age', b'20115560')])
2026-02-13 16:41:45,382 - INFO - HTTP Request: HEAD https://huggingface.co/api/resolve-cache/models/sentence-transformers/all-MiniLM-L6-v2/c9745ed1d9f207416be6d2e6f8de32d1f16199bf/config.json "HTTP/1.1 200 OK"
2026-02-13 16:41:45,382 - DEBUG - receive_response_body.started request=<Request [b'HEAD']>
2026-02-13 16:41:45,382 - DEBUG - receive_response_body.complete
2026-02-13 16:41:45,383 - DEBUG - response_closed.started
2026-02-13 16:41:45,383 - DEBUG - response_closed.complete
2026-02-13 16:41:45,389 - DEBUG - send_request_headers.started request=<Request [b'HEAD']>
2026-02-13 16:41:45,389 - DEBUG - send_request_headers.complete
2026-02-13 16:41:45,390 - DEBUG - send_request_body.started request=<Request [b'HEAD']>
2026-02-13 16:41:45,390 - DEBUG - send_request_body.complete
2026-02-13 16:41:45,390 - DEBUG - receive_response_headers.started request=<Request [b'HEAD']>
2026-02-13 16:41:45,687 - DEBUG - receive_response_headers.complete return_value=(b'HTTP/1.1', 307, b'Temporary Redirect', [(b'Content-Type', b'text/plain; charset=utf-8'), (b'Content-Length', b'300'), (b'Connection', b'keep-alive'), (b'Date', b'Fri, 13 Feb 2026 13:41:44 GMT'), (b'Location', b'/api/resolve-cache/models/sentence-transformers/all-MiniLM-L6-v2/c9745ed1d9f207416be6d2e6f8de32d1f16199bf/tokenizer_config.json?%2Fsentence-transformers%2Fall-MiniLM-L6-v2%2Fresolve%2Fmain%2Ftokenizer_config.json=&etag=%22c79f2b6a0cea6f4b564fed1938984bace9d30ff0%22'), (b'X-Powered-By', b'huggingface-moon'), (b'X-Request-Id', b'Root=1-698f2a18-4cfeddfd1a2f01ac6abf34ca;03083f0d-f4d9-4808-bb71-680189c3dc3e'), (b'RateLimit', b'"resolvers";r=2979;t=119'), (b'RateLimit-Policy', b'"fixed window";"resolvers";q=3000;w=300'), (b'cross-origin-opener-policy', b'same-origin'), (b'Referrer-Policy', b'strict-origin-when-cross-origin'), (b'Access-Control-Max-Age', b'86400'), (b'Access-Control-Allow-Origin', b'https://huggingface.co'), (b'Vary', b'Origin, Accept'), (b'Access-Control-Expose-Headers', b'X-Repo-Commit,X-Request-Id,X-Error-Code,X-Error-Message,X-Total-Count,ETag,Link,Accept-Ranges,Content-Range,X-Linked-Size,X-Linked-ETag,X-Xet-Hash'), (b'X-Repo-Commit', b'c9745ed1d9f207416be6d2e6f8de32d1f16199bf'), (b'Accept-Ranges', b'bytes'), (b'X-Hub-Cache', b'HIT'), (b'Content-Disposition', b'inline; filename*=UTF-8\'\'tokenizer_config.json; filename="tokenizer_config.json";'), (b'Content-Security-Policy', b"default-src 'none'; sandbox"), (b'X-Linked-ETag', b'"c79f2b6a0cea6f4b564fed1938984bace9d30ff0"'), (b'X-Cache', b'Miss from cloudfront'), (b'Via', b'1.1 b6fc87223e09f11832d8b9304f6b927c.cloudfront.net (CloudFront)'), (b'X-Amz-Cf-Pop', b'NBO50-P2'), (b'X-Amz-Cf-Id', b'NcK7jpmQ-L8KdCA4yArbJelcZ3a3kjE4FnyI5d6KDjQN304rNg48Gw==')])
2026-02-13 16:41:45,689 - INFO - HTTP Request: HEAD https://huggingface.co/sentence-transformers/all-MiniLM-L6-v2/resolve/main/tokenizer_config.json "HTTP/1.1 307 Temporary Redirect"
2026-02-13 16:41:45,692 - DEBUG - receive_response_body.started request=<Request [b'HEAD']>
2026-02-13 16:41:45,693 - DEBUG - receive_response_body.complete
2026-02-13 16:41:45,693 - DEBUG - response_closed.started
2026-02-13 16:41:45,694 - DEBUG - response_closed.complete
2026-02-13 16:41:45,697 - DEBUG - send_request_headers.started request=<Request [b'HEAD']>
2026-02-13 16:41:45,698 - DEBUG - send_request_headers.complete
2026-02-13 16:41:45,699 - DEBUG - send_request_body.started request=<Request [b'HEAD']>
2026-02-13 16:41:45,700 - DEBUG - send_request_body.complete
2026-02-13 16:41:45,700 - DEBUG - receive_response_headers.started request=<Request [b'HEAD']>
2026-02-13 16:41:45,713 - DEBUG - receive_response_headers.complete return_value=(b'HTTP/1.1', 200, b'OK', [(b'Content-Type', b'text/plain; charset=utf-8'), (b'Content-Length', b'350'), (b'Connection', b'keep-alive'), (b'Date', b'Fri, 27 Jun 2025 08:23:00 GMT'), (b'ETag', b'"c79f2b6a0cea6f4b564fed1938984bace9d30ff0"'), (b'X-Powered-By', b'huggingface-moon'), (b'cross-origin-opener-policy', b'same-origin'), (b'Referrer-Policy', b'strict-origin-when-cross-origin'), (b'X-Request-Id', b'Root=1-685e54e4-185fabac3ee499f1325b7683;ac28f8a9-2ca5-4215-a430-8da70930e987'), (b'Access-Control-Allow-Origin', b'https://huggingface.co'), (b'Access-Control-Expose-Headers', b'X-Repo-Commit,X-Request-Id,X-Error-Code,X-Error-Message,X-Total-Count,ETag,Link,Accept-Ranges,Content-Range,X-Linked-Size,X-Linked-ETag,X-Xet-Hash'), (b'X-Repo-Commit', b'c9745ed1d9f207416be6d2e6f8de32d1f16199bf'), (b'Accept-Ranges', b'bytes'), (b'Content-Disposition', b'inline; filename*=UTF-8\'\'tokenizer_config.json; filename="tokenizer_config.json";'), (b'Content-Security-Policy', b"default-src 'none'; sandbox"), (b'Vary', b'Origin'), (b'X-Cache', b'Hit from cloudfront'), (b'Via', b'1.1 b6fc87223e09f11832d8b9304f6b927c.cloudfront.net (CloudFront)'), (b'X-Amz-Cf-Pop', b'NBO50-P2'), (b'X-Amz-Cf-Id', b'Rdn-LW2g_BKy164S13jrqcJN4V_I-0jBs-ZLnJ0fScW0_8jGWO0OTQ=='), (b'Age', b'19977524')])
2026-02-13 16:41:45,714 - INFO - HTTP Request: HEAD https://huggingface.co/api/resolve-cache/models/sentence-transformers/all-MiniLM-L6-v2/c9745ed1d9f207416be6d2e6f8de32d1f16199bf/tokenizer_config.json "HTTP/1.1 200 OK"
2026-02-13 16:41:45,715 - DEBUG - receive_response_body.started request=<Request [b'HEAD']>
2026-02-13 16:41:45,716 - DEBUG - receive_response_body.complete
2026-02-13 16:41:45,716 - DEBUG - response_closed.started
2026-02-13 16:41:45,717 - DEBUG - response_closed.complete
2026-02-13 16:41:45,746 - DEBUG - send_request_headers.started request=<Request [b'GET']>
2026-02-13 16:41:45,747 - DEBUG - send_request_headers.complete
2026-02-13 16:41:45,748 - DEBUG - send_request_body.started request=<Request [b'GET']>
2026-02-13 16:41:45,748 - DEBUG - send_request_body.complete
2026-02-13 16:41:45,749 - DEBUG - receive_response_headers.started request=<Request [b'GET']>
2026-02-13 16:41:45,984 - DEBUG - receive_response_headers.complete return_value=(b'HTTP/1.1', 404, b'Not Found', [(b'Content-Type', b'application/json; charset=utf-8'), (b'Content-Length', b'64'), (b'Connection', b'keep-alive'), (b'Date', b'Fri, 13 Feb 2026 13:41:44 GMT'), (b'ETag', b'W/"40-09f9IAqP13xarAhQxFS2W8rvRkM"'), (b'X-Powered-By', b'huggingface-moon'), (b'X-Request-Id', b'Root=1-698f2a18-4ae246d01a4f6b16276a175f;3c82a0ef-1a08-47db-a9a7-174227766360'), (b'RateLimit', b'"api";r=496;t=119'), (b'RateLimit-Policy', b'"fixed window";"api";q=500;w=300'), (b'cross-origin-opener-policy', b'same-origin'), (b'Referrer-Policy', b'strict-origin-when-cross-origin'), (b'Access-Control-Max-Age', b'86400'), (b'Access-Control-Allow-Origin', b'https://huggingface.co'), (b'Vary', b'Origin'), (b'Access-Control-Expose-Headers', b'X-Repo-Commit,X-Request-Id,X-Error-Code,X-Error-Message,X-Total-Count,ETag,Link,Accept-Ranges,Content-Range,X-Linked-Size,X-Linked-ETag,X-Xet-Hash'), (b'X-Error-Code', b'EntryNotFound'), (b'X-Error-Message', b'additional_chat_templates does not exist on "main"'), (b'X-Cache', b'Error from cloudfront'), (b'Via', b'1.1 b6fc87223e09f11832d8b9304f6b927c.cloudfront.net (CloudFront)'), (b'X-Amz-Cf-Pop', b'NBO50-P2'), (b'X-Amz-Cf-Id', b'r0PZuVHTx57Y34SGGbYGN0RCtIZ8jFJ1XXgUEq7sdLkkCwjB69C6OQ==')])
2026-02-13 16:41:45,985 - INFO - HTTP Request: GET https://huggingface.co/api/models/sentence-transformers/all-MiniLM-L6-v2/tree/main/additional_chat_templates?recursive=false&expand=false "HTTP/1.1 404 Not Found"
2026-02-13 16:41:45,985 - DEBUG - receive_response_body.started request=<Request [b'GET']>
2026-02-13 16:41:45,986 - DEBUG - receive_response_body.complete
2026-02-13 16:41:45,986 - DEBUG - response_closed.started
2026-02-13 16:41:45,987 - DEBUG - response_closed.complete
2026-02-13 16:41:45,991 - DEBUG - send_request_headers.started request=<Request [b'GET']>
2026-02-13 16:41:45,992 - DEBUG - send_request_headers.complete
2026-02-13 16:41:45,992 - DEBUG - send_request_body.started request=<Request [b'GET']>
2026-02-13 16:41:45,993 - DEBUG - send_request_body.complete
2026-02-13 16:41:45,993 - DEBUG - receive_response_headers.started request=<Request [b'GET']>
2026-02-13 16:41:46,301 - DEBUG - receive_response_headers.complete return_value=(b'HTTP/1.1', 200, b'OK', [(b'Content-Type', b'application/json; charset=utf-8'), (b'Content-Length', b'6465'), (b'Connection', b'keep-alive'), (b'Date', b'Fri, 13 Feb 2026 13:41:45 GMT'), (b'ETag', b'W/"1941-m0CqwCT0eLaAYulV6LKBoBypnns"'), (b'X-Powered-By', b'huggingface-moon'), (b'X-Request-Id', b'Root=1-698f2a19-1c86d7ae1899617b49309924;22b9249e-e882-4ac7-865a-7a3a915be089'), (b'RateLimit', b'"api";r=495;t=118'), (b'RateLimit-Policy', b'"fixed window";"api";q=500;w=300'), (b'cross-origin-opener-policy', b'same-origin'), (b'Referrer-Policy', b'strict-origin-when-cross-origin'), (b'Access-Control-Max-Age', b'86400'), (b'Access-Control-Allow-Origin', b'https://huggingface.co'), (b'Vary', b'Origin'), (b'Access-Control-Expose-Headers', b'X-Repo-Commit,X-Request-Id,X-Error-Code,X-Error-Message,X-Total-Count,ETag,Link,Accept-Ranges,Content-Range,X-Linked-Size,X-Linked-ETag,X-Xet-Hash'), (b'X-Cache', b'Miss from cloudfront'), (b'Via', b'1.1 b6fc87223e09f11832d8b9304f6b927c.cloudfront.net (CloudFront)'), (b'X-Amz-Cf-Pop', b'NBO50-P2'), (b'X-Amz-Cf-Id', b'wGNoloW5VZhULrQGHraX3bRfx2lGVFenyzbrIHHFC4iXorHSwExUQg==')])
2026-02-13 16:41:46,303 - INFO - HTTP Request: GET https://huggingface.co/api/models/sentence-transformers/all-MiniLM-L6-v2/tree/main?recursive=true&expand=false "HTTP/1.1 200 OK"
2026-02-13 16:41:46,303 - DEBUG - receive_response_body.started request=<Request [b'GET']>
2026-02-13 16:41:46,304 - DEBUG - receive_response_body.complete
2026-02-13 16:41:46,304 - DEBUG - response_closed.started
2026-02-13 16:41:46,304 - DEBUG - response_closed.complete
2026-02-13 16:41:46,524 - DEBUG - send_request_headers.started request=<Request [b'HEAD']>
2026-02-13 16:41:46,525 - DEBUG - send_request_headers.complete
2026-02-13 16:41:46,525 - DEBUG - send_request_body.started request=<Request [b'HEAD']>
2026-02-13 16:41:46,525 - DEBUG - send_request_body.complete
2026-02-13 16:41:46,525 - DEBUG - receive_response_headers.started request=<Request [b'HEAD']>
2026-02-13 16:41:46,813 - DEBUG - receive_response_headers.complete return_value=(b'HTTP/1.1', 307, b'Temporary Redirect', [(b'Content-Type', b'text/plain; charset=utf-8'), (b'Content-Length', b'304'), (b'Connection', b'keep-alive'), (b'Date', b'Fri, 13 Feb 2026 13:41:45 GMT'), (b'Location', b'/api/resolve-cache/models/sentence-transformers/all-MiniLM-L6-v2/c9745ed1d9f207416be6d2e6f8de32d1f16199bf/1_Pooling%2Fconfig.json?%2Fsentence-transformers%2Fall-MiniLM-L6-v2%2Fresolve%2Fmain%2F1_Pooling%2Fconfig.json=&etag=%22d1514c3162bbe87b343f565fadc62e6c06f04f03%22'), (b'X-Powered-By', b'huggingface-moon'), (b'X-Request-Id', b'Root=1-698f2a19-25d41d23106f877554b7f2d2;5568212f-62ad-46bf-937a-65870296e3c8'), (b'RateLimit', b'"resolvers";r=2978;t=118'), (b'RateLimit-Policy', b'"fixed window";"resolvers";q=3000;w=300'), (b'cross-origin-opener-policy', b'same-origin'), (b'Referrer-Policy', b'strict-origin-when-cross-origin'), (b'Access-Control-Max-Age', b'86400'), (b'Access-Control-Allow-Origin', b'https://huggingface.co'), (b'Vary', b'Origin, Accept'), (b'Access-Control-Expose-Headers', b'X-Repo-Commit,X-Request-Id,X-Error-Code,X-Error-Message,X-Total-Count,ETag,Link,Accept-Ranges,Content-Range,X-Linked-Size,X-Linked-ETag,X-Xet-Hash'), (b'X-Repo-Commit', b'c9745ed1d9f207416be6d2e6f8de32d1f16199bf'), (b'Accept-Ranges', b'bytes'), (b'X-Hub-Cache', b'HIT'), (b'Content-Disposition', b'inline; filename*=UTF-8\'\'config.json; filename="config.json";'), (b'Content-Security-Policy', b"default-src 'none'; sandbox"), (b'X-Linked-ETag', b'"d1514c3162bbe87b343f565fadc62e6c06f04f03"'), (b'X-Cache', b'Miss from cloudfront'), (b'Via', b'1.1 b6fc87223e09f11832d8b9304f6b927c.cloudfront.net (CloudFront)'), (b'X-Amz-Cf-Pop', b'NBO50-P2'), (b'X-Amz-Cf-Id', b'CZah9hQh4aedZQQs7er3Ka-1rCbh_YlMd3gLDdZNchZdjePhTMmTZA==')])
2026-02-13 16:41:46,815 - INFO - HTTP Request: HEAD https://huggingface.co/sentence-transformers/all-MiniLM-L6-v2/resolve/main/1_Pooling/config.json "HTTP/1.1 307 Temporary Redirect"
2026-02-13 16:41:46,816 - DEBUG - receive_response_body.started request=<Request [b'HEAD']>
2026-02-13 16:41:46,817 - DEBUG - receive_response_body.complete
2026-02-13 16:41:46,817 - DEBUG - response_closed.started
2026-02-13 16:41:46,817 - DEBUG - response_closed.complete
2026-02-13 16:41:46,819 - DEBUG - send_request_headers.started request=<Request [b'HEAD']>
2026-02-13 16:41:46,820 - DEBUG - send_request_headers.complete
2026-02-13 16:41:46,820 - DEBUG - send_request_body.started request=<Request [b'HEAD']>
2026-02-13 16:41:46,821 - DEBUG - send_request_body.complete
2026-02-13 16:41:46,821 - DEBUG - receive_response_headers.started request=<Request [b'HEAD']>
2026-02-13 16:41:46,832 - DEBUG - receive_response_headers.complete return_value=(b'HTTP/1.1', 200, b'OK', [(b'Content-Type', b'text/plain; charset=utf-8'), (b'Content-Length', b'190'), (b'Connection', b'keep-alive'), (b'Date', b'Fri, 27 Jun 2025 08:23:06 GMT'), (b'ETag', b'"d1514c3162bbe87b343f565fadc62e6c06f04f03"'), (b'X-Powered-By', b'huggingface-moon'), (b'cross-origin-opener-policy', b'same-origin'), (b'Referrer-Policy', b'strict-origin-when-cross-origin'), (b'X-Request-Id', b'Root=1-685e54ea-5e52ba932dfca7c535deadff;b81f1be1-2e68-4d99-9c39-0921c632853e'), (b'Access-Control-Allow-Origin', b'https://huggingface.co'), (b'Access-Control-Expose-Headers', b'X-Repo-Commit,X-Request-Id,X-Error-Code,X-Error-Message,X-Total-Count,ETag,Link,Accept-Ranges,Content-Range,X-Linked-Size,X-Linked-ETag,X-Xet-Hash'), (b'X-Repo-Commit', b'c9745ed1d9f207416be6d2e6f8de32d1f16199bf'), (b'Accept-Ranges', b'bytes'), (b'Content-Disposition', b'inline; filename*=UTF-8\'\'config.json; filename="config.json";'), (b'Content-Security-Policy', b"default-src 'none'; sandbox"), (b'Vary', b'Origin'), (b'X-Cache', b'Hit from cloudfront'), (b'Via', b'1.1 b6fc87223e09f11832d8b9304f6b927c.cloudfront.net (CloudFront)'), (b'X-Amz-Cf-Pop', b'NBO50-P2'), (b'X-Amz-Cf-Id', b'60iWDTkhPeymDCJ2u_K16XX4lzHac-T5aYgt0gMa2NLWyuYmKo2N8g=='), (b'Age', b'19977519')])
2026-02-13 16:41:46,833 - INFO - HTTP Request: HEAD https://huggingface.co/api/resolve-cache/models/sentence-transformers/all-MiniLM-L6-v2/c9745ed1d9f207416be6d2e6f8de32d1f16199bf/1_Pooling%2Fconfig.json "HTTP/1.1 200 OK"
2026-02-13 16:41:46,834 - DEBUG - receive_response_body.started request=<Request [b'HEAD']>
2026-02-13 16:41:46,834 - DEBUG - receive_response_body.complete
2026-02-13 16:41:46,835 - DEBUG - response_closed.started
2026-02-13 16:41:46,835 - DEBUG - response_closed.complete
2026-02-13 16:41:46,844 - DEBUG - send_request_headers.started request=<Request [b'GET']>
2026-02-13 16:41:46,845 - DEBUG - send_request_headers.complete
2026-02-13 16:41:46,846 - DEBUG - send_request_body.started request=<Request [b'GET']>
2026-02-13 16:41:46,847 - DEBUG - send_request_body.complete
2026-02-13 16:41:46,847 - DEBUG - receive_response_headers.started request=<Request [b'GET']>
2026-02-13 16:41:47,121 - DEBUG - receive_response_headers.complete return_value=(b'HTTP/1.1', 200, b'OK', [(b'Content-Type', b'application/json; charset=utf-8'), (b'Content-Length', b'6866'), (b'Connection', b'keep-alive'), (b'Date', b'Fri, 13 Feb 2026 13:41:45 GMT'), (b'ETag', b'W/"1ad2-LyWoUoO1WVNVeX1hOsIRxKBqs4U"'), (b'X-Powered-By', b'huggingface-moon'), (b'X-Request-Id', b'Root=1-698f2a19-0b43261a16b193ad5e70fdc2;baaaaec2-ef4f-4638-ab27-6ab2cf18b935'), (b'RateLimit', b'"api";r=494;t=118'), (b'RateLimit-Policy', b'"fixed window";"api";q=500;w=300'), (b'cross-origin-opener-policy', b'same-origin'), (b'Referrer-Policy', b'strict-origin-when-cross-origin'), (b'Access-Control-Max-Age', b'86400'), (b'Access-Control-Allow-Origin', b'https://huggingface.co'), (b'Vary', b'Origin'), (b'Access-Control-Expose-Headers', b'X-Repo-Commit,X-Request-Id,X-Error-Code,X-Error-Message,X-Total-Count,ETag,Link,Accept-Ranges,Content-Range,X-Linked-Size,X-Linked-ETag,X-Xet-Hash'), (b'X-Cache', b'Miss from cloudfront'), (b'Via', b'1.1 b6fc87223e09f11832d8b9304f6b927c.cloudfront.net (CloudFront)'), (b'X-Amz-Cf-Pop', b'NBO50-P2'), (b'X-Amz-Cf-Id', b'bA51HWFgmqc72NjrZB3cQzvXKS3VB8sRsjZXyXyEL4dKCeczvfqzBQ==')])
2026-02-13 16:41:47,122 - INFO - HTTP Request: GET https://huggingface.co/api/models/sentence-transformers/all-MiniLM-L6-v2 "HTTP/1.1 200 OK"
2026-02-13 16:41:47,122 - DEBUG - receive_response_body.started request=<Request [b'GET']>
2026-02-13 16:41:47,123 - DEBUG - receive_response_body.complete
2026-02-13 16:41:47,123 - DEBUG - response_closed.started
2026-02-13 16:41:47,124 - DEBUG - response_closed.complete
2026-02-13 16:41:47,618 - INFO - [System] Local Mind initialized.
2026-02-13 16:41:48,672 - DEBUG - CoInitializeEx(None, 2)
2026-02-13 16:41:48,827 - INFO - Could not import comtypes.gen, trying to create it.
2026-02-13 16:41:48,828 - INFO - Created comtypes.gen directory: 'C:\Users\Administrator\AppData\Local\Python\pythoncore-3.14-64\Lib\site-packages\comtypes\gen'
2026-02-13 16:41:48,829 - INFO - Writing __init__.py file: 'C:\Users\Administrator\AppData\Local\Python\pythoncore-3.14-64\Lib\site-packages\comtypes\gen\__init__.py'
2026-02-13 16:41:48,856 - INFO - Using writeable comtypes cache directory: 'C:\Users\Administrator\AppData\Local\Python\pythoncore-3.14-64\Lib\site-packages\comtypes\gen'
2026-02-13 16:41:48,862 - DEBUG - SAPI.SpVoice -> {96749377-3391-11D2-9EE3-00C04F797396}
2026-02-13 16:41:48,862 - DEBUG - CoCreateInstance({96749377-3391-11D2-9EE3-00C04F797396}, clsctx=None, interface=None)
2026-02-13 16:41:48,920 - DEBUG - GetBestInterface(<POINTER(IUnknown) ptr=0x2815ef9dc90 at 2811da9df90>)
2026-02-13 16:41:48,920 - DEBUG - Does implement IProvideClassInfo
2026-02-13 16:41:48,928 - DEBUG - Default interface is {269316D8-57BD-11D2-9EEE-00C04F797396}
2026-02-13 16:41:48,928 - DEBUG - Release <POINTER(IUnknown) ptr=0x2815ef9dcd0 at 2811da9ec10>
2026-02-13 16:41:48,929 - DEBUG - GetModule(TLIBATTR(GUID={C866CA3A-32F7-11D2-9602-00C04F8EE628}, Version=5.4, LCID=0, FLags=0x8))
2026-02-13 16:41:48,930 - INFO - Could not import comtypes.gen._C866CA3A_32F7_11D2_9602_00C04F8EE628_0_5_4: No module named 'comtypes.gen._C866CA3A_32F7_11D2_9602_00C04F8EE628_0_5_4'
2026-02-13 16:41:48,942 - INFO - # Generating comtypes.gen._C866CA3A_32F7_11D2_9602_00C04F8EE628_0_5_4
2026-02-13 16:41:48,951 - DEBUG - Release <POINTER(ITypeInfo) ptr=0x28117ebb710 at 2811db2c8f0>
2026-02-13 16:41:48,952 - DEBUG - Release <POINTER(ITypeInfo) ptr=0x28117ebb710 at 2811db34310>
2026-02-13 16:41:48,953 - DEBUG - Release <POINTER(ITypeInfo) ptr=0x28117aca258 at 2811db2c330>
2026-02-13 16:41:48,954 - DEBUG - Release <POINTER(ITypeInfo) ptr=0x28117ebb768 at 2811d9ed0d0>
2026-02-13 16:41:48,954 - DEBUG - Release <POINTER(ITypeLib) ptr=0x28113351bb0 at 2811db44050>
2026-02-13 16:41:48,954 - DEBUG - Release <POINTER(ITypeInfo) ptr=0x28117ebb710 at 2811d9ecad0>
2026-02-13 16:41:48,957 - DEBUG - Release <POINTER(ITypeInfo) ptr=0x28117ebb710 at 2811da57110>
2026-02-13 16:41:48,962 - DEBUG - Release <POINTER(ITypeLib) ptr=0x28113351bb0 at 2811da72cf0>
2026-02-13 16:41:48,962 - DEBUG - Release <POINTER(ITypeInfo) ptr=0x28117ebb920 at 2811dab9040>
2026-02-13 16:41:48,963 - DEBUG - Release <POINTER(ITypeInfo) ptr=0x28117ebb710 at 2811dab9040>
2026-02-13 16:41:48,965 - DEBUG - Release <POINTER(ITypeInfo) ptr=0x28117ebb7c0 at 2811da86e40>
2026-02-13 16:41:48,966 - DEBUG - Release <POINTER(ITypeInfo) ptr=0x28117aca258 at 2811da86d50>
2026-02-13 16:41:48,967 - DEBUG - Release <POINTER(ITypeInfo) ptr=0x28117ebb9d0 at 2811da63450>
2026-02-13 16:41:48,967 - DEBUG - Release <POINTER(ITypeLib) ptr=0x28113351bb0 at 2811da72cf0>
2026-02-13 16:41:48,967 - DEBUG - Release <POINTER(ITypeInfo) ptr=0x28117ebb978 at 2811da63350>
2026-02-13 16:41:48,967 - DEBUG - Release <POINTER(ITypeInfo) ptr=0x28117aca258 at 2811da07890>
2026-02-13 16:41:48,968 - DEBUG - Release <POINTER(ITypeInfo) ptr=0x28117ebb8c8 at 2811da75f30>
2026-02-13 16:41:48,968 - DEBUG - Release <POINTER(ITypeLib) ptr=0x28113351bb0 at 2811db2c8f0>
2026-02-13 16:41:48,968 - DEBUG - Release <POINTER(ITypeInfo) ptr=0x28117ebb870 at 2811da76060>
2026-02-13 16:41:48,970 - DEBUG - Release <POINTER(ITypeLib) ptr=0x28113351bb0 at 2811da57110>
2026-02-13 16:41:48,971 - DEBUG - Release <POINTER(ITypeInfo) ptr=0x28117ebba28 at 2811d97f230>
2026-02-13 16:41:48,973 - DEBUG - Release <POINTER(ITypeLib) ptr=0x28113351bb0 at 2811da76060>
2026-02-13 16:41:48,973 - DEBUG - Release <POINTER(ITypeInfo) ptr=0x28117ebba80 at 2811d97f230>
2026-02-13 16:41:48,974 - DEBUG - Release <POINTER(ITypeInfo) ptr=0x28117aca258 at 2811da56e90>
2026-02-13 16:41:48,975 - DEBUG - Release <POINTER(ITypeInfo) ptr=0x28117ebb818 at 2811da730e0>
2026-02-13 16:41:48,975 - DEBUG - Release <POINTER(ITypeLib) ptr=0x28113351bb0 at 2811d9ecad0>
2026-02-13 16:41:48,975 - DEBUG - Release <POINTER(ITypeInfo) ptr=0x28117ebb7c0 at 2811da72f90>
2026-02-13 16:41:48,975 - DEBUG - Release <POINTER(ITypeInfo) ptr=0x28117ebb870 at 2811db29570>
2026-02-13 16:41:48,976 - DEBUG - Release <POINTER(ITypeInfo) ptr=0x28117ebb920 at 2811c06eb10>
2026-02-13 16:41:48,977 - DEBUG - Release <POINTER(ITypeInfo) ptr=0x28117ebb978 at 2811c06ebd0>
2026-02-13 16:41:48,977 - DEBUG - Release <POINTER(ITypeInfo) ptr=0x28117ebba28 at 2811c08e8e0>
2026-02-13 16:41:48,977 - DEBUG - Release <POINTER(ITypeInfo) ptr=0x28117ebba80 at 2811dacefc0>
2026-02-13 16:41:48,980 - DEBUG - Release <POINTER(ITypeInfo) ptr=0x28117aca258 at 2811d937c80>
2026-02-13 16:41:48,981 - DEBUG - Release <POINTER(ITypeInfo) ptr=0x28117ebbb30 at 2811db64190>
2026-02-13 16:41:48,981 - DEBUG - Release <POINTER(ITypeLib) ptr=0x28113351bb0 at 2811da76060>
2026-02-13 16:41:48,981 - DEBUG - Release <POINTER(ITypeInfo) ptr=0x28117ebbad8 at 2811da4bed0>
2026-02-13 16:41:48,985 - DEBUG - Release <POINTER(ITypeLib) ptr=0x28113351bb0 at 2811da63750>
2026-02-13 16:41:48,986 - DEBUG - Release <POINTER(ITypeInfo) ptr=0x28117ebbc38 at 2811db5c7a0>
2026-02-13 16:41:48,987 - DEBUG - Release <POINTER(ITypeInfo) ptr=0x28117aca258 at 2811d937e30>
2026-02-13 16:41:48,987 - DEBUG - Release <POINTER(ITypeInfo) ptr=0x28117ebbbe0 at 2811d937da0>
2026-02-13 16:41:48,987 - DEBUG - Release <POINTER(ITypeLib) ptr=0x28113351bb0 at 2811dab9370>
2026-02-13 16:41:48,987 - DEBUG - Release <POINTER(ITypeInfo) ptr=0x28117ebbb88 at 2811d937c80>
2026-02-13 16:41:48,988 - DEBUG - Release <POINTER(ITypeInfo) ptr=0x28117ebbc38 at 2811d937b60>
2026-02-13 16:41:49,002 - DEBUG - Release <POINTER(ITypeLib) ptr=0x28113351bb0 at 2811da86990>
2026-02-13 16:41:49,003 - DEBUG - Release <POINTER(ITypeInfo) ptr=0x28117ebbd40 at 2811db5c830>
2026-02-13 16:41:49,004 - DEBUG - Release <POINTER(ITypeInfo) ptr=0x28117ebbd40 at 2811db5c0e0>
2026-02-13 16:41:49,010 - DEBUG - Release <POINTER(ITypeInfo) ptr=0x28117aca258 at 2811db5cb90>
2026-02-13 16:41:49,010 - DEBUG - Release <POINTER(ITypeInfo) ptr=0x28117ebbdf0 at 2811db5c8c0>
2026-02-13 16:41:49,010 - DEBUG - Release <POINTER(ITypeLib) ptr=0x28113351bb0 at 2811d97f150>
2026-02-13 16:41:49,010 - DEBUG - Release <POINTER(ITypeInfo) ptr=0x28117ebbd98 at 2811db5c5f0>
2026-02-13 16:41:49,011 - DEBUG - Release <POINTER(ITypeInfo) ptr=0x28117ebbd98 at 2811db5c3b0>
2026-02-13 16:41:49,012 - DEBUG - Release <POINTER(ITypeInfo) ptr=0x28117aca258 at 2811d937da0>
2026-02-13 16:41:49,012 - DEBUG - Release <POINTER(ITypeInfo) ptr=0x28117ebbce8 at 2811d937b60>
2026-02-13 16:41:49,012 - DEBUG - Release <POINTER(ITypeLib) ptr=0x28113351bb0 at 2811da63750>
2026-02-13 16:41:49,013 - DEBUG - Release <POINTER(ITypeInfo) ptr=0x28117ebbc90 at 2811d937c80>
2026-02-13 16:41:49,013 - DEBUG - Release <POINTER(ITypeInfo) ptr=0x28117ebbd40 at 2811d937bf0>
2026-02-13 16:41:49,014 - DEBUG - Release <POINTER(ITypeInfo) ptr=0x28117ebbd98 at 2811d937c80>
2026-02-13 16:41:49,017 - DEBUG - Release <POINTER(ITypeInfo) ptr=0x28117ebbc90 at 2811db5c3b0>
2026-02-13 16:41:49,018 - DEBUG - Release <POINTER(ITypeInfo) ptr=0x28117ebbc90 at 2811db5c7a0>
2026-02-13 16:41:49,021 - DEBUG - Release <POINTER(ITypeLib) ptr=0x28113351bb0 at 2811c06ec90>
2026-02-13 16:41:49,021 - DEBUG - Release <POINTER(ITypeInfo) ptr=0x28117ebbef8 at 2811db5c320>
2026-02-13 16:41:49,021 - DEBUG - Release <POINTER(ITypeInfo) ptr=0x28117aca258 at 2811d937b60>
2026-02-13 16:41:49,021 - DEBUG - Release <POINTER(ITypeInfo) ptr=0x28117ebbea0 at 2811d937ad0>
2026-02-13 16:41:49,021 - DEBUG - Release <POINTER(ITypeLib) ptr=0x28113351bb0 at 2811db29570>
2026-02-13 16:41:49,022 - DEBUG - Release <POINTER(ITypeInfo) ptr=0x28117ebbe48 at 2811d937bf0>
2026-02-13 16:41:49,022 - DEBUG - Release <POINTER(ITypeInfo) ptr=0x28117ebbef8 at 2811d937d10>
2026-02-13 16:41:49,026 - DEBUG - Release <POINTER(ITypeLib) ptr=0x28113351bb0 at 2811dacf280>
2026-02-13 16:41:49,026 - DEBUG - Release <POINTER(ITypeInfo) ptr=0x28117ebc000 at 2811db5c0e0>
2026-02-13 16:41:49,027 - DEBUG - Release <POINTER(ITypeInfo) ptr=0x28117ebbea0 at 2811d937da0>
2026-02-13 16:41:49,027 - DEBUG - Release <POINTER(ITypeInfo) ptr=0x28117ebbfa8 at 2811d937ec0>
2026-02-13 16:41:49,027 - DEBUG - Release <POINTER(ITypeLib) ptr=0x28113351bb0 at 2811c08e8e0>
2026-02-13 16:41:49,027 - DEBUG - Release <POINTER(ITypeInfo) ptr=0x28117ebbf50 at 2811d937bf0>
2026-02-13 16:41:49,028 - DEBUG - Release <POINTER(ITypeInfo) ptr=0x28117ebc000 at 2811d937f50>
2026-02-13 16:41:49,030 - DEBUG - Release <POINTER(ITypeInfo) ptr=0x28117ebbea0 at 2811d937ec0>
2026-02-13 16:41:49,030 - DEBUG - Release <POINTER(ITypeInfo) ptr=0x28117ebc0b0 at 2811d937b60>
2026-02-13 16:41:49,031 - DEBUG - Release <POINTER(ITypeLib) ptr=0x28113351bb0 at 2811db642d0>
2026-02-13 16:41:49,031 - DEBUG - Release <POINTER(ITypeInfo) ptr=0x28117ebc058 at 2811d937bf0>
2026-02-13 16:41:49,033 - DEBUG - Release <POINTER(ITypeInfo) ptr=0x28117ebbea0 at 2811d937c80>
2026-02-13 16:41:49,033 - DEBUG - Release <POINTER(ITypeInfo) ptr=0x28117ebc160 at 2811d937b60>
2026-02-13 16:41:49,033 - DEBUG - Release <POINTER(ITypeLib) ptr=0x28113351bb0 at 2811db642d0>
2026-02-13 16:41:49,034 - DEBUG - Release <POINTER(ITypeInfo) ptr=0x28117ebc108 at 2811d937da0>
2026-02-13 16:41:49,035 - DEBUG - Release <POINTER(ITypeInfo) ptr=0x28117ebbb88 at 2811db5cef0>
2026-02-13 16:41:49,036 - DEBUG - Release <POINTER(ITypeInfo) ptr=0x28117ebbad8 at 2811db5cb00>
2026-02-13 16:41:49,038 - DEBUG - Release <POINTER(ITypeInfo) ptr=0x28117ebbc90 at 2811db5cb00>
2026-02-13 16:41:49,040 - DEBUG - Release <POINTER(ITypeInfo) ptr=0x28117ebbc38 at 2811db5c680>
2026-02-13 16:41:49,040 - DEBUG - Release <POINTER(ITypeInfo) ptr=0x28117ebbea0 at 2811d937c80>
2026-02-13 16:41:49,040 - DEBUG - Release <POINTER(ITypeInfo) ptr=0x28117ebc210 at 2811d937d10>
2026-02-13 16:41:49,040 - DEBUG - Release <POINTER(ITypeLib) ptr=0x28113351bb0 at 2811d937da0>
2026-02-13 16:41:49,041 - DEBUG - Release <POINTER(ITypeInfo) ptr=0x28117ebc1b8 at 2811d937ec0>
2026-02-13 16:41:49,043 - DEBUG - Release <POINTER(ITypeInfo) ptr=0x28117ebc210 at 2811db5c680>
2026-02-13 16:41:49,044 - DEBUG - Release <POINTER(ITypeInfo) ptr=0x28117ebc2c0 at 2811d937d10>
2026-02-13 16:41:49,044 - DEBUG - Release <POINTER(ITypeLib) ptr=0x28113351bb0 at 2811d937ec0>
2026-02-13 16:41:49,045 - DEBUG - Release <POINTER(ITypeInfo) ptr=0x28117ebc268 at 2811d937da0>
2026-02-13 16:41:49,049 - DEBUG - Release <POINTER(ITypeLib) ptr=0x28113351bb0 at 2811db5d520>
2026-02-13 16:41:49,050 - DEBUG - Release <POINTER(ITypeInfo) ptr=0x28117ebc3c8 at 2811db5d490>
2026-02-13 16:41:49,052 - DEBUG - Release <POINTER(ITypeInfo) ptr=0x28117aca258 at 2811db5cd40>
2026-02-13 16:41:49,052 - DEBUG - Release <POINTER(ITypeInfo) ptr=0x28117ebc370 at 2811db5cb90>
2026-02-13 16:41:49,052 - DEBUG - Release <POINTER(ITypeLib) ptr=0x28113351bb0 at 2811db5c5f0>
2026-02-13 16:41:49,052 - DEBUG - Release <POINTER(ITypeInfo) ptr=0x28117ebc318 at 2811db5c320>
2026-02-13 16:41:49,053 - DEBUG - Release <POINTER(ITypeInfo) ptr=0x28117ebb7c0 at 2811db5cb90>
2026-02-13 16:41:49,054 - DEBUG - Release <POINTER(ITypeInfo) ptr=0x28117ebb7c0 at 2811db5d250>
2026-02-13 16:41:49,055 - DEBUG - Release <POINTER(ITypeInfo) ptr=0x28117ebb7c0 at 2811db5c5f0>
2026-02-13 16:41:49,056 - DEBUG - Release <POINTER(ITypeInfo) ptr=0x28117ebb7c0 at 2811db5d0a0>
2026-02-13 16:41:49,056 - DEBUG - Release <POINTER(ITypeInfo) ptr=0x28117ebbe48 at 2811db5cb90>
2026-02-13 16:41:49,057 - DEBUG - Release <POINTER(ITypeInfo) ptr=0x28117ebbe48 at 2811db5cdd0>
2026-02-13 16:41:49,061 - DEBUG - Release <POINTER(ITypeLib) ptr=0x28113351bb0 at 2811db5cb90>
2026-02-13 16:41:49,062 - DEBUG - Release <POINTER(ITypeInfo) ptr=0x28117ebc420 at 2811db5cdd0>
2026-02-13 16:41:49,063 - DEBUG - Release <POINTER(ITypeInfo) ptr=0x28117ebc420 at 2811db5d400>
2026-02-13 16:41:49,065 - DEBUG - Release <POINTER(ITypeLib) ptr=0x28113351bb0 at 2811db5cdd0>
2026-02-13 16:41:49,065 - DEBUG - Release <POINTER(ITypeInfo) ptr=0x28117ebc478 at 2811db5d010>
2026-02-13 16:41:49,066 - DEBUG - Release <POINTER(ITypeInfo) ptr=0x28117ebc478 at 2811db5cdd0>
2026-02-13 16:41:49,067 - DEBUG - Release <POINTER(ITypeInfo) ptr=0x28117ebc420 at 2811db5c3b0>
2026-02-13 16:41:49,067 - DEBUG - Release <POINTER(ITypeInfo) ptr=0x28117ebc420 at 2811db5cef0>
2026-02-13 16:41:49,071 - DEBUG - Release <POINTER(ITypeLib) ptr=0x28113351bb0 at 2811db5cb90>
2026-02-13 16:41:49,072 - DEBUG - Release <POINTER(ITypeInfo) ptr=0x28117ebc4d0 at 2811db5c290>
2026-02-13 16:41:49,073 - DEBUG - Release <POINTER(ITypeInfo) ptr=0x28117ebbe48 at 2811db5cb00>
2026-02-13 16:41:49,073 - DEBUG - Release <POINTER(ITypeInfo) ptr=0x28117ebc4d0 at 2811db5c3b0>
2026-02-13 16:41:49,075 - DEBUG - Release <POINTER(ITypeInfo) ptr=0x28117ebb978 at 2811db5cd40>
2026-02-13 16:41:49,076 - DEBUG - Release <POINTER(ITypeInfo) ptr=0x28117ebb978 at 2811db5cd40>
2026-02-13 16:41:49,077 - DEBUG - Release <POINTER(ITypeInfo) ptr=0x28117aca258 at 2811db5c170>
2026-02-13 16:41:49,077 - DEBUG - Release <POINTER(ITypeInfo) ptr=0x28117ebb6b8 at 2811d937f50>
2026-02-13 16:41:49,078 - DEBUG - Release <POINTER(ITypeLib) ptr=0x28113351bb0 at 2811d937da0>
2026-02-13 16:41:49,078 - DEBUG - Release <POINTER(ITypeInfo) ptr=0x28117ebb660 at 2811d937ec0>
2026-02-13 16:41:49,078 - DEBUG - Release <POINTER(ITypeInfo) ptr=0x28117ebc318 at 2811d937da0>
2026-02-13 16:41:49,078 - DEBUG - Release <POINTER(ITypeInfo) ptr=0x28117ebc3c8 at 2811d937ec0>
2026-02-13 16:41:49,079 - DEBUG - Release <POINTER(ITypeInfo) ptr=0x28117ebc420 at 2811d937da0>
2026-02-13 16:41:49,079 - DEBUG - Release <POINTER(ITypeInfo) ptr=0x28117ebc478 at 2811d937ec0>
2026-02-13 16:41:49,080 - DEBUG - Release <POINTER(ITypeInfo) ptr=0x28117ebc4d0 at 2811d937da0>
2026-02-13 16:41:49,086 - DEBUG - Release <POINTER(ITypeInfo) ptr=0x28117ebb7c0 at 2811db5cb00>
2026-02-13 16:41:49,089 - DEBUG - Release <POINTER(ITypeLib) ptr=0x28113351bb0 at 2811db5c440>
2026-02-13 16:41:49,090 - DEBUG - Release <POINTER(ITypeInfo) ptr=0x28117ebc580 at 2811db5d400>
2026-02-13 16:41:49,095 - DEBUG - Release <POINTER(ITypeLib) ptr=0x28113351bb0 at 2811db5c7a0>
2026-02-13 16:41:49,095 - DEBUG - Release <POINTER(ITypeInfo) ptr=0x28117ebc5d8 at 2811db5cdd0>
2026-02-13 16:41:49,096 - DEBUG - Release <POINTER(ITypeInfo) ptr=0x28117ebc580 at 2811db5c710>
2026-02-13 16:41:49,097 - DEBUG - Release <POINTER(ITypeInfo) ptr=0x28117ebc5d8 at 2811db5c8c0>
2026-02-13 16:41:49,098 - DEBUG - Release <POINTER(ITypeInfo) ptr=0x28117aca258 at 2811d937d10>
2026-02-13 16:41:49,098 - DEBUG - Release <POINTER(ITypeLib) ptr=0x28113351bb0 at 2811d937da0>
2026-02-13 16:41:49,098 - DEBUG - Release <POINTER(ITypeInfo) ptr=0x28117ebc528 at 2811d937ec0>
2026-02-13 16:41:49,099 - DEBUG - Release <POINTER(ITypeInfo) ptr=0x28117ebc580 at 2811d937da0>
2026-02-13 16:41:49,100 - DEBUG - Release <POINTER(ITypeInfo) ptr=0x28117ebc5d8 at 2811d937ec0>
2026-02-13 16:41:49,102 - DEBUG - Release <POINTER(ITypeInfo) ptr=0x28117ebb7c0 at 2811db5c7a0>
2026-02-13 16:41:49,103 - DEBUG - Release <POINTER(ITypeInfo) ptr=0x28117ebb7c0 at 2811db5c9e0>
2026-02-13 16:41:49,105 - DEBUG - Release <POINTER(ITypeInfo) ptr=0x28117ebb7c0 at 2811db5d1c0>
2026-02-13 16:41:49,105 - DEBUG - Release <POINTER(ITypeInfo) ptr=0x28117ebb7c0 at 2811db5c5f0>
2026-02-13 16:41:49,106 - DEBUG - Release <POINTER(ITypeInfo) ptr=0x28117ebbe48 at 2811db5ca70>
2026-02-13 16:41:49,107 - DEBUG - Release <POINTER(ITypeInfo) ptr=0x28117ebbe48 at 2811db5c9e0>
2026-02-13 16:41:49,109 - DEBUG - Release <POINTER(ITypeLib) ptr=0x28113351bb0 at 2811db5cb00>
2026-02-13 16:41:49,109 - DEBUG - Release <POINTER(ITypeInfo) ptr=0x28117ebc6e0 at 2811db5c0e0>
2026-02-13 16:41:49,110 - DEBUG - Release <POINTER(ITypeInfo) ptr=0x28117ebc6e0 at 2811db5cb00>
2026-02-13 16:41:49,113 - DEBUG - Release <POINTER(ITypeInfo) ptr=0x28117ebbb88 at 2811db5da30>
2026-02-13 16:41:49,115 - DEBUG - Release <POINTER(ITypeInfo) ptr=0x28117aca258 at 2811db5ce60>
2026-02-13 16:41:49,115 - DEBUG - Release <POINTER(ITypeInfo) ptr=0x28117ebc790 at 2811db5d1c0>
2026-02-13 16:41:49,115 - DEBUG - Release <POINTER(ITypeLib) ptr=0x28113351bb0 at 2811db5d130>
2026-02-13 16:41:49,115 - DEBUG - Release <POINTER(ITypeInfo) ptr=0x28117ebc738 at 2811db5c5f0>
2026-02-13 16:41:49,116 - DEBUG - Release <POINTER(ITypeInfo) ptr=0x28117ebb7c0 at 2811db5c320>
2026-02-13 16:41:49,117 - DEBUG - Release <POINTER(ITypeInfo) ptr=0x28117ebb7c0 at 2811db5ca70>
2026-02-13 16:41:49,120 - DEBUG - Release <POINTER(ITypeInfo) ptr=0x28117ebc630 at 2811db5dbe0>
2026-02-13 16:41:49,122 - DEBUG - Release <POINTER(ITypeLib) ptr=0x28113351bb0 at 2811db5dc70>
2026-02-13 16:41:49,122 - DEBUG - Release <POINTER(ITypeInfo) ptr=0x28117ebc898 at 2811db5dd00>
2026-02-13 16:41:49,124 - DEBUG - Release <POINTER(ITypeInfo) ptr=0x28117ebb660 at 2811db5dd00>
2026-02-13 16:41:49,125 - DEBUG - Release <POINTER(ITypeInfo) ptr=0x28117ebb660 at 2811db5df40>
2026-02-13 16:41:49,129 - DEBUG - Release <POINTER(ITypeLib) ptr=0x28113351bb0 at 2811db5dbe0>
2026-02-13 16:41:49,130 - DEBUG - Release <POINTER(ITypeInfo) ptr=0x28117ebc8f0 at 2811db5ce60>
2026-02-13 16:41:49,131 - DEBUG - Release <POINTER(ITypeInfo) ptr=0x28117ebc8f0 at 2811db5dbe0>
2026-02-13 16:41:49,132 - DEBUG - Release <POINTER(ITypeInfo) ptr=0x28117ebc8f0 at 2811db5db50>
2026-02-13 16:41:49,132 - DEBUG - Release <POINTER(ITypeInfo) ptr=0x28117ebc8f0 at 2811db5deb0>
2026-02-13 16:41:49,135 - DEBUG - Release <POINTER(ITypeLib) ptr=0x28113351bb0 at 2811db5dbe0>
2026-02-13 16:41:49,135 - DEBUG - Release <POINTER(ITypeInfo) ptr=0x28117ebc948 at 2811db5db50>
2026-02-13 16:41:49,136 - DEBUG - Release <POINTER(ITypeInfo) ptr=0x28117ebc948 at 2811db5dbe0>
2026-02-13 16:41:49,137 - DEBUG - Release <POINTER(ITypeLib) ptr=0x28113351bb0 at 2811db5de20>
2026-02-13 16:41:49,137 - DEBUG - Release <POINTER(ITypeInfo) ptr=0x28117ebc9a0 at 2811db5ce60>
2026-02-13 16:41:49,138 - DEBUG - Release <POINTER(ITypeInfo) ptr=0x28117ebc9a0 at 2811db5de20>
2026-02-13 16:41:49,139 - DEBUG - Release <POINTER(ITypeInfo) ptr=0x28117ebbc90 at 2811db5de20>
2026-02-13 16:41:49,140 - DEBUG - Release <POINTER(ITypeInfo) ptr=0x28117ebbc90 at 2811db5dd00>
2026-02-13 16:41:49,144 - DEBUG - Release <POINTER(ITypeInfo) ptr=0x28117ebc7e8 at 2811db5e9f0>
2026-02-13 16:41:49,146 - DEBUG - Release <POINTER(ITypeLib) ptr=0x28113351bb0 at 2811db5e720>
2026-02-13 16:41:49,146 - DEBUG - Release <POINTER(ITypeInfo) ptr=0x28117ebcaa8 at 2811db5e180>
2026-02-13 16:41:49,147 - DEBUG - Release <POINTER(ITypeInfo) ptr=0x28117ebcaa8 at 2811db5e720>
2026-02-13 16:41:49,155 - DEBUG - Release <POINTER(ITypeLib) ptr=0x28113351bb0 at 2811dc08050>
2026-02-13 16:41:49,155 - DEBUG - Release <POINTER(ITypeInfo) ptr=0x28117ebcc60 at 2811db5ff50>
2026-02-13 16:41:49,157 - DEBUG - Release <POINTER(ITypeInfo) ptr=0x28117ebcbb0 at 2811dc08e60>
2026-02-13 16:41:49,165 - DEBUG - Release <POINTER(ITypeLib) ptr=0x28113351bb0 at 2811dc0a690>
2026-02-13 16:41:49,165 - DEBUG - Release <POINTER(ITypeInfo) ptr=0x28117ebcec8 at 2811dc0a600>
2026-02-13 16:41:49,166 - DEBUG - Release <POINTER(ITypeInfo) ptr=0x28117ebcbb0 at 2811dc0aa80>
2026-02-13 16:41:49,168 - DEBUG - Release <POINTER(ITypeInfo) ptr=0x28117ebccb8 at 2811dc0aa80>
2026-02-13 16:41:49,169 - DEBUG - Release <POINTER(ITypeInfo) ptr=0x28117aca258 at 2811dc0a0f0>
2026-02-13 16:41:49,169 - DEBUG - Release <POINTER(ITypeInfo) ptr=0x28117ebce70 at 2811dc09f40>
2026-02-13 16:41:49,170 - DEBUG - Release <POINTER(ITypeLib) ptr=0x28113351bb0 at 2811dc09e20>
2026-02-13 16:41:49,170 - DEBUG - Release <POINTER(ITypeInfo) ptr=0x28117ebce18 at 2811dc09d90>
2026-02-13 16:41:49,170 - DEBUG - Release <POINTER(ITypeInfo) ptr=0x28117aca258 at 2811dc09490>
2026-02-13 16:41:49,171 - DEBUG - Release <POINTER(ITypeInfo) ptr=0x28117ebcdc0 at 2811dc092e0>
2026-02-13 16:41:49,171 - DEBUG - Release <POINTER(ITypeLib) ptr=0x28113351bb0 at 2811dc091c0>
2026-02-13 16:41:49,171 - DEBUG - Release <POINTER(ITypeInfo) ptr=0x28117ebcd68 at 2811dc09130>
2026-02-13 16:41:49,172 - DEBUG - Release <POINTER(ITypeInfo) ptr=0x28117ebccb8 at 2811dc08f80>
2026-02-13 16:41:49,173 - DEBUG - Release <POINTER(ITypeLib) ptr=0x28113351bb0 at 2811dc08b90>
2026-02-13 16:41:49,174 - DEBUG - Release <POINTER(ITypeInfo) ptr=0x28117ebcf20 at 2811dc09010>
2026-02-13 16:41:49,174 - DEBUG - Release <POINTER(ITypeInfo) ptr=0x28117ebccb8 at 2811dc09130>
2026-02-13 16:41:49,175 - DEBUG - Release <POINTER(ITypeInfo) ptr=0x28117ebcbb0 at 2811dc08ef0>
2026-02-13 16:41:49,176 - DEBUG - Release <POINTER(ITypeInfo) ptr=0x28117ebccb8 at 2811dc09250>
2026-02-13 16:41:49,178 - DEBUG - Release <POINTER(ITypeLib) ptr=0x28113351bb0 at 2811dc08950>
2026-02-13 16:41:49,178 - DEBUG - Release <POINTER(ITypeInfo) ptr=0x28117ebcf78 at 2811dc09010>
2026-02-13 16:41:49,178 - DEBUG - Release <POINTER(ITypeInfo) ptr=0x28117aca258 at 2811dc087a0>
2026-02-13 16:41:49,178 - DEBUG - Release <POINTER(ITypeInfo) ptr=0x28117ebcd10 at 2811dc085f0>
2026-02-13 16:41:49,179 - DEBUG - Release <POINTER(ITypeLib) ptr=0x28113351bb0 at 2811dc084d0>
2026-02-13 16:41:49,179 - DEBUG - Release <POINTER(ITypeInfo) ptr=0x28117ebccb8 at 2811dc08440>
2026-02-13 16:41:49,181 - DEBUG - Release <POINTER(ITypeInfo) ptr=0x28117ebccb8 at 2811dc08440>
2026-02-13 16:41:49,182 - DEBUG - Release <POINTER(ITypeInfo) ptr=0x28117aca258 at 2811db5fa40>
2026-02-13 16:41:49,182 - DEBUG - Release <POINTER(ITypeInfo) ptr=0x28117ebcc08 at 2811db5f770>
2026-02-13 16:41:49,182 - DEBUG - Release <POINTER(ITypeLib) ptr=0x28113351bb0 at 2811db5f650>
2026-02-13 16:41:49,182 - DEBUG - Release <POINTER(ITypeInfo) ptr=0x28117ebcbb0 at 2811db5f5c0>
2026-02-13 16:41:49,183 - DEBUG - Release <POINTER(ITypeInfo) ptr=0x28117ebcbb0 at 2811db5f5c0>
2026-02-13 16:41:49,184 - DEBUG - Release <POINTER(ITypeInfo) ptr=0x28117ebcc60 at 2811db5ee70>
2026-02-13 16:41:49,185 - DEBUG - Release <POINTER(ITypeInfo) ptr=0x28117ebcbb0 at 2811db5f5c0>
2026-02-13 16:41:49,186 - DEBUG - Release <POINTER(ITypeInfo) ptr=0x28117aca258 at 2811db5ecc0>
2026-02-13 16:41:49,186 - DEBUG - Release <POINTER(ITypeInfo) ptr=0x28117ebcb58 at 2811db5ea80>
2026-02-13 16:41:49,187 - DEBUG - Release <POINTER(ITypeLib) ptr=0x28113351bb0 at 2811db5e960>
2026-02-13 16:41:49,187 - DEBUG - Release <POINTER(ITypeInfo) ptr=0x28117ebcb00 at 2811db5e840>
2026-02-13 16:41:49,189 - DEBUG - Release <POINTER(ITypeLib) ptr=0x28113351bb0 at 2811db5e690>
2026-02-13 16:41:49,189 - DEBUG - Release <POINTER(ITypeInfo) ptr=0x28117ebcfd0 at 2811db5e600>
2026-02-13 16:41:49,190 - DEBUG - Release <POINTER(ITypeInfo) ptr=0x28117ebcfd0 at 2811db5e450>
2026-02-13 16:41:49,192 - DEBUG - Release <POINTER(ITypeInfo) ptr=0x28117ebcfd0 at 2811db5e690>
2026-02-13 16:41:49,193 - DEBUG - Release <POINTER(ITypeInfo) ptr=0x28117ebcfd0 at 2811db5e570>
2026-02-13 16:41:49,193 - DEBUG - Release <POINTER(ITypeInfo) ptr=0x28117ebcfd0 at 2811db5e570>
2026-02-13 16:41:49,195 - DEBUG - Release <POINTER(ITypeLib) ptr=0x28113351bb0 at 2811db5e720>
2026-02-13 16:41:49,196 - DEBUG - Release <POINTER(ITypeInfo) ptr=0x28117ebd028 at 2811db5e690>
2026-02-13 16:41:49,196 - DEBUG - Release <POINTER(ITypeInfo) ptr=0x28117ebd028 at 2811db5e570>
2026-02-13 16:41:49,197 - DEBUG - Release <POINTER(ITypeInfo) ptr=0x28117ebcfd0 at 2811db5e690>
2026-02-13 16:41:49,199 - DEBUG - Release <POINTER(ITypeInfo) ptr=0x28117ebd028 at 2811db5e210>
2026-02-13 16:41:49,203 - DEBUG - Release <POINTER(ITypeInfo) ptr=0x28117aca258 at 2811db5f4a0>
2026-02-13 16:41:49,203 - DEBUG - Release <POINTER(ITypeInfo) ptr=0x28117ebd0d8 at 2811db5e9f0>
2026-02-13 16:41:49,203 - DEBUG - Release <POINTER(ITypeLib) ptr=0x28113351bb0 at 2811db5e8d0>
2026-02-13 16:41:49,203 - DEBUG - Release <POINTER(ITypeInfo) ptr=0x28117ebd080 at 2811db5e180>
2026-02-13 16:41:49,204 - DEBUG - Release <POINTER(ITypeInfo) ptr=0x28117ebd080 at 2811db5f140>
2026-02-13 16:41:49,206 - DEBUG - Release <POINTER(ITypeLib) ptr=0x28113351bb0 at 2811db5f140>
2026-02-13 16:41:49,206 - DEBUG - Release <POINTER(ITypeInfo) ptr=0x28117ebd130 at 2811db5e2a0>
2026-02-13 16:41:49,206 - DEBUG - Release <POINTER(ITypeInfo) ptr=0x28117aca258 at 2811db5dac0>
2026-02-13 16:41:49,207 - DEBUG - Release <POINTER(ITypeInfo) ptr=0x28117ebca50 at 2811db5e060>
2026-02-13 16:41:49,207 - DEBUG - Release <POINTER(ITypeLib) ptr=0x28113351bb0 at 2811db5dd00>
2026-02-13 16:41:49,207 - DEBUG - Release <POINTER(ITypeInfo) ptr=0x28117ebc9f8 at 2811db5de20>
2026-02-13 16:41:49,210 - DEBUG - Release <POINTER(ITypeInfo) ptr=0x28117ebc7e8 at 2811db5f020>
2026-02-13 16:41:49,213 - DEBUG - Release <POINTER(ITypeInfo) ptr=0x28117aca258 at 2811db5f260>
2026-02-13 16:41:49,214 - DEBUG - Release <POINTER(ITypeInfo) ptr=0x28117ebd290 at 2811db5f410>
2026-02-13 16:41:49,214 - DEBUG - Release <POINTER(ITypeLib) ptr=0x28113351bb0 at 2811db5ede0>
2026-02-13 16:41:49,214 - DEBUG - Release <POINTER(ITypeInfo) ptr=0x28117ebd238 at 2811db5f4a0>
2026-02-13 16:41:49,215 - DEBUG - Release <POINTER(ITypeInfo) ptr=0x28117ebbc90 at 2811db5e8d0>
2026-02-13 16:41:49,216 - DEBUG - Release <POINTER(ITypeInfo) ptr=0x28117ebbc90 at 2811db5f140>
2026-02-13 16:41:49,223 - DEBUG - Release <POINTER(ITypeInfo) ptr=0x28117ebd398 at 2811dc08950>
2026-02-13 16:41:49,225 - DEBUG - Release <POINTER(ITypeInfo) ptr=0x28117ebd398 at 2811dc09be0>
2026-02-13 16:41:49,226 - DEBUG - Release <POINTER(ITypeInfo) ptr=0x28117aca258 at 2811dc091c0>
2026-02-13 16:41:49,227 - DEBUG - Release <POINTER(ITypeInfo) ptr=0x28117ebd4a0 at 2811dc090a0>
2026-02-13 16:41:49,227 - DEBUG - Release <POINTER(ITypeLib) ptr=0x28113351bb0 at 2811dc09d00>
2026-02-13 16:41:49,227 - DEBUG - Release <POINTER(ITypeInfo) ptr=0x28117ebd448 at 2811dc08950>
2026-02-13 16:41:49,229 - DEBUG - Release <POINTER(ITypeLib) ptr=0x28113351bb0 at 2811dc09250>
2026-02-13 16:41:49,229 - DEBUG - Release <POINTER(ITypeInfo) ptr=0x28117ebd4f8 at 2811dc08dd0>
2026-02-13 16:41:49,230 - DEBUG - Release <POINTER(ITypeInfo) ptr=0x28117aca258 at 2811dc08440>
2026-02-13 16:41:49,230 - DEBUG - Release <POINTER(ITypeInfo) ptr=0x28117ebd3f0 at 2811dc08200>
2026-02-13 16:41:49,230 - DEBUG - Release <POINTER(ITypeLib) ptr=0x28113351bb0 at 2811dc08170>
2026-02-13 16:41:49,230 - DEBUG - Release <POINTER(ITypeInfo) ptr=0x28117ebd398 at 2811dc08050>
2026-02-13 16:41:49,235 - DEBUG - Release <POINTER(ITypeInfo) ptr=0x28117ebd4f8 at 2811dc09eb0>
2026-02-13 16:41:49,236 - DEBUG - Release <POINTER(ITypeInfo) ptr=0x28117ebd600 at 2811dc09e20>
2026-02-13 16:41:49,237 - DEBUG - Release <POINTER(ITypeInfo) ptr=0x28117ebd550 at 2811dc09e20>
2026-02-13 16:41:49,237 - DEBUG - Release <POINTER(ITypeInfo) ptr=0x28117aca258 at 2811dc091c0>
2026-02-13 16:41:49,237 - DEBUG - Release <POINTER(ITypeInfo) ptr=0x28117ebd658 at 2811dc09a30>
2026-02-13 16:41:49,237 - DEBUG - Release <POINTER(ITypeLib) ptr=0x28113351bb0 at 2811dc08950>
2026-02-13 16:41:49,238 - DEBUG - Release <POINTER(ITypeInfo) ptr=0x28117ebd600 at 2811dc088c0>
2026-02-13 16:41:49,238 - DEBUG - Release <POINTER(ITypeInfo) ptr=0x28117aca258 at 2811dc08290>
2026-02-13 16:41:49,239 - DEBUG - Release <POINTER(ITypeInfo) ptr=0x28117ebd5a8 at 2811dc08170>
2026-02-13 16:41:49,239 - DEBUG - Release <POINTER(ITypeLib) ptr=0x28113351bb0 at 2811dc08e60>
2026-02-13 16:41:49,239 - DEBUG - Release <POINTER(ITypeInfo) ptr=0x28117ebd550 at 2811dc08050>
2026-02-13 16:41:49,247 - DEBUG - Release <POINTER(ITypeLib) ptr=0x28113351bb0 at 2811dc09f40>
2026-02-13 16:41:49,247 - DEBUG - Release <POINTER(ITypeInfo) ptr=0x28117ebd810 at 2811dc09d90>
2026-02-13 16:41:49,248 - DEBUG - Release <POINTER(ITypeInfo) ptr=0x28117ebd4f8 at 2811dc09d90>
2026-02-13 16:41:49,249 - DEBUG - Release <POINTER(ITypeInfo) ptr=0x28117ebd4f8 at 2811dc09d90>
2026-02-13 16:41:49,250 - DEBUG - Release <POINTER(ITypeInfo) ptr=0x28117aca258 at 2811dc09be0>
2026-02-13 16:41:49,250 - DEBUG - Release <POINTER(ITypeInfo) ptr=0x28117ebd7b8 at 2811dc09a30>
2026-02-13 16:41:49,250 - DEBUG - Release <POINTER(ITypeLib) ptr=0x28113351bb0 at 2811dc08950>
2026-02-13 16:41:49,250 - DEBUG - Release <POINTER(ITypeInfo) ptr=0x28117ebd760 at 2811dc09d00>
2026-02-13 16:41:49,251 - DEBUG - Release <POINTER(ITypeInfo) ptr=0x28117aca258 at 2811dc08b00>
2026-02-13 16:41:49,251 - DEBUG - Release <POINTER(ITypeInfo) ptr=0x28117ebd708 at 2811dc08e60>
2026-02-13 16:41:49,251 - DEBUG - Release <POINTER(ITypeLib) ptr=0x28113351bb0 at 2811dc09250>
2026-02-13 16:41:49,251 - DEBUG - Release <POINTER(ITypeInfo) ptr=0x28117ebd6b0 at 2811dc08050>
2026-02-13 16:41:49,255 - DEBUG - Release <POINTER(ITypeInfo) ptr=0x28117ebd810 at 2811dc09880>
2026-02-13 16:41:49,256 - DEBUG - Release <POINTER(ITypeInfo) ptr=0x28117aca258 at 2811dc096d0>
2026-02-13 16:41:49,257 - DEBUG - Release <POINTER(ITypeInfo) ptr=0x28117ebd970 at 2811dc09a30>
2026-02-13 16:41:49,257 - DEBUG - Release <POINTER(ITypeLib) ptr=0x28113351bb0 at 2811dc08950>
2026-02-13 16:41:49,257 - DEBUG - Release <POINTER(ITypeInfo) ptr=0x28117ebd918 at 2811dc09640>
2026-02-13 16:41:49,257 - DEBUG - Release <POINTER(ITypeInfo) ptr=0x28117aca258 at 2811dc085f0>
2026-02-13 16:41:49,258 - DEBUG - Release <POINTER(ITypeInfo) ptr=0x28117ebd8c0 at 2811dc09250>
2026-02-13 16:41:49,258 - DEBUG - Release <POINTER(ITypeLib) ptr=0x28113351bb0 at 2811dc09760>
2026-02-13 16:41:49,258 - DEBUG - Release <POINTER(ITypeInfo) ptr=0x28117ebd868 at 2811dc08050>
2026-02-13 16:41:49,260 - DEBUG - Release <POINTER(ITypeInfo) ptr=0x28117ebd810 at 2811db5f2f0>
2026-02-13 16:41:49,260 - DEBUG - Release <POINTER(ITypeInfo) ptr=0x28117aca258 at 2811db5f260>
2026-02-13 16:41:49,261 - DEBUG - Release <POINTER(ITypeInfo) ptr=0x28117ebd340 at 2811db5ec30>
2026-02-13 16:41:49,261 - DEBUG - Release <POINTER(ITypeLib) ptr=0x28113351bb0 at 2811db5ede0>
2026-02-13 16:41:49,261 - DEBUG - Release <POINTER(ITypeInfo) ptr=0x28117ebd2e8 at 2811db5f140>
2026-02-13 16:41:49,266 - DEBUG - Release <POINTER(ITypeInfo) ptr=0x28117ebd188 at 2811dc09d00>
2026-02-13 16:41:49,268 - DEBUG - Release <POINTER(ITypeInfo) ptr=0x28117ebd2e8 at 2811dc08950>
2026-02-13 16:41:49,268 - DEBUG - Release <POINTER(ITypeInfo) ptr=0x28117aca258 at 2811dc08680>
2026-02-13 16:41:49,269 - DEBUG - Release <POINTER(ITypeInfo) ptr=0x28117ebdad0 at 2811dc09760>
2026-02-13 16:41:49,269 - DEBUG - Release <POINTER(ITypeLib) ptr=0x28113351bb0 at 2811dc0a720>
2026-02-13 16:41:49,269 - DEBUG - Release <POINTER(ITypeInfo) ptr=0x28117ebda78 at 2811dc08050>
2026-02-13 16:41:49,270 - DEBUG - Release <POINTER(ITypeInfo) ptr=0x28117aca258 at 2811db5ec30>
2026-02-13 16:41:49,271 - DEBUG - Release <POINTER(ITypeInfo) ptr=0x28117ebda20 at 2811db5f5c0>
2026-02-13 16:41:49,271 - DEBUG - Release <POINTER(ITypeLib) ptr=0x28113351bb0 at 2811db5f140>
2026-02-13 16:41:49,272 - DEBUG - Release <POINTER(ITypeInfo) ptr=0x28117ebd9c8 at 2811db5f530>
2026-02-13 16:41:49,273 - DEBUG - Release <POINTER(ITypeInfo) ptr=0x28117ebc058 at 2811db5f530>
2026-02-13 16:41:49,274 - DEBUG - Release <POINTER(ITypeInfo) ptr=0x28117ebc4d0 at 2811db5f020>
2026-02-13 16:41:49,281 - DEBUG - Release <POINTER(ITypeLib) ptr=0x28113351bb0 at 2811db5e3c0>
2026-02-13 16:41:49,282 - DEBUG - Release <POINTER(ITypeInfo) ptr=0x28117ebdb28 at 2811db5e690>
2026-02-13 16:41:49,282 - DEBUG - Release <POINTER(ITypeInfo) ptr=0x28117aca258 at 2811db5dac0>
2026-02-13 16:41:49,283 - DEBUG - Release <POINTER(ITypeInfo) ptr=0x28117ebd1e0 at 2811db5dd00>
2026-02-13 16:41:49,283 - DEBUG - Release <POINTER(ITypeLib) ptr=0x28113351bb0 at 2811db5e570>
2026-02-13 16:41:49,284 - DEBUG - Release <POINTER(ITypeInfo) ptr=0x28117ebd188 at 2811db5de20>
2026-02-13 16:41:49,286 - DEBUG - Release <POINTER(ITypeLib) ptr=0x28113351bb0 at 2811db5d520>
2026-02-13 16:41:49,286 - DEBUG - Release <POINTER(ITypeInfo) ptr=0x28117ebdb80 at 2811db5d880>
2026-02-13 16:41:49,287 - DEBUG - Release <POINTER(ITypeInfo) ptr=0x28117aca258 at 2811db5d1c0>
2026-02-13 16:41:49,287 - DEBUG - Release <POINTER(ITypeInfo) ptr=0x28117ebc840 at 2811db5cb00>
2026-02-13 16:41:49,288 - DEBUG - Release <POINTER(ITypeLib) ptr=0x28113351bb0 at 2811db5d130>
2026-02-13 16:41:49,288 - DEBUG - Release <POINTER(ITypeInfo) ptr=0x28117ebc7e8 at 2811db5ca70>
2026-02-13 16:41:49,290 - DEBUG - Release <POINTER(ITypeLib) ptr=0x28113351bb0 at 2811db5c7a0>
2026-02-13 16:41:49,291 - DEBUG - Release <POINTER(ITypeInfo) ptr=0x28117ebdbd8 at 2811db5c290>
2026-02-13 16:41:49,291 - DEBUG - Release <POINTER(ITypeInfo) ptr=0x28117ebbc90 at 2811db5c320>
2026-02-13 16:41:49,295 - DEBUG - Release <POINTER(ITypeInfo) ptr=0x28117ebb978 at 2811db5c320>
2026-02-13 16:41:49,296 - DEBUG - Release <POINTER(ITypeInfo) ptr=0x28117ebb978 at 2811db5c320>
2026-02-13 16:41:49,297 - DEBUG - Release <POINTER(ITypeInfo) ptr=0x28117ebb978 at 2811db5c320>
2026-02-13 16:41:49,297 - DEBUG - Release <POINTER(ITypeInfo) ptr=0x28117aca258 at 2811db5cdd0>
2026-02-13 16:41:49,298 - DEBUG - Release <POINTER(ITypeInfo) ptr=0x28117ebc688 at 2811d937d10>
2026-02-13 16:41:49,298 - DEBUG - Release <POINTER(ITypeLib) ptr=0x28113351bb0 at 2811d937ec0>
2026-02-13 16:41:49,298 - DEBUG - Release <POINTER(ITypeInfo) ptr=0x28117ebc630 at 2811d937da0>
2026-02-13 16:41:49,299 - DEBUG - Release <POINTER(ITypeInfo) ptr=0x28117ebc6e0 at 2811d937ec0>
2026-02-13 16:41:49,300 - DEBUG - Release <POINTER(ITypeInfo) ptr=0x28117ebc738 at 2811d937da0>
2026-02-13 16:41:49,301 - DEBUG - Release <POINTER(ITypeInfo) ptr=0x28117ebc7e8 at 2811d937ec0>
2026-02-13 16:41:49,302 - DEBUG - Release <POINTER(ITypeInfo) ptr=0x28117ebc898 at 2811d937da0>
2026-02-13 16:41:49,302 - DEBUG - Release <POINTER(ITypeInfo) ptr=0x28117ebc8f0 at 2811d937ec0>
2026-02-13 16:41:49,303 - DEBUG - Release <POINTER(ITypeInfo) ptr=0x28117ebc948 at 2811d937da0>
2026-02-13 16:41:49,304 - DEBUG - Release <POINTER(ITypeInfo) ptr=0x28117ebc9a0 at 2811d937ec0>
2026-02-13 16:41:49,305 - DEBUG - Release <POINTER(ITypeInfo) ptr=0x28117ebc9f8 at 2811d937da0>
2026-02-13 16:41:49,305 - DEBUG - Release <POINTER(ITypeInfo) ptr=0x28117ebcaa8 at 2811d937ec0>
2026-02-13 16:41:49,306 - DEBUG - Release <POINTER(ITypeInfo) ptr=0x28117ebcb00 at 2811d937da0>
2026-02-13 16:41:49,307 - DEBUG - Release <POINTER(ITypeInfo) ptr=0x28117ebcbb0 at 2811d937ec0>
2026-02-13 16:41:49,307 - DEBUG - Release <POINTER(ITypeInfo) ptr=0x28117ebcc60 at 2811d937da0>
2026-02-13 16:41:49,308 - DEBUG - Release <POINTER(ITypeInfo) ptr=0x28117ebccb8 at 2811d937ec0>
2026-02-13 16:41:49,309 - DEBUG - Release <POINTER(ITypeInfo) ptr=0x28117ebcd68 at 2811d937da0>
2026-02-13 16:41:49,310 - DEBUG - Release <POINTER(ITypeInfo) ptr=0x28117ebce18 at 2811d937ec0>
2026-02-13 16:41:49,311 - DEBUG - Release <POINTER(ITypeInfo) ptr=0x28117ebcec8 at 2811d937da0>
2026-02-13 16:41:49,312 - DEBUG - Release <POINTER(ITypeInfo) ptr=0x28117ebcf20 at 2811d937ec0>
2026-02-13 16:41:49,313 - DEBUG - Release <POINTER(ITypeInfo) ptr=0x28117ebcf78 at 2811d937da0>
2026-02-13 16:41:49,313 - DEBUG - Release <POINTER(ITypeInfo) ptr=0x28117ebcfd0 at 2811d937ec0>
2026-02-13 16:41:49,314 - DEBUG - Release <POINTER(ITypeInfo) ptr=0x28117ebd028 at 2811d937da0>
2026-02-13 16:41:49,315 - DEBUG - Release <POINTER(ITypeInfo) ptr=0x28117ebd080 at 2811d937ec0>
2026-02-13 16:41:49,316 - DEBUG - Release <POINTER(ITypeInfo) ptr=0x28117ebd130 at 2811d937da0>
2026-02-13 16:41:49,317 - DEBUG - Release <POINTER(ITypeInfo) ptr=0x28117ebd188 at 2811d937ec0>
2026-02-13 16:41:49,317 - DEBUG - Release <POINTER(ITypeInfo) ptr=0x28117ebd238 at 2811d937da0>
2026-02-13 16:41:49,318 - DEBUG - Release <POINTER(ITypeInfo) ptr=0x28117ebd2e8 at 2811d937ec0>
2026-02-13 16:41:49,319 - DEBUG - Release <POINTER(ITypeInfo) ptr=0x28117ebd398 at 2811d937da0>
2026-02-13 16:41:49,320 - DEBUG - Release <POINTER(ITypeInfo) ptr=0x28117ebd448 at 2811d937ec0>
2026-02-13 16:41:49,321 - DEBUG - Release <POINTER(ITypeInfo) ptr=0x28117ebd4f8 at 2811d937da0>
2026-02-13 16:41:49,321 - DEBUG - Release <POINTER(ITypeInfo) ptr=0x28117ebd550 at 2811d937ec0>
2026-02-13 16:41:49,322 - DEBUG - Release <POINTER(ITypeInfo) ptr=0x28117ebd600 at 2811d937da0>
2026-02-13 16:41:49,323 - DEBUG - Release <POINTER(ITypeInfo) ptr=0x28117ebd6b0 at 2811d937ec0>
2026-02-13 16:41:49,324 - DEBUG - Release <POINTER(ITypeInfo) ptr=0x28117ebd760 at 2811d937da0>
2026-02-13 16:41:49,325 - DEBUG - Release <POINTER(ITypeInfo) ptr=0x28117ebd810 at 2811d937ec0>
2026-02-13 16:41:49,325 - DEBUG - Release <POINTER(ITypeInfo) ptr=0x28117ebd868 at 2811d937da0>
2026-02-13 16:41:49,326 - DEBUG - Release <POINTER(ITypeInfo) ptr=0x28117ebd918 at 2811d937ec0>
2026-02-13 16:41:49,327 - DEBUG - Release <POINTER(ITypeInfo) ptr=0x28117ebd9c8 at 2811d937da0>
2026-02-13 16:41:49,328 - DEBUG - Release <POINTER(ITypeInfo) ptr=0x28117ebda78 at 2811d937ec0>
2026-02-13 16:41:49,329 - DEBUG - Release <POINTER(ITypeInfo) ptr=0x28117ebdb28 at 2811d937da0>
2026-02-13 16:41:49,329 - DEBUG - Release <POINTER(ITypeInfo) ptr=0x28117ebdb80 at 2811d937ec0>
2026-02-13 16:41:49,330 - DEBUG - Release <POINTER(ITypeInfo) ptr=0x28117ebdbd8 at 2811d937da0>
2026-02-13 16:41:49,334 - DEBUG - Release <POINTER(ITypeInfo) ptr=0x28117ebdb80 at 2811db5d400>
2026-02-13 16:41:49,338 - DEBUG - Release <POINTER(ITypeLib) ptr=0x28113351bb0 at 2811db5c710>
2026-02-13 16:41:49,339 - DEBUG - Release <POINTER(ITypeInfo) ptr=0x28117ebdc88 at 2811db5c290>
2026-02-13 16:41:49,339 - DEBUG - Release <POINTER(ITypeInfo) ptr=0x28117ebd188 at 2811db5c710>
2026-02-13 16:41:49,341 - DEBUG - Release <POINTER(ITypeInfo) ptr=0x28117ebd188 at 2811db5c710>
2026-02-13 16:41:49,343 - DEBUG - Release <POINTER(ITypeInfo) ptr=0x28117ebd188 at 2811db5c710>
2026-02-13 16:41:49,345 - DEBUG - Release <POINTER(ITypeInfo) ptr=0x28117ebc898 at 2811db5c0e0>
2026-02-13 16:41:49,347 - DEBUG - Release <POINTER(ITypeInfo) ptr=0x28117ebc6e0 at 2811db5cb90>
2026-02-13 16:41:49,349 - DEBUG - Release <POINTER(ITypeInfo) ptr=0x28117aca258 at 2811d937d10>
2026-02-13 16:41:49,350 - DEBUG - Release <POINTER(ITypeLib) ptr=0x28113351bb0 at 2811d937da0>
2026-02-13 16:41:49,350 - DEBUG - Release <POINTER(ITypeInfo) ptr=0x28117ebdc30 at 2811d937ec0>
2026-02-13 16:41:49,351 - DEBUG - Release <POINTER(ITypeInfo) ptr=0x28117ebdc88 at 2811d937da0>
2026-02-13 16:41:49,353 - DEBUG - Release <POINTER(ITypeInfo) ptr=0x28117ebd1e0 at 2811db5d010>
2026-02-13 16:41:49,354 - DEBUG - Release <POINTER(ITypeInfo) ptr=0x28117ebdd38 at 2811d937d10>
2026-02-13 16:41:49,354 - DEBUG - Release <POINTER(ITypeLib) ptr=0x28113351bb0 at 2811d937da0>
2026-02-13 16:41:49,355 - DEBUG - Release <POINTER(ITypeInfo) ptr=0x28117ebdce0 at 2811d937ec0>
2026-02-13 16:41:49,362 - DEBUG - Release <POINTER(ITypeLib) ptr=0x28113351bb0 at 2811db5d910>
2026-02-13 16:41:49,362 - DEBUG - Release <POINTER(ITypeInfo) ptr=0x28117ebde40 at 2811db5d640>
2026-02-13 16:41:49,372 - DEBUG - Release <POINTER(ITypeLib) ptr=0x28113351bb0 at 2811db5f2f0>
2026-02-13 16:41:49,372 - DEBUG - Release <POINTER(ITypeInfo) ptr=0x28117ebdff8 at 2811db5f770>
2026-02-13 16:41:49,379 - DEBUG - Release <POINTER(ITypeInfo) ptr=0x28117ebde40 at 2811dc09b50>
2026-02-13 16:41:49,384 - DEBUG - Release <POINTER(ITypeLib) ptr=0x28113351bb0 at 2811dc0a0f0>
2026-02-13 16:41:49,384 - DEBUG - Release <POINTER(ITypeInfo) ptr=0x28117ebe1b0 at 2811dc0a570>
2026-02-13 16:41:49,385 - DEBUG - Release <POINTER(ITypeInfo) ptr=0x28117aca258 at 2811dc090a0>
2026-02-13 16:41:49,385 - DEBUG - Release <POINTER(ITypeInfo) ptr=0x28117ebe158 at 2811dc09c70>
2026-02-13 16:41:49,386 - DEBUG - Release <POINTER(ITypeLib) ptr=0x28113351bb0 at 2811dc08ef0>
2026-02-13 16:41:49,386 - DEBUG - Release <POINTER(ITypeInfo) ptr=0x28117ebe100 at 2811dc09d00>
2026-02-13 16:41:49,386 - DEBUG - Release <POINTER(ITypeInfo) ptr=0x28117aca258 at 2811dc08050>
2026-02-13 16:41:49,387 - DEBUG - Release <POINTER(ITypeInfo) ptr=0x28117ebe0a8 at 2811db5ef90>
2026-02-13 16:41:49,387 - DEBUG - Release <POINTER(ITypeLib) ptr=0x28113351bb0 at 2811db5f260>
2026-02-13 16:41:49,387 - DEBUG - Release <POINTER(ITypeInfo) ptr=0x28117ebe050 at 2811db5f2f0>
2026-02-13 16:41:49,388 - DEBUG - Release <POINTER(ITypeInfo) ptr=0x28117aca258 at 2811db5f020>
2026-02-13 16:41:49,389 - DEBUG - Release <POINTER(ITypeInfo) ptr=0x28117ebdfa0 at 2811db5e450>
2026-02-13 16:41:49,389 - DEBUG - Release <POINTER(ITypeLib) ptr=0x28113351bb0 at 2811db5e330>
2026-02-13 16:41:49,390 - DEBUG - Release <POINTER(ITypeInfo) ptr=0x28117ebdf48 at 2811db5e7b0>
2026-02-13 16:41:49,391 - DEBUG - Release <POINTER(ITypeInfo) ptr=0x28117aca258 at 2811db5da30>
2026-02-13 16:41:49,391 - DEBUG - Release <POINTER(ITypeInfo) ptr=0x28117ebdef0 at 2811db5d9a0>
2026-02-13 16:41:49,392 - DEBUG - Release <POINTER(ITypeLib) ptr=0x28113351bb0 at 2811db5cc20>
2026-02-13 16:41:49,392 - DEBUG - Release <POINTER(ITypeInfo) ptr=0x28117ebde98 at 2811db5db50>
2026-02-13 16:41:49,394 - DEBUG - Release <POINTER(ITypeInfo) ptr=0x28117ebe1b0 at 2811db5c320>
2026-02-13 16:41:49,395 - DEBUG - Release <POINTER(ITypeInfo) ptr=0x28117ebe1b0 at 2811db5c3b0>
2026-02-13 16:41:49,396 - DEBUG - Release <POINTER(ITypeInfo) ptr=0x28117ebe1b0 at 2811db5d250>
2026-02-13 16:41:49,397 - DEBUG - Release <POINTER(ITypeInfo) ptr=0x28117ebe1b0 at 2811db5dfd0>
2026-02-13 16:41:49,398 - DEBUG - Release <POINTER(ITypeInfo) ptr=0x28117ebde40 at 2811db5ce60>
2026-02-13 16:41:49,399 - DEBUG - Release <POINTER(ITypeInfo) ptr=0x28117ebe050 at 2811db5db50>
2026-02-13 16:41:49,400 - DEBUG - Release <POINTER(ITypeInfo) ptr=0x28117ebde98 at 2811db5db50>
2026-02-13 16:41:49,400 - DEBUG - Release <POINTER(ITypeInfo) ptr=0x28117aca258 at 2811db5d010>
2026-02-13 16:41:49,400 - DEBUG - Release <POINTER(ITypeInfo) ptr=0x28117ebdde8 at 2811d937d10>
2026-02-13 16:41:49,401 - DEBUG - Release <POINTER(ITypeLib) ptr=0x28113351bb0 at 2811d937ec0>
2026-02-13 16:41:49,401 - DEBUG - Release <POINTER(ITypeInfo) ptr=0x28117ebdd90 at 2811d937da0>
2026-02-13 16:41:49,402 - DEBUG - Release <POINTER(ITypeInfo) ptr=0x28117ebde40 at 2811d937ec0>
2026-02-13 16:41:49,403 - DEBUG - Release <POINTER(ITypeInfo) ptr=0x28117ebde98 at 2811d937da0>
2026-02-13 16:41:49,403 - DEBUG - Release <POINTER(ITypeInfo) ptr=0x28117ebdf48 at 2811d937ec0>
2026-02-13 16:41:49,404 - DEBUG - Release <POINTER(ITypeInfo) ptr=0x28117ebdff8 at 2811d937da0>
2026-02-13 16:41:49,405 - DEBUG - Release <POINTER(ITypeInfo) ptr=0x28117ebe050 at 2811d937ec0>
2026-02-13 16:41:49,406 - DEBUG - Release <POINTER(ITypeInfo) ptr=0x28117ebe100 at 2811d937da0>
2026-02-13 16:41:49,407 - DEBUG - Release <POINTER(ITypeInfo) ptr=0x28117ebe1b0 at 2811d937ec0>
2026-02-13 16:41:49,422 - DEBUG - Release <POINTER(ITypeLib) ptr=0x28113351bb0 at 2811d937ec0>
2026-02-13 16:41:49,423 - DEBUG - Release <POINTER(ITypeInfo) ptr=0x28117ebe208 at 2811d937da0>
2026-02-13 16:41:49,426 - DEBUG - Release <POINTER(ITypeLib) ptr=0x28113351bb0 at 2811d937da0>
2026-02-13 16:41:49,427 - DEBUG - Release <POINTER(ITypeInfo) ptr=0x28117ebe260 at 2811d937ec0>
2026-02-13 16:41:49,429 - DEBUG - Release <POINTER(ITypeLib) ptr=0x28113351bb0 at 2811d937ec0>
2026-02-13 16:41:49,429 - DEBUG - Release <POINTER(ITypeInfo) ptr=0x28117ebe2b8 at 2811d937da0>
2026-02-13 16:41:49,432 - DEBUG - Release <POINTER(ITypeLib) ptr=0x28113351bb0 at 2811d937da0>
2026-02-13 16:41:49,432 - DEBUG - Release <POINTER(ITypeInfo) ptr=0x28117ebe310 at 2811d937ec0>
2026-02-13 16:41:49,433 - DEBUG - Release <POINTER(ITypeLib) ptr=0x28113351bb0 at 2811d937ec0>
2026-02-13 16:41:49,433 - DEBUG - Release <POINTER(ITypeInfo) ptr=0x28117ebe368 at 2811d937da0>
2026-02-13 16:41:49,435 - DEBUG - Release <POINTER(ITypeLib) ptr=0x28113351bb0 at 2811d937da0>
2026-02-13 16:41:49,435 - DEBUG - Release <POINTER(ITypeInfo) ptr=0x28117ebe3c0 at 2811d937ec0>
2026-02-13 16:41:49,436 - DEBUG - Release <POINTER(ITypeLib) ptr=0x28113351bb0 at 2811d937ec0>
2026-02-13 16:41:49,436 - DEBUG - Release <POINTER(ITypeInfo) ptr=0x28117ebe418 at 2811d937da0>
2026-02-13 16:41:49,437 - DEBUG - Release <POINTER(ITypeLib) ptr=0x28113351bb0 at 2811d937da0>
2026-02-13 16:41:49,438 - DEBUG - Release <POINTER(ITypeInfo) ptr=0x28117ebe470 at 2811d937ec0>
2026-02-13 16:41:49,441 - DEBUG - Release <POINTER(ITypeLib) ptr=0x28113351bb0 at 2811d937ec0>
2026-02-13 16:41:49,441 - DEBUG - Release <POINTER(ITypeInfo) ptr=0x28117ebe4c8 at 2811d937da0>
2026-02-13 16:41:49,442 - DEBUG - Release <POINTER(ITypeLib) ptr=0x28113351bb0 at 2811d937da0>
2026-02-13 16:41:49,442 - DEBUG - Release <POINTER(ITypeInfo) ptr=0x28117ebe520 at 2811d937ec0>
2026-02-13 16:41:49,443 - DEBUG - Release <POINTER(ITypeLib) ptr=0x28113351bb0 at 2811d937ec0>
2026-02-13 16:41:49,444 - DEBUG - Release <POINTER(ITypeInfo) ptr=0x28117ebe578 at 2811d937da0>
2026-02-13 16:41:49,444 - DEBUG - Release <POINTER(ITypeLib) ptr=0x28113351bb0 at 2811d937da0>
2026-02-13 16:41:49,445 - DEBUG - Release <POINTER(ITypeInfo) ptr=0x28117ebe5d0 at 2811d937ec0>
2026-02-13 16:41:49,445 - DEBUG - Release <POINTER(ITypeLib) ptr=0x28113351bb0 at 2811d937ec0>
2026-02-13 16:41:49,446 - DEBUG - Release <POINTER(ITypeInfo) ptr=0x28117ebe628 at 2811d937da0>
2026-02-13 16:41:49,448 - DEBUG - Release <POINTER(ITypeLib) ptr=0x28113351bb0 at 2811d937da0>
2026-02-13 16:41:49,448 - DEBUG - Release <POINTER(ITypeInfo) ptr=0x28117ebe680 at 2811d937ec0>
2026-02-13 16:41:49,450 - DEBUG - Release <POINTER(ITypeLib) ptr=0x28113351bb0 at 2811d937ec0>
2026-02-13 16:41:49,450 - DEBUG - Release <POINTER(ITypeInfo) ptr=0x28117ebe6d8 at 2811d937da0>
2026-02-13 16:41:49,452 - DEBUG - Release <POINTER(ITypeLib) ptr=0x28113351bb0 at 2811d937da0>
2026-02-13 16:41:49,452 - DEBUG - Release <POINTER(ITypeInfo) ptr=0x28117ebe730 at 2811d937ec0>
2026-02-13 16:41:49,457 - DEBUG - Release <POINTER(ITypeLib) ptr=0x28113351bb0 at 2811d937ec0>
2026-02-13 16:41:49,457 - DEBUG - Release <POINTER(ITypeInfo) ptr=0x28117ebe788 at 2811d937da0>
2026-02-13 16:41:49,460 - DEBUG - Release <POINTER(ITypeLib) ptr=0x28113351bb0 at 2811d937da0>
2026-02-13 16:41:49,461 - DEBUG - Release <POINTER(ITypeInfo) ptr=0x28117ebe7e0 at 2811d937ec0>
2026-02-13 16:41:49,464 - DEBUG - Release <POINTER(ITypeLib) ptr=0x28113351bb0 at 2811d937ec0>
2026-02-13 16:41:49,464 - DEBUG - Release <POINTER(ITypeInfo) ptr=0x28117ebe838 at 2811d937da0>
2026-02-13 16:41:49,469 - DEBUG - Release <POINTER(ITypeLib) ptr=0x28113351bb0 at 2811d937da0>
2026-02-13 16:41:49,469 - DEBUG - Release <POINTER(ITypeInfo) ptr=0x28117ebe890 at 2811d937ec0>
2026-02-13 16:41:49,471 - DEBUG - Release <POINTER(ITypeLib) ptr=0x28113351bb0 at 2811d937ec0>
2026-02-13 16:41:49,472 - DEBUG - Release <POINTER(ITypeInfo) ptr=0x28117ebe8e8 at 2811d937da0>
2026-02-13 16:41:49,474 - DEBUG - Release <POINTER(ITypeLib) ptr=0x28113351bb0 at 2811d937da0>
2026-02-13 16:41:49,474 - DEBUG - Release <POINTER(ITypeInfo) ptr=0x28117ebe940 at 2811d937ec0>
2026-02-13 16:41:49,479 - DEBUG - Release <POINTER(ITypeLib) ptr=0x28113351bb0 at 2811d937ec0>
2026-02-13 16:41:49,479 - DEBUG - Release <POINTER(ITypeInfo) ptr=0x28117ebe998 at 2811d937da0>
2026-02-13 16:41:49,483 - DEBUG - Release <POINTER(ITypeLib) ptr=0x28113351bb0 at 2811d937da0>
2026-02-13 16:41:49,484 - DEBUG - Release <POINTER(ITypeInfo) ptr=0x28117ebe9f0 at 2811d937ec0>
2026-02-13 16:41:49,488 - DEBUG - Release <POINTER(ITypeLib) ptr=0x28113351bb0 at 2811d937ec0>
2026-02-13 16:41:49,488 - DEBUG - Release <POINTER(ITypeInfo) ptr=0x28117ebea48 at 2811d937da0>
2026-02-13 16:41:49,490 - DEBUG - Release <POINTER(ITypeLib) ptr=0x28113351bb0 at 2811d937da0>
2026-02-13 16:41:49,490 - DEBUG - Release <POINTER(ITypeInfo) ptr=0x28117ebeaa0 at 2811d937ec0>
2026-02-13 16:41:49,493 - DEBUG - Release <POINTER(ITypeLib) ptr=0x28113351bb0 at 2811d937ec0>
2026-02-13 16:41:49,493 - DEBUG - Release <POINTER(ITypeInfo) ptr=0x28117ebeaf8 at 2811d937da0>
2026-02-13 16:41:49,495 - DEBUG - Release <POINTER(ITypeLib) ptr=0x28113351bb0 at 2811d937da0>
2026-02-13 16:41:49,496 - DEBUG - Release <POINTER(ITypeInfo) ptr=0x28117ebeb50 at 2811d937ec0>
2026-02-13 16:41:49,497 - DEBUG - Release <POINTER(ITypeLib) ptr=0x28113351bb0 at 2811d937ec0>
2026-02-13 16:41:49,497 - DEBUG - Release <POINTER(ITypeInfo) ptr=0x28117ebeba8 at 2811d937da0>
2026-02-13 16:41:49,500 - DEBUG - Release <POINTER(ITypeLib) ptr=0x28113351bb0 at 2811d937da0>
2026-02-13 16:41:49,500 - DEBUG - Release <POINTER(ITypeInfo) ptr=0x28117ebec00 at 2811d937ec0>
2026-02-13 16:41:49,502 - DEBUG - Release <POINTER(ITypeLib) ptr=0x28113351bb0 at 2811d937ec0>
2026-02-13 16:41:49,502 - DEBUG - Release <POINTER(ITypeInfo) ptr=0x28117ebec58 at 2811d937da0>
2026-02-13 16:41:49,504 - DEBUG - Release <POINTER(ITypeLib) ptr=0x28113351bb0 at 2811d937da0>
2026-02-13 16:41:49,505 - DEBUG - Release <POINTER(ITypeInfo) ptr=0x28117ebecb0 at 2811d937ec0>
2026-02-13 16:41:49,506 - DEBUG - Release <POINTER(ITypeLib) ptr=0x28113351bb0 at 2811d937ec0>
2026-02-13 16:41:49,507 - DEBUG - Release <POINTER(ITypeInfo) ptr=0x28117ebed08 at 2811d937da0>
2026-02-13 16:41:49,509 - DEBUG - Release <POINTER(ITypeLib) ptr=0x28113351bb0 at 2811db5c320>
2026-02-13 16:41:49,509 - DEBUG - Release <POINTER(ITypeInfo) ptr=0x28117ebee10 at 2811db5c7a0>
2026-02-13 16:41:49,510 - DEBUG - Release <POINTER(ITypeInfo) ptr=0x28117ebd1e0 at 2811db5dfd0>
2026-02-13 16:41:49,510 - DEBUG - Release <POINTER(ITypeInfo) ptr=0x28117ebedb8 at 2811db5d010>
2026-02-13 16:41:49,510 - DEBUG - Release <POINTER(ITypeLib) ptr=0x28113351bb0 at 2811d937da0>
2026-02-13 16:41:49,511 - DEBUG - Release <POINTER(ITypeInfo) ptr=0x28117ebed60 at 2811d937ec0>
2026-02-13 16:41:49,511 - DEBUG - Release <POINTER(ITypeInfo) ptr=0x28117ebee10 at 2811d937da0>
2026-02-13 16:41:49,513 - DEBUG - Release <POINTER(ITypeLib) ptr=0x28113351bb0 at 2811d937da0>
2026-02-13 16:41:49,513 - DEBUG - Release <POINTER(ITypeInfo) ptr=0x28117ebee68 at 2811d937ec0>
2026-02-13 16:41:49,515 - DEBUG - Release <POINTER(ITypeInfo) ptr=0x28117ebc7e8 at 2811db5d760>
2026-02-13 16:41:49,516 - DEBUG - Release <POINTER(ITypeInfo) ptr=0x28117ebd238 at 2811db5dd00>
2026-02-13 16:41:49,516 - DEBUG - Release <POINTER(ITypeInfo) ptr=0x28117ebbc90 at 2811db5e600>
2026-02-13 16:41:49,517 - DEBUG - Release <POINTER(ITypeInfo) ptr=0x28117ebbc90 at 2811db5da30>
2026-02-13 16:41:49,518 - DEBUG - Release <POINTER(ITypeInfo) ptr=0x28117ebd2e8 at 2811db5da30>
2026-02-13 16:41:49,519 - DEBUG - Release <POINTER(ITypeInfo) ptr=0x28117ebd9c8 at 2811db5df40>
2026-02-13 16:41:49,520 - DEBUG - Release <POINTER(ITypeInfo) ptr=0x28117ebc058 at 2811db5df40>
2026-02-13 16:41:49,521 - DEBUG - Release <POINTER(ITypeInfo) ptr=0x28117ebc4d0 at 2811db5d760>
2026-02-13 16:41:49,522 - DEBUG - Release <POINTER(ITypeInfo) ptr=0x28117ebdb28 at 2811db5db50>
2026-02-13 16:41:49,523 - DEBUG - Release <POINTER(ITypeInfo) ptr=0x28117ebee10 at 2811db5d760>
2026-02-13 16:41:49,523 - DEBUG - Release <POINTER(ITypeInfo) ptr=0x28117aca258 at 2811db5d010>
2026-02-13 16:41:49,524 - DEBUG - Release <POINTER(ITypeInfo) ptr=0x28117ebef18 at 2811db5d9a0>
2026-02-13 16:41:49,524 - DEBUG - Release <POINTER(ITypeLib) ptr=0x28113351bb0 at 2811d937ec0>
2026-02-13 16:41:49,524 - DEBUG - Release <POINTER(ITypeInfo) ptr=0x28117ebeec0 at 2811d937da0>
2026-02-13 16:41:49,525 - DEBUG - Release <POINTER(ITypeLib) ptr=0x28113351bb0 at 2811d937da0>
2026-02-13 16:41:49,526 - DEBUG - Release <POINTER(ITypeInfo) ptr=0x28117ebef70 at 2811d937ec0>
2026-02-13 16:41:49,528 - DEBUG - Release <POINTER(ITypeInfo) ptr=0x28117ebd2e8 at 2811db5dd90>
2026-02-13 16:41:49,529 - DEBUG - Release <POINTER(ITypeInfo) ptr=0x28117aca258 at 2811db5c320>
2026-02-13 16:41:49,529 - DEBUG - Release <POINTER(ITypeInfo) ptr=0x28117ebf020 at 2811db5d9a0>
2026-02-13 16:41:49,529 - DEBUG - Release <POINTER(ITypeLib) ptr=0x28113351bb0 at 2811d937ec0>
2026-02-13 16:41:49,529 - DEBUG - Release <POINTER(ITypeInfo) ptr=0x28117ebefc8 at 2811d937da0>
2026-02-13 16:41:49,531 - DEBUG - Release <POINTER(ITypeLib) ptr=0x28113351bb0 at 2811d937da0>
2026-02-13 16:41:49,531 - DEBUG - Release <POINTER(ITypeInfo) ptr=0x28117ebf078 at 2811d937ec0>
2026-02-13 16:41:49,534 - DEBUG - Release <POINTER(ITypeLib) ptr=0x28113351bb0 at 2811d937ec0>
2026-02-13 16:41:49,534 - DEBUG - Release <POINTER(ITypeInfo) ptr=0x28117ebf0d0 at 2811d937da0>
2026-02-13 16:41:49,536 - DEBUG - Release <POINTER(ITypeLib) ptr=0x28113351bb0 at 2811d937da0>
2026-02-13 16:41:49,537 - DEBUG - Release <POINTER(ITypeInfo) ptr=0x28117ebf128 at 2811d937ec0>
2026-02-13 16:41:49,540 - DEBUG - Release <POINTER(ITypeLib) ptr=0x28113351bb0 at 2811d937ec0>
2026-02-13 16:41:49,540 - DEBUG - Release <POINTER(ITypeInfo) ptr=0x28117ebf180 at 2811d937da0>
2026-02-13 16:41:49,543 - DEBUG - Release <POINTER(ITypeLib) ptr=0x28113351bb0 at 2811d937da0>
2026-02-13 16:41:49,544 - DEBUG - Release <POINTER(ITypeInfo) ptr=0x28117ebf1d8 at 2811d937ec0>
2026-02-13 16:41:49,545 - DEBUG - Release <POINTER(ITypeLib) ptr=0x28113351bb0 at 2811d937ec0>
2026-02-13 16:41:49,546 - DEBUG - Release <POINTER(ITypeInfo) ptr=0x28117ebf230 at 2811d937da0>
2026-02-13 16:41:49,547 - DEBUG - Release <POINTER(ITypeLib) ptr=0x28113351bb0 at 2811d937da0>
2026-02-13 16:41:49,547 - DEBUG - Release <POINTER(ITypeInfo) ptr=0x28117ebf288 at 2811d937ec0>
2026-02-13 16:41:49,549 - DEBUG - Release <POINTER(ITypeLib) ptr=0x28113351bb0 at 2811d937ec0>
2026-02-13 16:41:49,549 - DEBUG - Release <POINTER(ITypeInfo) ptr=0x28117ebf2e0 at 2811d937da0>
2026-02-13 16:41:49,552 - DEBUG - Release <POINTER(ITypeLib) ptr=0x28113351bb0 at 2811d937da0>
2026-02-13 16:41:49,552 - DEBUG - Release <POINTER(ITypeInfo) ptr=0x28117ebf338 at 2811d937ec0>
2026-02-13 16:41:49,553 - DEBUG - Release <POINTER(ITypeLib) ptr=0x28113351bb0 at 2811d937ec0>
2026-02-13 16:41:49,554 - DEBUG - Release <POINTER(ITypeInfo) ptr=0x28117ebf390 at 2811d937da0>
2026-02-13 16:41:49,556 - DEBUG - Release <POINTER(ITypeLib) ptr=0x28113351bb0 at 2811d937da0>
2026-02-13 16:41:49,556 - DEBUG - Release <POINTER(ITypeInfo) ptr=0x28117ebf3e8 at 2811d937ec0>
2026-02-13 16:41:49,558 - DEBUG - Release <POINTER(ITypeLib) ptr=0x28113351bb0 at 2811d937ec0>
2026-02-13 16:41:49,558 - DEBUG - Release <POINTER(ITypeInfo) ptr=0x28117ebf440 at 2811d937da0>
2026-02-13 16:41:49,561 - DEBUG - Release <POINTER(ITypeLib) ptr=0x28113351bb0 at 2811d937da0>
2026-02-13 16:41:49,561 - DEBUG - Release <POINTER(ITypeInfo) ptr=0x28117ebf498 at 2811d937ec0>
2026-02-13 16:41:49,563 - DEBUG - Release <POINTER(ITypeLib) ptr=0x28113351bb0 at 2811d937ec0>
2026-02-13 16:41:49,563 - DEBUG - Release <POINTER(ITypeInfo) ptr=0x28117ebf4f0 at 2811d937da0>
2026-02-13 16:41:49,565 - DEBUG - Release <POINTER(ITypeLib) ptr=0x28113351bb0 at 2811d937da0>
2026-02-13 16:41:49,565 - DEBUG - Release <POINTER(ITypeInfo) ptr=0x28117ebf548 at 2811d937ec0>
2026-02-13 16:41:49,566 - DEBUG - Release <POINTER(ITypeLib) ptr=0x28113351bb0 at 2811d937ec0>
2026-02-13 16:41:49,567 - DEBUG - Release <POINTER(ITypeInfo) ptr=0x28117ebf5a0 at 2811d937da0>
2026-02-13 16:41:49,569 - DEBUG - Release <POINTER(ITypeLib) ptr=0x28113351bb0 at 2811d937da0>
2026-02-13 16:41:49,569 - DEBUG - Release <POINTER(ITypeInfo) ptr=0x28117ebf5f8 at 2811d937ec0>
2026-02-13 16:41:49,571 - DEBUG - Release <POINTER(ITypeLib) ptr=0x28113351bb0 at 2811d937ec0>
2026-02-13 16:41:49,571 - DEBUG - Release <POINTER(ITypeInfo) ptr=0x28117ebf650 at 2811d937da0>
2026-02-13 16:41:49,573 - DEBUG - Release <POINTER(ITypeInfo) ptr=0x28117aca258 at 2811db5e570>
2026-02-13 16:41:49,574 - DEBUG - Release <POINTER(ITypeInfo) ptr=0x28117ebf700 at 2811db5d9a0>
2026-02-13 16:41:49,574 - DEBUG - Release <POINTER(ITypeLib) ptr=0x28113351bb0 at 2811d937da0>
2026-02-13 16:41:49,574 - DEBUG - Release <POINTER(ITypeInfo) ptr=0x28117ebf6a8 at 2811d937ec0>
2026-02-13 16:41:49,577 - DEBUG - Release <POINTER(ITypeInfo) ptr=0x28117aca2b0 at 2811db5c7a0>
2026-02-13 16:41:49,578 - DEBUG - Release <POINTER(ITypeLib) ptr=0x28113351bb0 at 2811db5d640>
2026-02-13 16:41:49,581 - DEBUG - Release <POINTER(ITypeLib) ptr=0x28113351bb0 at 2811db5ec30>
2026-02-13 16:41:49,582 - DEBUG - Release <POINTER(ITypeLib) ptr=0x28113351bb0 at 2811db5ede0>
2026-02-13 16:41:49,582 - DEBUG - Release <POINTER(ITypeInfo) ptr=0x28117ebf910 at 2811db5fec0>
2026-02-13 16:41:49,582 - DEBUG - Release <POINTER(ITypeLib) ptr=0x28113351bb0 at 2811db5e330>
2026-02-13 16:41:49,583 - DEBUG - Release <POINTER(ITypeLib) ptr=0x28113351bb0 at 2811db5e7b0>
2026-02-13 16:41:49,583 - DEBUG - Release <POINTER(ITypeInfo) ptr=0x28117ebf8b8 at 2811db5e180>
2026-02-13 16:41:49,583 - DEBUG - Release <POINTER(ITypeLib) ptr=0x28113351bb0 at 2811db5da30>
2026-02-13 16:41:49,583 - DEBUG - Release <POINTER(ITypeInfo) ptr=0x28117ebf860 at 2811db5c7a0>
2026-02-13 16:41:49,584 - DEBUG - Release <POINTER(ITypeLib) ptr=0x28113351bb0 at 2811db5dac0>
2026-02-13 16:41:49,584 - DEBUG - Release <POINTER(ITypeInfo) ptr=0x28117ebf968 at 2811db5d5b0>
2026-02-13 16:41:49,585 - DEBUG - Release <POINTER(ITypeLib) ptr=0x28113351bb0 at 2811db5f0b0>
2026-02-13 16:41:49,586 - DEBUG - Release <POINTER(ITypeInfo) ptr=0x28117ebf9c0 at 2811db5de20>
2026-02-13 16:41:49,587 - DEBUG - Release <POINTER(ITypeInfo) ptr=0x28117ebf968 at 2811db5d490>
2026-02-13 16:41:49,587 - DEBUG - Release <POINTER(ITypeInfo) ptr=0x28117ebf9c0 at 2811db5c710>
2026-02-13 16:41:49,588 - DEBUG - Release <POINTER(ITypeInfo) ptr=0x28117ebf968 at 2811db5f0b0>
2026-02-13 16:41:49,588 - DEBUG - Release <POINTER(ITypeInfo) ptr=0x28117ebf9c0 at 2811db5d520>
2026-02-13 16:41:49,589 - DEBUG - Release <POINTER(ITypeInfo) ptr=0x28117ebf808 at 2811db5e690>
2026-02-13 16:41:49,590 - DEBUG - Release <POINTER(ITypeLib) ptr=0x28113351bb0 at 2811db5cc20>
2026-02-13 16:41:49,590 - DEBUG - Release <POINTER(ITypeInfo) ptr=0x28117ebf7b0 at 2811db5e600>
2026-02-13 16:41:49,590 - DEBUG - Release <POINTER(ITypeLib) ptr=0x28113351bb0 at 2811d937ec0>
2026-02-13 16:41:49,591 - DEBUG - Release <POINTER(ITypeInfo) ptr=0x28117ebf758 at 2811d937da0>
2026-02-13 16:41:49,591 - DEBUG - Release <POINTER(ITypeInfo) ptr=0x28117ebf7b0 at 2811d937ec0>
2026-02-13 16:41:49,592 - DEBUG - Release <POINTER(ITypeInfo) ptr=0x28117ebf808 at 2811d937da0>
2026-02-13 16:41:49,592 - DEBUG - Release <POINTER(ITypeInfo) ptr=0x28117ebf860 at 2811d937ec0>
2026-02-13 16:41:49,593 - DEBUG - Release <POINTER(ITypeInfo) ptr=0x28117ebf8b8 at 2811d937da0>
2026-02-13 16:41:49,593 - DEBUG - Release <POINTER(ITypeInfo) ptr=0x28117ebf910 at 2811d937ec0>
2026-02-13 16:41:49,594 - DEBUG - Release <POINTER(ITypeInfo) ptr=0x28117ebf968 at 2811d937da0>
2026-02-13 16:41:49,595 - DEBUG - Release <POINTER(ITypeInfo) ptr=0x28117ebf9c0 at 2811d937ec0>
2026-02-13 16:41:49,596 - DEBUG - Release <POINTER(ITypeInfo) ptr=0x28117ebb870 at 2811db5e600>
2026-02-13 16:41:49,600 - DEBUG - Release <POINTER(ITypeInfo) ptr=0x28117ebfac8 at 2811db5fc80>
2026-02-13 16:41:49,601 - DEBUG - Release <POINTER(ITypeInfo) ptr=0x28117ebfac8 at 2811db5fc80>
2026-02-13 16:41:49,602 - DEBUG - Release <POINTER(ITypeInfo) ptr=0x28117aca2b0 at 2811db5de20>
2026-02-13 16:41:49,602 - DEBUG - Release <POINTER(ITypeLib) ptr=0x28113351bb0 at 2811db5e690>
2026-02-13 16:41:49,605 - DEBUG - Release <POINTER(ITypeLib) ptr=0x28113351bb0 at 2811db5d520>
2026-02-13 16:41:49,605 - DEBUG - Release <POINTER(ITypeInfo) ptr=0x28117ebfb20 at 2811db5e690>
2026-02-13 16:41:49,606 - DEBUG - Release <POINTER(ITypeInfo) ptr=0x28117ebfac8 at 2811db5f0b0>
2026-02-13 16:41:49,610 - DEBUG - Release <POINTER(ITypeInfo) ptr=0x28117ebfa70 at 2811dc09d90>
2026-02-13 16:41:49,611 - DEBUG - Release <POINTER(ITypeInfo) ptr=0x28117aca308 at 2811dc087a0>
2026-02-13 16:41:49,612 - DEBUG - Release <POINTER(ITypeInfo) ptr=0x28117aca308 at 2811dc09e20>
2026-02-13 16:41:49,613 - DEBUG - Release <POINTER(ITypeInfo) ptr=0x28117aca308 at 2811dc09e20>
2026-02-13 16:41:49,613 - DEBUG - Release <POINTER(ITypeInfo) ptr=0x28117aca308 at 2811dc09e20>
2026-02-13 16:41:49,614 - DEBUG - Release <POINTER(ITypeInfo) ptr=0x28117ebf860 at 2811dc09fd0>
2026-02-13 16:41:49,614 - DEBUG - Release <POINTER(ITypeInfo) ptr=0x28117ebfac8 at 2811dc080e0>
2026-02-13 16:41:49,615 - DEBUG - Release <POINTER(ITypeLib) ptr=0x28113351bb0 at 2811dc09760>
2026-02-13 16:41:49,615 - DEBUG - Release <POINTER(ITypeInfo) ptr=0x28117ebfbd0 at 2811dc0a720>
2026-02-13 16:41:49,616 - DEBUG - Release <POINTER(ITypeInfo) ptr=0x28117ebfb78 at 2811dc092e0>
2026-02-13 16:41:49,616 - DEBUG - Release <POINTER(ITypeInfo) ptr=0x28117ebfbd0 at 2811dc08d40>
2026-02-13 16:41:49,617 - DEBUG - Release <POINTER(ITypeInfo) ptr=0x28117aca2b0 at 2811db5fc80>
2026-02-13 16:41:49,617 - DEBUG - Release <POINTER(ITypeLib) ptr=0x28113351bb0 at 2811db5fb60>
2026-02-13 16:41:49,617 - DEBUG - Release <POINTER(ITypeInfo) ptr=0x28117ebfb78 at 2811db5f0b0>
2026-02-13 16:41:49,618 - DEBUG - Release <POINTER(ITypeInfo) ptr=0x28117ebfac8 at 2811db5c7a0>
2026-02-13 16:41:49,618 - DEBUG - Release <POINTER(ITypeLib) ptr=0x28113351bb0 at 2811db5e600>
2026-02-13 16:41:49,618 - DEBUG - Release <POINTER(ITypeInfo) ptr=0x28117ebfa70 at 2811db5cc20>
2026-02-13 16:41:49,618 - DEBUG - Release <POINTER(ITypeLib) ptr=0x28113351bb0 at 2811d937ec0>
2026-02-13 16:41:49,619 - DEBUG - Release <POINTER(ITypeInfo) ptr=0x28117ebfa18 at 2811d937da0>
2026-02-13 16:41:49,619 - DEBUG - Release <POINTER(ITypeInfo) ptr=0x28117ebfa70 at 2811d937ec0>
2026-02-13 16:41:49,619 - DEBUG - Release <POINTER(ITypeInfo) ptr=0x28117ebfac8 at 2811d937da0>
2026-02-13 16:41:49,620 - DEBUG - Release <POINTER(ITypeInfo) ptr=0x28117ebfb20 at 2811d937ec0>
2026-02-13 16:41:49,620 - DEBUG - Release <POINTER(ITypeInfo) ptr=0x28117ebfb78 at 2811d937da0>
2026-02-13 16:41:49,620 - DEBUG - Release <POINTER(ITypeInfo) ptr=0x28117ebfbd0 at 2811d937ec0>
2026-02-13 16:41:49,622 - DEBUG - Release <POINTER(ITypeInfo) ptr=0x28117ebb7c0 at 2811db5e600>
2026-02-13 16:41:49,622 - DEBUG - Release <POINTER(ITypeInfo) ptr=0x28117ebfbd0 at 2811db5fec0>
2026-02-13 16:41:49,622 - DEBUG - Release <POINTER(ITypeLib) ptr=0x28113351bb0 at 2811d937ec0>
2026-02-13 16:41:49,622 - DEBUG - Release <POINTER(ITypeInfo) ptr=0x28117ebfc28 at 2811d937da0>
2026-02-13 16:41:49,626 - DEBUG - Release <POINTER(ITypeInfo) ptr=0x28117aca308 at 2811db5fe30>
2026-02-13 16:41:49,627 - DEBUG - Release <POINTER(ITypeInfo) ptr=0x28117aca308 at 2811dc089e0>
2026-02-13 16:41:49,627 - DEBUG - Release <POINTER(ITypeInfo) ptr=0x28117aca2b0 at 2811db5e690>
2026-02-13 16:41:49,628 - DEBUG - Release <POINTER(ITypeLib) ptr=0x28113351bb0 at 2811db5f6e0>
2026-02-13 16:41:49,629 - DEBUG - Release <POINTER(ITypeInfo) ptr=0x28117aca308 at 2811db5f0b0>
2026-02-13 16:41:49,630 - DEBUG - Release <POINTER(ITypeInfo) ptr=0x28117aca308 at 2811db5f2f0>
2026-02-13 16:41:49,631 - DEBUG - Release <POINTER(ITypeInfo) ptr=0x28117aca308 at 2811db5ef90>
2026-02-13 16:41:49,632 - DEBUG - Release <POINTER(ITypeInfo) ptr=0x28117aca308 at 2811db5ef90>
2026-02-13 16:41:49,632 - DEBUG - Release <POINTER(ITypeInfo) ptr=0x28117ebfd30 at 2811db5f140>
2026-02-13 16:41:49,632 - DEBUG - Release <POINTER(ITypeLib) ptr=0x28113351bb0 at 2811db5d5b0>
2026-02-13 16:41:49,633 - DEBUG - Release <POINTER(ITypeInfo) ptr=0x28117ebfcd8 at 2811db5e600>
2026-02-13 16:41:49,633 - DEBUG - Release <POINTER(ITypeLib) ptr=0x28113351bb0 at 2811d937da0>
2026-02-13 16:41:49,633 - DEBUG - Release <POINTER(ITypeInfo) ptr=0x28117ebfc80 at 2811d937ec0>
2026-02-13 16:41:49,634 - DEBUG - Release <POINTER(ITypeInfo) ptr=0x28117ebfcd8 at 2811d937da0>
2026-02-13 16:41:49,634 - DEBUG - Release <POINTER(ITypeInfo) ptr=0x28117ebfd30 at 2811d937ec0>
2026-02-13 16:41:49,640 - DEBUG - Release <POINTER(ITypeInfo) ptr=0x28117aca2b0 at 2811dc080e0>
2026-02-13 16:41:49,640 - DEBUG - Release <POINTER(ITypeLib) ptr=0x28113351bb0 at 2811dc088c0>
2026-02-13 16:41:49,642 - DEBUG - Release <POINTER(ITypeLib) ptr=0x28113351bb0 at 2811dc08cb0>
2026-02-13 16:41:49,642 - DEBUG - Release <POINTER(ITypeLib) ptr=0x28113351bb0 at 2811dc09490>
2026-02-13 16:41:49,643 - DEBUG - Release <POINTER(ITypeInfo) ptr=0x28117ebff40 at 2811dc080e0>
2026-02-13 16:41:49,644 - DEBUG - Release <POINTER(ITypeLib) ptr=0x28113351bb0 at 2811dc09c70>
2026-02-13 16:41:49,644 - DEBUG - Release <POINTER(ITypeLib) ptr=0x28113351bb0 at 2811dc09640>
2026-02-13 16:41:49,644 - DEBUG - Release <POINTER(ITypeInfo) ptr=0x28117ebff98 at 2811dc09f40>
2026-02-13 16:41:49,645 - DEBUG - Release <POINTER(ITypeInfo) ptr=0x28117ebff98 at 2811dc08cb0>
2026-02-13 16:41:49,646 - DEBUG - Release <POINTER(ITypeInfo) ptr=0x28117ebfe90 at 2811dc09760>
2026-02-13 16:41:49,646 - DEBUG - Release <POINTER(ITypeInfo) ptr=0x28117ebff98 at 2811dc09d00>
2026-02-13 16:41:49,647 - DEBUG - Release <POINTER(ITypeInfo) ptr=0x28117ebff98 at 2811dc092e0>
2026-02-13 16:41:49,648 - DEBUG - Release <POINTER(ITypeInfo) ptr=0x28117ebff98 at 2811dc092e0>
2026-02-13 16:41:49,649 - DEBUG - Release <POINTER(ITypeInfo) ptr=0x28117ebff98 at 2811dc09fd0>
2026-02-13 16:41:49,649 - DEBUG - Release <POINTER(ITypeInfo) ptr=0x28117ebff98 at 2811dc080e0>
2026-02-13 16:41:49,650 - DEBUG - Release <POINTER(ITypeInfo) ptr=0x28117ebff98 at 2811dc0a600>
2026-02-13 16:41:49,651 - DEBUG - Release <POINTER(ITypeInfo) ptr=0x28117ebff98 at 2811dc09fd0>
2026-02-13 16:41:49,652 - DEBUG - Release <POINTER(ITypeInfo) ptr=0x28117ebff98 at 2811dc0a2a0>
2026-02-13 16:41:49,654 - DEBUG - Release <POINTER(ITypeLib) ptr=0x28113351bb0 at 2811dc0a330>
2026-02-13 16:41:49,654 - DEBUG - Release <POINTER(ITypeLib) ptr=0x28113351bb0 at 2811dc0a4e0>
2026-02-13 16:41:49,654 - DEBUG - Release <POINTER(ITypeInfo) ptr=0x28117ec0048 at 2811dc0a2a0>
2026-02-13 16:41:49,655 - DEBUG - Release <POINTER(ITypeInfo) ptr=0x28117ec0048 at 2811dc0a2a0>
2026-02-13 16:41:49,655 - DEBUG - Release <POINTER(ITypeInfo) ptr=0x28117ec0048 at 2811dc0a2a0>
2026-02-13 16:41:49,656 - DEBUG - Release <POINTER(ITypeInfo) ptr=0x28117aca308 at 2811dc0a2a0>
2026-02-13 16:41:49,657 - DEBUG - Release <POINTER(ITypeLib) ptr=0x28113351bb0 at 2811dc09640>
2026-02-13 16:41:49,657 - DEBUG - Release <POINTER(ITypeLib) ptr=0x28113351bb0 at 2811dc09760>
2026-02-13 16:41:49,657 - DEBUG - Release <POINTER(ITypeInfo) ptr=0x28117ebfff0 at 2811dc0a570>
2026-02-13 16:41:49,658 - DEBUG - Release <POINTER(ITypeInfo) ptr=0x28117ebfe90 at 2811dc09760>
2026-02-13 16:41:49,658 - DEBUG - Release <POINTER(ITypeInfo) ptr=0x28117ebfee8 at 2811dc08050>
2026-02-13 16:41:49,658 - DEBUG - Release <POINTER(ITypeLib) ptr=0x28113351bb0 at 2811db5fe30>
2026-02-13 16:41:49,659 - DEBUG - Release <POINTER(ITypeInfo) ptr=0x28117aca308 at 2811dc0a720>
2026-02-13 16:41:49,660 - DEBUG - Release <POINTER(ITypeLib) ptr=0x28113351bb0 at 2811dc099a0>
2026-02-13 16:41:49,661 - DEBUG - Release <POINTER(ITypeLib) ptr=0x28113351bb0 at 2811dc0a3c0>
2026-02-13 16:41:49,661 - DEBUG - Release <POINTER(ITypeInfo) ptr=0x28117ec00a0 at 2811dc09c70>
2026-02-13 16:41:49,661 - DEBUG - Release <POINTER(ITypeInfo) ptr=0x28117ebfe90 at 2811db5e690>
2026-02-13 16:41:49,661 - DEBUG - Release <POINTER(ITypeLib) ptr=0x28113351bb0 at 2811db5d490>
2026-02-13 16:41:49,662 - DEBUG - Release <POINTER(ITypeInfo) ptr=0x28117ebfe38 at 2811dc088c0>
2026-02-13 16:41:49,662 - DEBUG - Release <POINTER(ITypeInfo) ptr=0x28117ebfe38 at 2811dc08cb0>
2026-02-13 16:41:49,663 - DEBUG - Release <POINTER(ITypeInfo) ptr=0x28117aca308 at 2811dc080e0>
2026-02-13 16:41:49,664 - DEBUG - Release <POINTER(ITypeInfo) ptr=0x28117ec00a0 at 2811dc0a720>
2026-02-13 16:41:49,665 - DEBUG - Release <POINTER(ITypeInfo) ptr=0x28117ebfe38 at 2811db5ff50>
2026-02-13 16:41:49,665 - DEBUG - Release <POINTER(ITypeLib) ptr=0x28113351bb0 at 2811db5d5b0>
2026-02-13 16:41:49,665 - DEBUG - Release <POINTER(ITypeInfo) ptr=0x28117ebfde0 at 2811db5e7b0>
2026-02-13 16:41:49,665 - DEBUG - Release <POINTER(ITypeLib) ptr=0x28113351bb0 at 2811d937ec0>
2026-02-13 16:41:49,665 - DEBUG - Release <POINTER(ITypeInfo) ptr=0x28117ebfd88 at 2811d937da0>
2026-02-13 16:41:49,666 - DEBUG - Release <POINTER(ITypeInfo) ptr=0x28117ebfde0 at 2811d937ec0>
2026-02-13 16:41:49,666 - DEBUG - Release <POINTER(ITypeInfo) ptr=0x28117ebfe38 at 2811d937da0>
2026-02-13 16:41:49,667 - DEBUG - Release <POINTER(ITypeInfo) ptr=0x28117ebfe90 at 2811d937ec0>
2026-02-13 16:41:49,667 - DEBUG - Release <POINTER(ITypeInfo) ptr=0x28117ebfee8 at 2811d937da0>
2026-02-13 16:41:49,667 - DEBUG - Release <POINTER(ITypeInfo) ptr=0x28117ebff40 at 2811d937ec0>
2026-02-13 16:41:49,668 - DEBUG - Release <POINTER(ITypeInfo) ptr=0x28117ebff98 at 2811d937da0>
2026-02-13 16:41:49,668 - DEBUG - Release <POINTER(ITypeInfo) ptr=0x28117ebfff0 at 2811d937ec0>
2026-02-13 16:41:49,668 - DEBUG - Release <POINTER(ITypeInfo) ptr=0x28117ec0048 at 2811d937da0>
2026-02-13 16:41:49,669 - DEBUG - Release <POINTER(ITypeInfo) ptr=0x28117ec00a0 at 2811d937ec0>
2026-02-13 16:41:49,670 - DEBUG - Release <POINTER(ITypeInfo) ptr=0x28117ebfb78 at 2811db5d5b0>
2026-02-13 16:41:49,670 - DEBUG - Release <POINTER(ITypeLib) ptr=0x28113351bb0 at 2811d937ec0>
2026-02-13 16:41:49,671 - DEBUG - Release <POINTER(ITypeInfo) ptr=0x28117ec00f8 at 2811d937da0>
2026-02-13 16:41:49,672 - DEBUG - Release <POINTER(ITypeInfo) ptr=0x28117ebc268 at 2811db5f6e0>
2026-02-13 16:41:49,684 - DEBUG - Release <POINTER(ITypeInfo) ptr=0x28117ebf808 at 2811dc0a0f0>
2026-02-13 16:41:49,684 - DEBUG - Release <POINTER(ITypeInfo) ptr=0x28117ebf860 at 2811dc0a4e0>
2026-02-13 16:41:49,685 - DEBUG - Release <POINTER(ITypeInfo) ptr=0x28117ebf968 at 2811dc0a0f0>
2026-02-13 16:41:49,686 - DEBUG - Release <POINTER(ITypeInfo) ptr=0x28117ebf9c0 at 2811dc099a0>
2026-02-13 16:41:49,687 - DEBUG - Release <POINTER(ITypeInfo) ptr=0x28117ebf968 at 2811dc09e20>
2026-02-13 16:41:49,687 - DEBUG - Release <POINTER(ITypeInfo) ptr=0x28117ebf9c0 at 2811dc0a690>
2026-02-13 16:41:49,694 - INFO - BrioSystem created successfully
2026-02-13 16:41:49,694 - INFO - Entering main event loop
2026-02-13 16:41:49,696 - DEBUG - Release <POINTER(ITypeInfo) ptr=0x28117ebf968 at 2811dc0a2a0>
2026-02-13 16:41:49,697 - DEBUG - Release <POINTER(ITypeInfo) ptr=0x28117ebf9c0 at 2811dc09c70>
2026-02-13 16:41:49,697 - DEBUG - Release <POINTER(ITypeInfo) ptr=0x28117aca2b0 at 2811dc0a570>
2026-02-13 16:41:49,697 - DEBUG - Release <POINTER(ITypeLib) ptr=0x28113351bb0 at 2811dc09d00>
2026-02-13 16:41:49,698 - DEBUG - Release <POINTER(ITypeInfo) ptr=0x28117ebf968 at 2811dc0ad50>
2026-02-13 16:41:49,698 - DEBUG - Release <POINTER(ITypeInfo) ptr=0x28117ebf9c0 at 2811dc0ad50>
2026-02-13 16:41:49,698 - DEBUG - Release <POINTER(ITypeLib) ptr=0x28113351bb0 at 2811dc0aa80>
2026-02-13 16:41:49,698 - DEBUG - Release <POINTER(ITypeLib) ptr=0x28113351bb0 at 2811dc09e20>
2026-02-13 16:41:49,698 - DEBUG - Release <POINTER(ITypeInfo) ptr=0x28117ec0258 at 2811dc0a960>
2026-02-13 16:41:49,699 - DEBUG - Release <POINTER(ITypeLib) ptr=0x28113351bb0 at 2811dc0aa80>
2026-02-13 16:41:49,699 - DEBUG - Release <POINTER(ITypeLib) ptr=0x28113351bb0 at 2811dc0a9f0>
2026-02-13 16:41:49,699 - DEBUG - Release <POINTER(ITypeInfo) ptr=0x28117ec02b0 at 2811dc0acc0>
2026-02-13 16:41:49,700 - DEBUG - Release <POINTER(ITypeInfo) ptr=0x28117ec0200 at 2811dc08050>
2026-02-13 16:41:49,700 - DEBUG - Release <POINTER(ITypeLib) ptr=0x28113351bb0 at 2811db5f6e0>
2026-02-13 16:41:49,700 - DEBUG - Release <POINTER(ITypeInfo) ptr=0x28117ec01a8 at 2811db5ff50>
2026-02-13 16:41:49,701 - DEBUG - Release <POINTER(ITypeInfo) ptr=0x28117ec0258 at 2811dc0a4e0>
2026-02-13 16:41:49,701 - DEBUG - Release <POINTER(ITypeInfo) ptr=0x28117aca2b0 at 2811dc0a960>
2026-02-13 16:41:49,701 - DEBUG - Release <POINTER(ITypeLib) ptr=0x28113351bb0 at 2811db5ff50>
2026-02-13 16:41:49,701 - DEBUG - Release <POINTER(ITypeInfo) ptr=0x28117ec0308 at 2811db5f6e0>
2026-02-13 16:41:49,702 - DEBUG - Release <POINTER(ITypeInfo) ptr=0x28117ebfbd0 at 2811dc0a2a0>
2026-02-13 16:41:49,702 - DEBUG - Release <POINTER(ITypeInfo) ptr=0x28117ebfbd0 at 2811dc0ae70>
2026-02-13 16:41:49,702 - DEBUG - Release <POINTER(ITypeInfo) ptr=0x28117aca2b0 at 2811dc0a690>
2026-02-13 16:41:49,703 - DEBUG - Release <POINTER(ITypeLib) ptr=0x28113351bb0 at 2811db5f6e0>
2026-02-13 16:41:49,703 - DEBUG - Release <POINTER(ITypeInfo) ptr=0x28117ec0360 at 2811db5ff50>
2026-02-13 16:41:49,704 - DEBUG - Release <POINTER(ITypeLib) ptr=0x28113351bb0 at 2811dc0b020>
2026-02-13 16:41:49,704 - DEBUG - Release <POINTER(ITypeInfo) ptr=0x28117ec04c0 at 2811dc0ae70>
2026-02-13 16:41:49,705 - DEBUG - Release <POINTER(ITypeLib) ptr=0x28113351bb0 at 2811dc0ad50>
2026-02-13 16:41:49,705 - DEBUG - Release <POINTER(ITypeInfo) ptr=0x28117ec0468 at 2811dc0ac30>
2026-02-13 16:41:49,705 - DEBUG - Release <POINTER(ITypeInfo) ptr=0x28117aca308 at 2811dc0af00>
2026-02-13 16:41:49,705 - DEBUG - Release <POINTER(ITypeInfo) ptr=0x28117ec00a0 at 2811dc0ae70>
2026-02-13 16:41:49,705 - DEBUG - Release <POINTER(ITypeInfo) ptr=0x28117ec0468 at 2811dc0b770>
2026-02-13 16:41:49,706 - DEBUG - Release <POINTER(ITypeLib) ptr=0x28113351bb0 at 2811dc0b380>
2026-02-13 16:41:49,706 - DEBUG - Release <POINTER(ITypeLib) ptr=0x28113351bb0 at 2811dc0b2f0>
2026-02-13 16:41:49,706 - DEBUG - Release <POINTER(ITypeInfo) ptr=0x28117ec0518 at 2811dc0b4a0>
2026-02-13 16:41:49,706 - DEBUG - Release <POINTER(ITypeLib) ptr=0x28113351bb0 at 2811dc0b6e0>
2026-02-13 16:41:49,706 - DEBUG - Release <POINTER(ITypeLib) ptr=0x28113351bb0 at 2811dc0b650>
2026-02-13 16:41:49,706 - DEBUG - Release <POINTER(ITypeInfo) ptr=0x28117ec0570 at 2811dc0b4a0>
2026-02-13 16:41:49,706 - DEBUG - Release <POINTER(ITypeInfo) ptr=0x28117ec0570 at 2811dc0b4a0>
2026-02-13 16:41:49,707 - DEBUG - Release <POINTER(ITypeInfo) ptr=0x28117aca308 at 2811dc0b4a0>
2026-02-13 16:41:49,707 - DEBUG - Release <POINTER(ITypeInfo) ptr=0x28117ec00a0 at 2811dc0b6e0>
2026-02-13 16:41:49,707 - DEBUG - Release <POINTER(ITypeInfo) ptr=0x28117ebfe38 at 2811dc0ade0>
2026-02-13 16:41:49,708 - DEBUG - Release <POINTER(ITypeLib) ptr=0x28113351bb0 at 2811dc0a3c0>
2026-02-13 16:41:49,708 - DEBUG - Release <POINTER(ITypeInfo) ptr=0x28117ec0410 at 2811dc09e20>
2026-02-13 16:41:49,709 - DEBUG - Release <POINTER(ITypeLib) ptr=0x28113351bb0 at 2811db5ff50>
2026-02-13 16:41:49,709 - DEBUG - Release <POINTER(ITypeInfo) ptr=0x28117ec03b8 at 2811db5f6e0>
2026-02-13 16:41:49,709 - DEBUG - Release <POINTER(ITypeLib) ptr=0x28113351bb0 at 2811d937da0>
2026-02-13 16:41:49,709 - DEBUG - Release <POINTER(ITypeInfo) ptr=0x28117ec0150 at 2811d937ec0>
2026-02-13 16:41:49,709 - DEBUG - Release <POINTER(ITypeInfo) ptr=0x28117ec01a8 at 2811d937da0>
2026-02-13 16:41:49,709 - DEBUG - Release <POINTER(ITypeInfo) ptr=0x28117ec0200 at 2811d937ec0>
2026-02-13 16:41:49,709 - DEBUG - Release <POINTER(ITypeInfo) ptr=0x28117ec0258 at 2811d937da0>
2026-02-13 16:41:49,709 - DEBUG - Release <POINTER(ITypeInfo) ptr=0x28117ec02b0 at 2811d937ec0>
2026-02-13 16:41:49,710 - DEBUG - Release <POINTER(ITypeInfo) ptr=0x28117ec0308 at 2811d937da0>
2026-02-13 16:41:49,710 - DEBUG - Release <POINTER(ITypeInfo) ptr=0x28117ec0360 at 2811d937ec0>
2026-02-13 16:41:49,710 - DEBUG - Release <POINTER(ITypeInfo) ptr=0x28117ec03b8 at 2811d937da0>
2026-02-13 16:41:49,710 - DEBUG - Release <POINTER(ITypeInfo) ptr=0x28117ec0410 at 2811d937ec0>
2026-02-13 16:41:49,710 - DEBUG - Release <POINTER(ITypeInfo) ptr=0x28117ec0468 at 2811d937da0>
2026-02-13 16:41:49,710 - DEBUG - Release <POINTER(ITypeInfo) ptr=0x28117ec04c0 at 2811d937ec0>
2026-02-13 16:41:49,710 - DEBUG - Release <POINTER(ITypeInfo) ptr=0x28117ec0518 at 2811d937da0>
2026-02-13 16:41:49,710 - DEBUG - Release <POINTER(ITypeInfo) ptr=0x28117ec0570 at 2811d937ec0>
2026-02-13 16:41:49,711 - DEBUG - Release <POINTER(ITypeInfo) ptr=0x28117ebc268 at 2811dc0a4e0>
2026-02-13 16:41:49,711 - DEBUG - Release <POINTER(ITypeInfo) ptr=0x28117ec01a8 at 2811dc0ac30>
2026-02-13 16:41:49,712 - DEBUG - Release <POINTER(ITypeInfo) ptr=0x28117ec0308 at 2811dc0a4e0>
2026-02-13 16:41:49,712 - DEBUG - Release <POINTER(ITypeInfo) ptr=0x28117ec0360 at 2811dc0ac30>
2026-02-13 16:41:49,712 - DEBUG - Release <POINTER(ITypeInfo) ptr=0x28117ec03b8 at 2811dc0a4e0>
2026-02-13 16:41:49,712 - DEBUG - Release <POINTER(ITypeLib) ptr=0x28113351bb0 at 2811d937ec0>
2026-02-13 16:41:49,713 - DEBUG - Release <POINTER(ITypeInfo) ptr=0x28117ec05c8 at 2811d937da0>
2026-02-13 16:41:49,713 - DEBUG - Release <POINTER(ITypeInfo) ptr=0x28117ebfe90 at 2811dc0b4a0>
2026-02-13 16:41:49,714 - DEBUG - Release <POINTER(ITypeInfo) ptr=0x28117aca308 at 2811dc0b6e0>
2026-02-13 16:41:49,714 - DEBUG - Release <POINTER(ITypeInfo) ptr=0x28117ec00a0 at 2811dc0b6e0>
2026-02-13 16:41:49,714 - DEBUG - Release <POINTER(ITypeInfo) ptr=0x28117ebfe90 at 2811dc0b800>
2026-02-13 16:41:49,715 - DEBUG - Release <POINTER(ITypeLib) ptr=0x28113351bb0 at 2811dc0b020>
2026-02-13 16:41:49,716 - DEBUG - Release <POINTER(ITypeInfo) ptr=0x28117ec06d0 at 2811dc0b260>
2026-02-13 16:41:49,716 - DEBUG - Release <POINTER(ITypeInfo) ptr=0x28117aca308 at 2811dc0b020>
2026-02-13 16:41:49,716 - DEBUG - Release <POINTER(ITypeInfo) ptr=0x28117ec00a0 at 2811dc0b020>
2026-02-13 16:41:49,716 - DEBUG - Release <POINTER(ITypeInfo) ptr=0x28117ebfe38 at 2811dc0ae70>
2026-02-13 16:41:49,717 - DEBUG - Release <POINTER(ITypeLib) ptr=0x28113351bb0 at 2811dc09e20>
2026-02-13 16:41:49,717 - DEBUG - Release <POINTER(ITypeInfo) ptr=0x28117ec0678 at 2811dc0ac30>
2026-02-13 16:41:49,717 - DEBUG - Release <POINTER(ITypeLib) ptr=0x28113351bb0 at 2811d937da0>
2026-02-13 16:41:49,717 - DEBUG - Release <POINTER(ITypeInfo) ptr=0x28117ec0620 at 2811d937ec0>
2026-02-13 16:41:49,717 - DEBUG - Release <POINTER(ITypeInfo) ptr=0x28117ec0678 at 2811d937da0>
2026-02-13 16:41:49,717 - DEBUG - Release <POINTER(ITypeInfo) ptr=0x28117ec06d0 at 2811d937ec0>
2026-02-13 16:41:49,718 - DEBUG - Release <POINTER(ITypeInfo) ptr=0x28117ebb660 at 2811dc09e20>
2026-02-13 16:41:49,719 - DEBUG - Release <POINTER(ITypeInfo) ptr=0x28117ebfbd0 at 2811dc0bd10>
2026-02-13 16:41:49,719 - DEBUG - Release <POINTER(ITypeInfo) ptr=0x28117ebfe38 at 2811dc0bd10>
2026-02-13 16:41:49,720 - DEBUG - Release <POINTER(ITypeInfo) ptr=0x28117ebfbd0 at 2811dc0ba40>
2026-02-13 16:41:49,721 - DEBUG - Release <POINTER(ITypeInfo) ptr=0x28117ebfbd0 at 2811dc0bbf0>
2026-02-13 16:41:49,721 - DEBUG - Release <POINTER(ITypeInfo) ptr=0x28117ebfe90 at 2811dc0bda0>
2026-02-13 16:41:49,724 - DEBUG - Release <POINTER(ITypeLib) ptr=0x28113351bb0 at 2811dd10170>
2026-02-13 16:41:49,724 - DEBUG - Release <POINTER(ITypeInfo) ptr=0x28117ec07d8 at 2811dd100e0>
2026-02-13 16:41:49,725 - DEBUG - Release <POINTER(ITypeLib) ptr=0x28113351bb0 at 2811dc0ba40>
2026-02-13 16:41:49,726 - DEBUG - Release <POINTER(ITypeLib) ptr=0x28113351bb0 at 2811dc0bbf0>
2026-02-13 16:41:49,726 - DEBUG - Release <POINTER(ITypeInfo) ptr=0x28117ec0780 at 2811dc0bda0>
2026-02-13 16:41:49,727 - DEBUG - Release <POINTER(ITypeLib) ptr=0x28113351bb0 at 2811dc0b890>
2026-02-13 16:41:49,728 - DEBUG - Release <POINTER(ITypeInfo) ptr=0x28117ec0830 at 2811dc0ab10>
2026-02-13 16:41:49,729 - DEBUG - Release <POINTER(ITypeInfo) ptr=0x28117ec0830 at 2811dc0b890>
2026-02-13 16:41:49,731 - DEBUG - Release <POINTER(ITypeLib) ptr=0x28113351bb0 at 2811dc0bec0>
2026-02-13 16:41:49,732 - DEBUG - Release <POINTER(ITypeInfo) ptr=0x28117ec0888 at 2811dc0b260>
2026-02-13 16:41:49,733 - DEBUG - Release <POINTER(ITypeInfo) ptr=0x28117ec0888 at 2811dc0bec0>
2026-02-13 16:41:49,734 - DEBUG - Release <POINTER(ITypeInfo) ptr=0x28117ebf860 at 2811dc0ab10>
2026-02-13 16:41:49,735 - DEBUG - Release <POINTER(ITypeInfo) ptr=0x28117ec01a8 at 2811dc092e0>
2026-02-13 16:41:49,735 - DEBUG - Release <POINTER(ITypeLib) ptr=0x28113351bb0 at 2811dc09e20>
2026-02-13 16:41:49,735 - DEBUG - Release <POINTER(ITypeInfo) ptr=0x28117ec0728 at 2811dc0a570>
2026-02-13 16:41:49,736 - DEBUG - Release <POINTER(ITypeInfo) ptr=0x28117aca2b0 at 2811dc0bda0>
2026-02-13 16:41:49,736 - DEBUG - Release <POINTER(ITypeLib) ptr=0x28113351bb0 at 2811dc0a570>
2026-02-13 16:41:49,737 - DEBUG - Release <POINTER(ITypeInfo) ptr=0x28117ec08e0 at 2811dc09e20>
2026-02-13 16:41:49,737 - DEBUG - Release <POINTER(ITypeInfo) ptr=0x28117ebc528 at 2811dc0a570>
2026-02-13 16:41:49,737 - DEBUG - Release <POINTER(ITypeLib) ptr=0x28113351bb0 at 2811d937ec0>
2026-02-13 16:41:49,738 - DEBUG - Release <POINTER(ITypeInfo) ptr=0x28117ebb608 at 2811d937da0>
2026-02-13 16:41:49,738 - DEBUG - Release <POINTER(ITypeInfo) ptr=0x28117ec0728 at 2811d937ec0>
2026-02-13 16:41:49,738 - DEBUG - Release <POINTER(ITypeInfo) ptr=0x28117ec0780 at 2811d937da0>
2026-02-13 16:41:49,739 - DEBUG - Release <POINTER(ITypeInfo) ptr=0x28117ec07d8 at 2811d937ec0>
2026-02-13 16:41:49,739 - DEBUG - Release <POINTER(ITypeInfo) ptr=0x28117ec0830 at 2811d937da0>
2026-02-13 16:41:49,739 - DEBUG - Release <POINTER(ITypeInfo) ptr=0x28117ec0888 at 2811d937ec0>
2026-02-13 16:41:49,739 - DEBUG - Release <POINTER(ITypeInfo) ptr=0x28117ec08e0 at 2811d937da0>
2026-02-13 16:41:49,740 - DEBUG - Release <POINTER(ITypeInfo) ptr=0x28117ebc7e8 at 2811dc0b5c0>
2026-02-13 16:41:49,742 - DEBUG - Release <POINTER(ITypeInfo) ptr=0x28117aca2b0 at 2811dd105f0>
2026-02-13 16:41:49,742 - DEBUG - Release <POINTER(ITypeLib) ptr=0x28113351bb0 at 2811dd103b0>
2026-02-13 16:41:49,743 - DEBUG - Release <POINTER(ITypeInfo) ptr=0x28117ebfbd0 at 2811dd10a70>
2026-02-13 16:41:49,744 - DEBUG - Release <POINTER(ITypeInfo) ptr=0x28117ebfbd0 at 2811dd10dd0>
2026-02-13 16:41:49,745 - DEBUG - Release <POINTER(ITypeInfo) ptr=0x28117ebfbd0 at 2811dd10dd0>
2026-02-13 16:41:49,745 - DEBUG - Release <POINTER(ITypeInfo) ptr=0x28117ebfe38 at 2811dd10dd0>
2026-02-13 16:41:49,746 - DEBUG - Release <POINTER(ITypeInfo) ptr=0x28117ec0990 at 2811dd10dd0>
2026-02-13 16:41:49,746 - DEBUG - Release <POINTER(ITypeInfo) ptr=0x28117ebfbd0 at 2811dd10dd0>
2026-02-13 16:41:49,747 - DEBUG - Release <POINTER(ITypeInfo) ptr=0x28117ebfbd0 at 2811dd10d40>
2026-02-13 16:41:49,749 - DEBUG - Release <POINTER(ITypeLib) ptr=0x28113351bb0 at 2811dd10dd0>
2026-02-13 16:41:49,749 - DEBUG - Release <POINTER(ITypeInfo) ptr=0x28117ec0a98 at 2811dd10d40>
2026-02-13 16:41:49,750 - DEBUG - Release <POINTER(ITypeInfo) ptr=0x28117ec0a98 at 2811dd10b00>
2026-02-13 16:41:49,750 - DEBUG - Release <POINTER(ITypeInfo) ptr=0x28117ec0518 at 2811dd11130>
2026-02-13 16:41:49,751 - DEBUG - Release <POINTER(ITypeInfo) ptr=0x28117aca308 at 2811dd11130>
2026-02-13 16:41:49,752 - DEBUG - Release <POINTER(ITypeLib) ptr=0x28113351bb0 at 2811dd10dd0>
2026-02-13 16:41:49,752 - DEBUG - Release <POINTER(ITypeLib) ptr=0x28113351bb0 at 2811dd10710>
2026-02-13 16:41:49,752 - DEBUG - Release <POINTER(ITypeInfo) ptr=0x28117ec0af0 at 2811dd10950>
2026-02-13 16:41:49,753 - DEBUG - Release <POINTER(ITypeLib) ptr=0x28113351bb0 at 2811dd10f80>
2026-02-13 16:41:49,754 - DEBUG - Release <POINTER(ITypeInfo) ptr=0x28117ec0ba0 at 2811dd10cb0>
2026-02-13 16:41:49,754 - DEBUG - Release <POINTER(ITypeLib) ptr=0x28113351bb0 at 2811dd10d40>
2026-02-13 16:41:49,754 - DEBUG - Release <POINTER(ITypeInfo) ptr=0x28117ec0b48 at 2811dd10a70>
2026-02-13 16:41:49,755 - DEBUG - Release <POINTER(ITypeInfo) ptr=0x28117aca308 at 2811dd108c0>
2026-02-13 16:41:49,755 - DEBUG - Release <POINTER(ITypeInfo) ptr=0x28117ec00a0 at 2811dd10cb0>
2026-02-13 16:41:49,756 - DEBUG - Release <POINTER(ITypeInfo) ptr=0x28117ebf860 at 2811dd10b00>
2026-02-13 16:41:49,759 - DEBUG - Release <POINTER(ITypeInfo) ptr=0x28117ec0ca8 at 2811dd123c0>
2026-02-13 16:41:49,759 - DEBUG - Release <POINTER(ITypeInfo) ptr=0x28117ec0ca8 at 2811dd123c0>
2026-02-13 16:41:49,760 - DEBUG - Release <POINTER(ITypeLib) ptr=0x28113351bb0 at 2811dd11f40>
2026-02-13 16:41:49,760 - DEBUG - Release <POINTER(ITypeLib) ptr=0x28113351bb0 at 2811dd11d90>
2026-02-13 16:41:49,760 - DEBUG - Release <POINTER(ITypeInfo) ptr=0x28117ec0ca8 at 2811dd11d00>
2026-02-13 16:41:49,761 - DEBUG - Release <POINTER(ITypeLib) ptr=0x28113351bb0 at 2811dd12a80>
2026-02-13 16:41:49,762 - DEBUG - Release <POINTER(ITypeLib) ptr=0x28113351bb0 at 2811dd12960>
2026-02-13 16:41:49,762 - DEBUG - Release <POINTER(ITypeInfo) ptr=0x28117ec0db0 at 2811dd128d0>
2026-02-13 16:41:49,762 - DEBUG - Release <POINTER(ITypeLib) ptr=0x28113351bb0 at 2811dd12600>
2026-02-13 16:41:49,763 - DEBUG - Release <POINTER(ITypeLib) ptr=0x28113351bb0 at 2811dd124e0>
2026-02-13 16:41:49,763 - DEBUG - Release <POINTER(ITypeInfo) ptr=0x28117ec0d58 at 2811dd12450>
2026-02-13 16:41:49,764 - DEBUG - Release <POINTER(ITypeInfo) ptr=0x28117ec0d00 at 2811dd124e0>
2026-02-13 16:41:49,765 - DEBUG - Release <POINTER(ITypeInfo) ptr=0x28117ec0d00 at 2811dd124e0>
2026-02-13 16:41:49,765 - DEBUG - Release <POINTER(ITypeLib) ptr=0x28113351bb0 at 2811dd12180>
2026-02-13 16:41:49,765 - DEBUG - Release <POINTER(ITypeLib) ptr=0x28113351bb0 at 2811dd120f0>
2026-02-13 16:41:49,766 - DEBUG - Release <POINTER(ITypeInfo) ptr=0x28117ec0d00 at 2811dd11d90>
2026-02-13 16:41:49,767 - DEBUG - Release <POINTER(ITypeLib) ptr=0x28113351bb0 at 2811dd123c0>
2026-02-13 16:41:49,767 - DEBUG - Release <POINTER(ITypeLib) ptr=0x28113351bb0 at 2811dd12330>
2026-02-13 16:41:49,768 - DEBUG - Release <POINTER(ITypeInfo) ptr=0x28117ec0e08 at 2811dd11d90>
2026-02-13 16:41:49,768 - DEBUG - Release <POINTER(ITypeLib) ptr=0x28113351bb0 at 2811dd123c0>
2026-02-13 16:41:49,769 - DEBUG - Release <POINTER(ITypeLib) ptr=0x28113351bb0 at 2811dd12210>
2026-02-13 16:41:49,769 - DEBUG - Release <POINTER(ITypeInfo) ptr=0x28117ec0e60 at 2811dd11d90>
2026-02-13 16:41:49,769 - DEBUG - Release <POINTER(ITypeInfo) ptr=0x28117aca308 at 2811dd11e20>
2026-02-13 16:41:49,771 - DEBUG - Release <POINTER(ITypeLib) ptr=0x28113351bb0 at 2811dd12570>
2026-02-13 16:41:49,771 - DEBUG - Release <POINTER(ITypeLib) ptr=0x28113351bb0 at 2811dd11d90>
2026-02-13 16:41:49,771 - DEBUG - Release <POINTER(ITypeInfo) ptr=0x28117ec0eb8 at 2811dd11d00>
2026-02-13 16:41:49,772 - DEBUG - Release <POINTER(ITypeLib) ptr=0x28113351bb0 at 2811dd124e0>
2026-02-13 16:41:49,773 - DEBUG - Release <POINTER(ITypeInfo) ptr=0x28117ec0f10 at 2811dd11e20>
2026-02-13 16:41:49,773 - DEBUG - Release <POINTER(ITypeLib) ptr=0x28113351bb0 at 2811dd11a30>
2026-02-13 16:41:49,773 - DEBUG - Release <POINTER(ITypeLib) ptr=0x28113351bb0 at 2811dd11880>
2026-02-13 16:41:49,774 - DEBUG - Release <POINTER(ITypeInfo) ptr=0x28117ec0c50 at 2811dd117f0>
2026-02-13 16:41:49,774 - DEBUG - Release <POINTER(ITypeLib) ptr=0x28113351bb0 at 2811dd11d90>
2026-02-13 16:41:49,775 - DEBUG - Release <POINTER(ITypeLib) ptr=0x28113351bb0 at 2811dd11ac0>
2026-02-13 16:41:49,775 - DEBUG - Release <POINTER(ITypeInfo) ptr=0x28117ec0f68 at 2811dd11a30>
2026-02-13 16:41:49,776 - DEBUG - Release <POINTER(ITypeInfo) ptr=0x28117aca2b0 at 2811dd10950>
2026-02-13 16:41:49,777 - DEBUG - Release <POINTER(ITypeLib) ptr=0x28113351bb0 at 2811dd10f80>
2026-02-13 16:41:49,777 - DEBUG - Release <POINTER(ITypeInfo) ptr=0x28117ec0bf8 at 2811dd103b0>
2026-02-13 16:41:49,777 - DEBUG - Release <POINTER(ITypeInfo) ptr=0x28117ec0a40 at 2811dd10170>
2026-02-13 16:41:49,777 - DEBUG - Release <POINTER(ITypeLib) ptr=0x28113351bb0 at 2811dd10050>
2026-02-13 16:41:49,778 - DEBUG - Release <POINTER(ITypeInfo) ptr=0x28117ec09e8 at 2811dc0b890>
2026-02-13 16:41:49,781 - DEBUG - Release <POINTER(ITypeLib) ptr=0x28113351bb0 at 2811dd11370>
2026-02-13 16:41:49,781 - DEBUG - Release <POINTER(ITypeInfo) ptr=0x28117ec1070 at 2811dd111c0>
2026-02-13 16:41:49,783 - DEBUG - Release <POINTER(ITypeLib) ptr=0x28113351bb0 at 2811dd11c70>
2026-02-13 16:41:49,784 - DEBUG - Release <POINTER(ITypeLib) ptr=0x28113351bb0 at 2811dd11880>
2026-02-13 16:41:49,784 - DEBUG - Release <POINTER(ITypeInfo) ptr=0x28117ec1120 at 2811dd11be0>
2026-02-13 16:41:49,784 - DEBUG - Release <POINTER(ITypeLib) ptr=0x28113351bb0 at 2811dd10950>
2026-02-13 16:41:49,784 - DEBUG - Release <POINTER(ITypeInfo) ptr=0x28117ec10c8 at 2811dd11370>
2026-02-13 16:41:49,784 - DEBUG - Release <POINTER(ITypeInfo) ptr=0x28117ec10c8 at 2811dd11640>
2026-02-13 16:41:49,785 - DEBUG - Release <POINTER(ITypeInfo) ptr=0x28117aca2b0 at 2811dd10a70>
2026-02-13 16:41:49,785 - DEBUG - Release <POINTER(ITypeLib) ptr=0x28113351bb0 at 2811dd10830>
2026-02-13 16:41:49,785 - DEBUG - Release <POINTER(ITypeInfo) ptr=0x28117ec0990 at 2811dd10950>
2026-02-13 16:41:49,786 - DEBUG - Release <POINTER(ITypeLib) ptr=0x28113351bb0 at 2811dd111c0>
2026-02-13 16:41:49,786 - DEBUG - Release <POINTER(ITypeInfo) ptr=0x28117ec1178 at 2811dd10f80>
2026-02-13 16:41:49,787 - DEBUG - Release <POINTER(ITypeInfo) ptr=0x28117aca308 at 2811dd10950>
2026-02-13 16:41:49,787 - DEBUG - Release <POINTER(ITypeInfo) ptr=0x28117ec1178 at 2811dd105f0>
2026-02-13 16:41:49,788 - DEBUG - Release <POINTER(ITypeInfo) ptr=0x28117ec1178 at 2811dd10cb0>
2026-02-13 16:41:49,788 - DEBUG - Release <POINTER(ITypeLib) ptr=0x28113351bb0 at 2811dd11910>
2026-02-13 16:41:49,789 - DEBUG - Release <POINTER(ITypeLib) ptr=0x28113351bb0 at 2811dd11be0>
2026-02-13 16:41:49,789 - DEBUG - Release <POINTER(ITypeInfo) ptr=0x28117ec11d0 at 2811dd10950>
2026-02-13 16:41:49,789 - DEBUG - Release <POINTER(ITypeInfo) ptr=0x28117ec1178 at 2811dd10a70>
2026-02-13 16:41:49,790 - DEBUG - Release <POINTER(ITypeInfo) ptr=0x28117aca308 at 2811dd11760>
2026-02-13 16:41:49,790 - DEBUG - Release <POINTER(ITypeInfo) ptr=0x28117ec1178 at 2811dd11640>
2026-02-13 16:41:49,791 - DEBUG - Release <POINTER(ITypeLib) ptr=0x28113351bb0 at 2811dd10830>
2026-02-13 16:41:49,791 - DEBUG - Release <POINTER(ITypeInfo) ptr=0x28117ec1228 at 2811dd10f80>
2026-02-13 16:41:49,791 - DEBUG - Release <POINTER(ITypeInfo) ptr=0x28117ec1228 at 2811dd115b0>
2026-02-13 16:41:49,792 - DEBUG - Release <POINTER(ITypeInfo) ptr=0x28117ec1178 at 2811dd10f80>
2026-02-13 16:41:49,792 - DEBUG - Release <POINTER(ITypeInfo) ptr=0x28117ec1228 at 2811dd10a70>
2026-02-13 16:41:49,793 - DEBUG - Release <POINTER(ITypeLib) ptr=0x28113351bb0 at 2811dd124e0>
2026-02-13 16:41:49,793 - DEBUG - Release <POINTER(ITypeLib) ptr=0x28113351bb0 at 2811dd11880>
2026-02-13 16:41:49,793 - DEBUG - Release <POINTER(ITypeInfo) ptr=0x28117ec12d8 at 2811dd11be0>
2026-02-13 16:41:49,794 - DEBUG - Release <POINTER(ITypeLib) ptr=0x28113351bb0 at 2811dd10950>
2026-02-13 16:41:49,794 - DEBUG - Release <POINTER(ITypeInfo) ptr=0x28117ec1280 at 2811dd11d90>
2026-02-13 16:41:49,794 - DEBUG - Release <POINTER(ITypeInfo) ptr=0x28117ec1280 at 2811dd123c0>
2026-02-13 16:41:49,795 - DEBUG - Release <POINTER(ITypeLib) ptr=0x28113351bb0 at 2811dd123c0>
2026-02-13 16:41:49,795 - DEBUG - Release <POINTER(ITypeInfo) ptr=0x28117ec1330 at 2811dd11640>
2026-02-13 16:41:49,796 - DEBUG - Release <POINTER(ITypeLib) ptr=0x28113351bb0 at 2811dd111c0>
2026-02-13 16:41:49,796 - DEBUG - Release <POINTER(ITypeInfo) ptr=0x28117ec1388 at 2811dd11b50>
2026-02-13 16:41:49,797 - DEBUG - Release <POINTER(ITypeInfo) ptr=0x28117ebfe90 at 2811dd111c0>
2026-02-13 16:41:49,797 - DEBUG - Release <POINTER(ITypeInfo) ptr=0x28117ec1388 at 2811dd111c0>
2026-02-13 16:41:49,798 - DEBUG - Release <POINTER(ITypeInfo) ptr=0x28117ec1018 at 2811dd10b00>
2026-02-13 16:41:49,798 - DEBUG - Release <POINTER(ITypeLib) ptr=0x28113351bb0 at 2811dd10170>
2026-02-13 16:41:49,798 - DEBUG - Release <POINTER(ITypeInfo) ptr=0x28117ec0fc0 at 2811dd10290>
2026-02-13 16:41:49,802 - DEBUG - Release <POINTER(ITypeLib) ptr=0x28113351bb0 at 2811dd10a70>
2026-02-13 16:41:49,803 - DEBUG - Release <POINTER(ITypeInfo) ptr=0x28117ec1438 at 2811dd11d90>
2026-02-13 16:41:49,803 - DEBUG - Release <POINTER(ITypeLib) ptr=0x28113351bb0 at 2811dd10710>
2026-02-13 16:41:49,804 - DEBUG - Release <POINTER(ITypeLib) ptr=0x28113351bb0 at 2811dd108c0>
2026-02-13 16:41:49,804 - DEBUG - Release <POINTER(ITypeInfo) ptr=0x28117ec13e0 at 2811dd100e0>
2026-02-13 16:41:49,805 - DEBUG - Release <POINTER(ITypeLib) ptr=0x28113351bb0 at 2811dc0b4a0>
2026-02-13 16:41:49,805 - DEBUG - Release <POINTER(ITypeInfo) ptr=0x28117ec1490 at 2811dc0b890>
2026-02-13 16:41:49,805 - DEBUG - Release <POINTER(ITypeInfo) ptr=0x28117aca308 at 2811dd10050>
2026-02-13 16:41:49,806 - DEBUG - Release <POINTER(ITypeInfo) ptr=0x28117ec00a0 at 2811dd10050>
2026-02-13 16:41:49,806 - DEBUG - Release <POINTER(ITypeInfo) ptr=0x28117ec1490 at 2811dd11640>
2026-02-13 16:41:49,807 - DEBUG - Release <POINTER(ITypeInfo) ptr=0x28117aca308 at 2811dd10050>
2026-02-13 16:41:49,807 - DEBUG - Release <POINTER(ITypeInfo) ptr=0x28117ec00a0 at 2811dd10710>
2026-02-13 16:41:49,808 - DEBUG - Release <POINTER(ITypeLib) ptr=0x28113351bb0 at 2811dd10f80>
2026-02-13 16:41:49,808 - DEBUG - Release <POINTER(ITypeLib) ptr=0x28113351bb0 at 2811dd10050>
2026-02-13 16:41:49,808 - DEBUG - Release <POINTER(ITypeInfo) ptr=0x28117ec14e8 at 2811dd100e0>
2026-02-13 16:41:49,809 - DEBUG - Release <POINTER(ITypeInfo) ptr=0x28117ec0048 at 2811dd128d0>
2026-02-13 16:41:49,810 - DEBUG - Release <POINTER(ITypeLib) ptr=0x28113351bb0 at 2811dd12570>
2026-02-13 16:41:49,810 - DEBUG - Release <POINTER(ITypeLib) ptr=0x28113351bb0 at 2811dd11880>
2026-02-13 16:41:49,810 - DEBUG - Release <POINTER(ITypeInfo) ptr=0x28117ec1598 at 2811dd11f40>
2026-02-13 16:41:49,811 - DEBUG - Release <POINTER(ITypeInfo) ptr=0x28117ec0bf8 at 2811dd13140>
2026-02-13 16:41:49,811 - DEBUG - Release <POINTER(ITypeInfo) ptr=0x28117ec0bf8 at 2811dd129f0>
2026-02-13 16:41:49,812 - DEBUG - Release <POINTER(ITypeLib) ptr=0x28113351bb0 at 2811dd128d0>
2026-02-13 16:41:49,812 - DEBUG - Release <POINTER(ITypeInfo) ptr=0x28113474808 at 2811dd12600>
2026-02-13 16:41:49,813 - DEBUG - Release <POINTER(ITypeInfo) ptr=0x28117ebfe38 at 2811dd12600>
2026-02-13 16:41:49,813 - DEBUG - Release <POINTER(ITypeInfo) ptr=0x28117ec14e8 at 2811dd128d0>
2026-02-13 16:41:49,814 - DEBUG - Release <POINTER(ITypeInfo) ptr=0x28117aca308 at 2811dd12600>
2026-02-13 16:41:49,815 - DEBUG - Release <POINTER(ITypeInfo) ptr=0x28117ec00a0 at 2811dd11f40>
2026-02-13 16:41:49,815 - DEBUG - Release <POINTER(ITypeInfo) ptr=0x28117ec0990 at 2811dd12960>
2026-02-13 16:41:49,816 - DEBUG - Release <POINTER(ITypeInfo) ptr=0x28117ec0bf8 at 2811dd10830>
2026-02-13 16:41:49,816 - DEBUG - Release <POINTER(ITypeLib) ptr=0x28113351bb0 at 2811dd10050>
2026-02-13 16:41:49,816 - DEBUG - Release <POINTER(ITypeInfo) ptr=0x28117ec1540 at 2811dd10710>
2026-02-13 16:41:49,816 - DEBUG - Release <POINTER(ITypeLib) ptr=0x28113351bb0 at 2811dc0bb60>
2026-02-13 16:41:49,816 - DEBUG - Release <POINTER(ITypeInfo) ptr=0x281134754c8 at 2811dc0b4a0>
2026-02-13 16:41:49,816 - DEBUG - Release <POINTER(ITypeInfo) ptr=0x28117ebf9c0 at 2811dc0b920>
2026-02-13 16:41:49,817 - DEBUG - Release <POINTER(ITypeInfo) ptr=0x28117ec0728 at 2811dd105f0>
2026-02-13 16:41:49,817 - DEBUG - Release <POINTER(ITypeInfo) ptr=0x28117ec0728 at 2811dd10710>
2026-02-13 16:41:49,818 - DEBUG - Release <POINTER(ITypeLib) ptr=0x28113351bb0 at 2811dc0bb60>
2026-02-13 16:41:49,818 - DEBUG - Release <POINTER(ITypeInfo) ptr=0x281134753a8 at 2811dc0bc80>
2026-02-13 16:41:49,818 - DEBUG - Release <POINTER(ITypeInfo) ptr=0x281134753a8 at 2811dd10710>
2026-02-13 16:41:49,818 - DEBUG - Release <POINTER(ITypeInfo) ptr=0x28117ec01a8 at 2811dc0bbf0>
2026-02-13 16:41:49,818 - DEBUG - Release <POINTER(ITypeLib) ptr=0x28113351bb0 at 2811dc0b5c0>
2026-02-13 16:41:49,818 - DEBUG - Release <POINTER(ITypeInfo) ptr=0x28117ec0990 at 2811dc09e20>
2026-02-13 16:41:49,819 - DEBUG - Release <POINTER(ITypeLib) ptr=0x28113351bb0 at 2811dd10a70>
2026-02-13 16:41:49,819 - DEBUG - Release <POINTER(ITypeInfo) ptr=0x281134745c8 at 2811dc0b260>
2026-02-13 16:41:49,819 - DEBUG - Release <POINTER(ITypeInfo) ptr=0x28117aca2b0 at 2811dc0bb60>
2026-02-13 16:41:49,819 - DEBUG - Release <POINTER(ITypeLib) ptr=0x28113351bb0 at 2811dc09e20>
2026-02-13 16:41:49,820 - DEBUG - Release <POINTER(ITypeInfo) ptr=0x28113474868 at 2811dc0b5c0>
2026-02-13 16:41:49,820 - DEBUG - Release <POINTER(ITypeInfo) ptr=0x28117ec08e0 at 2811dc09e20>
2026-02-13 16:41:49,820 - DEBUG - Release <POINTER(ITypeInfo) ptr=0x28117ebdc30 at 2811dc0b5c0>
2026-02-13 16:41:49,820 - DEBUG - Release <POINTER(ITypeLib) ptr=0x28113351bb0 at 2811d937da0>
2026-02-13 16:41:49,820 - DEBUG - Release <POINTER(ITypeInfo) ptr=0x28117ec0938 at 2811d937ec0>
2026-02-13 16:41:49,820 - DEBUG - Release <POINTER(ITypeInfo) ptr=0x28117ec0990 at 2811d937da0>
2026-02-13 16:41:49,821 - DEBUG - Release <POINTER(ITypeInfo) ptr=0x28117ec09e8 at 2811d937ec0>
2026-02-13 16:41:49,821 - DEBUG - Release <POINTER(ITypeInfo) ptr=0x28117ec0a40 at 2811d937da0>
2026-02-13 16:41:49,821 - DEBUG - Release <POINTER(ITypeInfo) ptr=0x28117ec0a98 at 2811d937ec0>
2026-02-13 16:41:49,821 - DEBUG - Release <POINTER(ITypeInfo) ptr=0x28117ec0af0 at 2811d937da0>
2026-02-13 16:41:49,821 - DEBUG - Release <POINTER(ITypeInfo) ptr=0x28117ec0b48 at 2811d937ec0>
2026-02-13 16:41:49,821 - DEBUG - Release <POINTER(ITypeInfo) ptr=0x28117ec0ba0 at 2811d937da0>
2026-02-13 16:41:49,821 - DEBUG - Release <POINTER(ITypeInfo) ptr=0x28117ec0bf8 at 2811d937ec0>
2026-02-13 16:41:49,822 - DEBUG - Release <POINTER(ITypeInfo) ptr=0x28117ec0c50 at 2811d937da0>
2026-02-13 16:41:49,822 - DEBUG - Release <POINTER(ITypeInfo) ptr=0x28117ec0ca8 at 2811d937ec0>
2026-02-13 16:41:49,822 - DEBUG - Release <POINTER(ITypeInfo) ptr=0x28117ec0d00 at 2811d937da0>
2026-02-13 16:41:49,822 - DEBUG - Release <POINTER(ITypeInfo) ptr=0x28117ec0d58 at 2811d937ec0>
2026-02-13 16:41:49,822 - DEBUG - Release <POINTER(ITypeInfo) ptr=0x28117ec0db0 at 2811d937da0>
2026-02-13 16:41:49,822 - DEBUG - Release <POINTER(ITypeInfo) ptr=0x28117ec0e08 at 2811d937ec0>
2026-02-13 16:41:49,822 - DEBUG - Release <POINTER(ITypeInfo) ptr=0x28117ec0e60 at 2811d937da0>
2026-02-13 16:41:49,823 - DEBUG - Release <POINTER(ITypeInfo) ptr=0x28117ec0eb8 at 2811d937ec0>
2026-02-13 16:41:49,823 - DEBUG - Release <POINTER(ITypeInfo) ptr=0x28117ec0f10 at 2811d937da0>
2026-02-13 16:41:49,823 - DEBUG - Release <POINTER(ITypeInfo) ptr=0x28117ec0f68 at 2811d937ec0>
2026-02-13 16:41:49,823 - DEBUG - Release <POINTER(ITypeInfo) ptr=0x28117ec0fc0 at 2811d937da0>
2026-02-13 16:41:49,823 - DEBUG - Release <POINTER(ITypeInfo) ptr=0x28117ec1018 at 2811d937ec0>
2026-02-13 16:41:49,823 - DEBUG - Release <POINTER(ITypeInfo) ptr=0x28117ec1070 at 2811d937da0>
2026-02-13 16:41:49,823 - DEBUG - Release <POINTER(ITypeInfo) ptr=0x28117ec10c8 at 2811d937ec0>
2026-02-13 16:41:49,823 - DEBUG - Release <POINTER(ITypeInfo) ptr=0x28117ec1120 at 2811d937da0>
2026-02-13 16:41:49,824 - DEBUG - Release <POINTER(ITypeInfo) ptr=0x28117ec1178 at 2811d937ec0>
2026-02-13 16:41:49,824 - DEBUG - Release <POINTER(ITypeInfo) ptr=0x28117ec11d0 at 2811d937da0>
2026-02-13 16:41:49,824 - DEBUG - Release <POINTER(ITypeInfo) ptr=0x28117ec1228 at 2811d937ec0>
2026-02-13 16:41:49,824 - DEBUG - Release <POINTER(ITypeInfo) ptr=0x28117ec1280 at 2811d937da0>
2026-02-13 16:41:49,824 - DEBUG - Release <POINTER(ITypeInfo) ptr=0x28117ec12d8 at 2811d937ec0>
2026-02-13 16:41:49,824 - DEBUG - Release <POINTER(ITypeInfo) ptr=0x28117ec1330 at 2811d937da0>
2026-02-13 16:41:49,824 - DEBUG - Release <POINTER(ITypeInfo) ptr=0x28117ec1388 at 2811d937ec0>
2026-02-13 16:41:49,824 - DEBUG - Release <POINTER(ITypeInfo) ptr=0x28117ec13e0 at 2811d937da0>
2026-02-13 16:41:49,825 - DEBUG - Release <POINTER(ITypeInfo) ptr=0x28117ec1438 at 2811d937ec0>
2026-02-13 16:41:49,825 - DEBUG - Release <POINTER(ITypeInfo) ptr=0x28117ec1490 at 2811d937da0>
2026-02-13 16:41:49,825 - DEBUG - Release <POINTER(ITypeInfo) ptr=0x28117ec14e8 at 2811d937ec0>
2026-02-13 16:41:49,825 - DEBUG - Release <POINTER(ITypeInfo) ptr=0x28117ec1540 at 2811d937da0>
2026-02-13 16:41:49,825 - DEBUG - Release <POINTER(ITypeInfo) ptr=0x28117ec1598 at 2811d937ec0>
2026-02-13 16:41:49,826 - DEBUG - Release <POINTER(ITypeInfo) ptr=0x28113474808 at 2811d937da0>
2026-02-13 16:41:49,826 - DEBUG - Release <POINTER(ITypeInfo) ptr=0x281134754c8 at 2811d937ec0>
2026-02-13 16:41:49,826 - DEBUG - Release <POINTER(ITypeInfo) ptr=0x281134753a8 at 2811d937da0>
2026-02-13 16:41:49,826 - DEBUG - Release <POINTER(ITypeInfo) ptr=0x28113474868 at 2811d937ec0>
2026-02-13 16:41:49,827 - DEBUG - Release <POINTER(ITypeInfo) ptr=0x281134745c8 at 2811d937da0>
2026-02-13 16:41:49,827 - DEBUG - Release <POINTER(ITypeInfo) ptr=0x28117ebc630 at 2811dc0b5c0>
2026-02-13 16:41:49,828 - DEBUG - Release <POINTER(ITypeInfo) ptr=0x28117ec09e8 at 2811dc09e20>
2026-02-13 16:41:49,828 - DEBUG - Release <POINTER(ITypeInfo) ptr=0x28117ec0bf8 at 2811dd10050>
2026-02-13 16:41:49,829 - DEBUG - Release <POINTER(ITypeInfo) ptr=0x28117aca2b0 at 2811dc0b890>
2026-02-13 16:41:49,829 - DEBUG - Release <POINTER(ITypeLib) ptr=0x28113351bb0 at 2811dc09e20>
2026-02-13 16:41:49,829 - DEBUG - Release <POINTER(ITypeInfo) ptr=0x28113474fe8 at 2811dc0b5c0>
2026-02-13 16:41:49,830 - DEBUG - Release <POINTER(ITypeLib) ptr=0x28113351bb0 at 2811dd10710>
2026-02-13 16:41:49,830 - DEBUG - Release <POINTER(ITypeInfo) ptr=0x28113474148 at 2811dd10830>
2026-02-13 16:41:49,831 - DEBUG - Release <POINTER(ITypeInfo) ptr=0x28113474148 at 2811dd12f00>
2026-02-13 16:41:49,831 - DEBUG - Release <POINTER(ITypeInfo) ptr=0x28117aca2b0 at 2811dd12a80>
2026-02-13 16:41:49,831 - DEBUG - Release <POINTER(ITypeLib) ptr=0x28113351bb0 at 2811dd12600>
2026-02-13 16:41:49,831 - DEBUG - Release <POINTER(ITypeInfo) ptr=0x281134748c8 at 2811dd12690>
2026-02-13 16:41:49,831 - DEBUG - Release <POINTER(ITypeInfo) ptr=0x281134748c8 at 2811dd115b0>
2026-02-13 16:41:49,831 - DEBUG - Release <POINTER(ITypeInfo) ptr=0x281134748c8 at 2811dd12840>
2026-02-13 16:41:49,832 - DEBUG - Release <POINTER(ITypeInfo) ptr=0x28117aca2b0 at 2811dc0af00>
2026-02-13 16:41:49,832 - DEBUG - Release <POINTER(ITypeLib) ptr=0x28113351bb0 at 2811dc0b5c0>
2026-02-13 16:41:49,832 - DEBUG - Release <POINTER(ITypeInfo) ptr=0x28113474f28 at 2811dc09e20>
2026-02-13 16:41:49,832 - DEBUG - Release <POINTER(ITypeInfo) ptr=0x28117aca2b0 at 2811dd105f0>
2026-02-13 16:41:49,832 - DEBUG - Release <POINTER(ITypeLib) ptr=0x28113351bb0 at 2811dc09e20>
2026-02-13 16:41:49,832 - DEBUG - Release <POINTER(ITypeInfo) ptr=0x28113474928 at 2811dc0b5c0>
2026-02-13 16:41:49,833 - DEBUG - Release <POINTER(ITypeLib) ptr=0x28113351bb0 at 2811d937da0>
2026-02-13 16:41:49,833 - DEBUG - Release <POINTER(ITypeInfo) ptr=0x281134740e8 at 2811d937ec0>
2026-02-13 16:41:49,833 - DEBUG - Release <POINTER(ITypeInfo) ptr=0x28113474fe8 at 2811d937da0>
2026-02-13 16:41:49,833 - DEBUG - Release <POINTER(ITypeInfo) ptr=0x28113474f28 at 2811d937ec0>
2026-02-13 16:41:49,833 - DEBUG - Release <POINTER(ITypeInfo) ptr=0x28113474148 at 2811d937da0>
2026-02-13 16:41:49,833 - DEBUG - Release <POINTER(ITypeInfo) ptr=0x281134748c8 at 2811d937ec0>
2026-02-13 16:41:49,833 - DEBUG - Release <POINTER(ITypeInfo) ptr=0x28113474928 at 2811d937da0>
2026-02-13 16:41:49,834 - DEBUG - Release <POINTER(ITypeInfo) ptr=0x28117ebc630 at 2811dc0b5c0>
2026-02-13 16:41:49,834 - DEBUG - Release <POINTER(ITypeInfo) ptr=0x28117ec09e8 at 2811dd115b0>
2026-02-13 16:41:49,834 - DEBUG - Release <POINTER(ITypeInfo) ptr=0x28113474fe8 at 2811dc0b5c0>
2026-02-13 16:41:49,834 - DEBUG - Release <POINTER(ITypeInfo) ptr=0x28113474f28 at 2811dd115b0>
2026-02-13 16:41:49,834 - DEBUG - Release <POINTER(ITypeInfo) ptr=0x28113474928 at 2811dc0b5c0>
2026-02-13 16:41:49,834 - DEBUG - Release <POINTER(ITypeLib) ptr=0x28113351bb0 at 2811d937da0>
2026-02-13 16:41:49,834 - DEBUG - Release <POINTER(ITypeInfo) ptr=0x281134751c8 at 2811d937ec0>
2026-02-13 16:41:49,834 - DEBUG - Release <POINTER(ITypeInfo) ptr=0x28117ebdd90 at 2811dd115b0>
2026-02-13 16:41:49,835 - DEBUG - Release <POINTER(ITypeInfo) ptr=0x28113473f08 at 2811dd13bf0>
2026-02-13 16:41:49,836 - DEBUG - Release <POINTER(ITypeLib) ptr=0x28113351bb0 at 2811dd13ad0>
2026-02-13 16:41:49,836 - DEBUG - Release <POINTER(ITypeInfo) ptr=0x281134746e8 at 2811dd13b60>
2026-02-13 16:41:49,837 - DEBUG - Release <POINTER(ITypeLib) ptr=0x28113351bb0 at 2811dd13c80>
2026-02-13 16:41:49,837 - DEBUG - Release <POINTER(ITypeInfo) ptr=0x28113473fc8 at 2811dd13b60>
2026-02-13 16:41:49,837 - DEBUG - Release <POINTER(ITypeLib) ptr=0x28113351bb0 at 2811dd13770>
2026-02-13 16:41:49,837 - DEBUG - Release <POINTER(ITypeLib) ptr=0x28113351bb0 at 2811dd135c0>
2026-02-13 16:41:49,837 - DEBUG - Release <POINTER(ITypeInfo) ptr=0x28113473f08 at 2811dd13530>
2026-02-13 16:41:49,837 - DEBUG - Release <POINTER(ITypeLib) ptr=0x28113351bb0 at 2811dd132f0>
2026-02-13 16:41:49,838 - DEBUG - Release <POINTER(ITypeLib) ptr=0x28113351bb0 at 2811dd12d50>
2026-02-13 16:41:49,838 - DEBUG - Release <POINTER(ITypeInfo) ptr=0x28113474628 at 2811dd12c30>
2026-02-13 16:41:49,838 - DEBUG - Release <POINTER(ITypeInfo) ptr=0x28113473fc8 at 2811dd11760>
2026-02-13 16:41:49,838 - DEBUG - Release <POINTER(ITypeInfo) ptr=0x28113473fc8 at 2811dd12840>
2026-02-13 16:41:49,839 - DEBUG - Release <POINTER(ITypeInfo) ptr=0x28113474988 at 2811dd13f50>
2026-02-13 16:41:49,839 - DEBUG - Release <POINTER(ITypeLib) ptr=0x28113351bb0 at 2811dd13ad0>
2026-02-13 16:41:49,839 - DEBUG - Release <POINTER(ITypeInfo) ptr=0x28113475048 at 2811dd13e30>
2026-02-13 16:41:49,840 - DEBUG - Release <POINTER(ITypeInfo) ptr=0x28113473f08 at 2811dd13bf0>
2026-02-13 16:41:49,840 - DEBUG - Release <POINTER(ITypeLib) ptr=0x28113351bb0 at 2811dd13920>
2026-02-13 16:41:49,840 - DEBUG - Release <POINTER(ITypeLib) ptr=0x28113351bb0 at 2811dd135c0>
2026-02-13 16:41:49,840 - DEBUG - Release <POINTER(ITypeInfo) ptr=0x28113474988 at 2811dd13650>
2026-02-13 16:41:49,840 - DEBUG - Release <POINTER(ITypeLib) ptr=0x28113351bb0 at 2811dd132f0>
2026-02-13 16:41:49,840 - DEBUG - Release <POINTER(ITypeLib) ptr=0x28113351bb0 at 2811dd131d0>
2026-02-13 16:41:49,840 - DEBUG - Release <POINTER(ITypeInfo) ptr=0x281134741a8 at 2811dd11910>
2026-02-13 16:41:49,841 - DEBUG - Release <POINTER(ITypeInfo) ptr=0x281134741a8 at 2811dd11910>
2026-02-13 16:41:49,841 - DEBUG - Release <POINTER(ITypeInfo) ptr=0x28117aca2b0 at 2811dd12570>
2026-02-13 16:41:49,841 - DEBUG - Release <POINTER(ITypeLib) ptr=0x28113351bb0 at 2811dd115b0>
2026-02-13 16:41:49,841 - DEBUG - Release <POINTER(ITypeInfo) ptr=0x281134755e8 at 2811dd10a70>
2026-02-13 16:41:49,841 - DEBUG - Release <POINTER(ITypeInfo) ptr=0x28117ec08e0 at 2811dd115b0>
2026-02-13 16:41:49,841 - DEBUG - Release <POINTER(ITypeLib) ptr=0x28113351bb0 at 2811d937ec0>
2026-02-13 16:41:49,841 - DEBUG - Release <POINTER(ITypeInfo) ptr=0x28113475408 at 2811d937da0>
2026-02-13 16:41:49,842 - DEBUG - Release <POINTER(ITypeInfo) ptr=0x281134755e8 at 2811d937ec0>
2026-02-13 16:41:49,842 - DEBUG - Release <POINTER(ITypeInfo) ptr=0x28113474628 at 2811d937da0>
2026-02-13 16:41:49,842 - DEBUG - Release <POINTER(ITypeInfo) ptr=0x28113473f08 at 2811d937ec0>
2026-02-13 16:41:49,842 - DEBUG - Release <POINTER(ITypeInfo) ptr=0x281134746e8 at 2811d937da0>
2026-02-13 16:41:49,842 - DEBUG - Release <POINTER(ITypeInfo) ptr=0x28113473fc8 at 2811d937ec0>
2026-02-13 16:41:49,842 - DEBUG - Release <POINTER(ITypeInfo) ptr=0x281134741a8 at 2811d937da0>
2026-02-13 16:41:49,843 - DEBUG - Release <POINTER(ITypeInfo) ptr=0x28113474988 at 2811d937ec0>
2026-02-13 16:41:49,843 - DEBUG - Release <POINTER(ITypeInfo) ptr=0x28113475048 at 2811d937da0>
2026-02-13 16:41:49,843 - DEBUG - Release <POINTER(ITypeInfo) ptr=0x28117ebdd90 at 2811dd12690>
2026-02-13 16:41:49,843 - DEBUG - Release <POINTER(ITypeInfo) ptr=0x281134755e8 at 2811dd10a70>
2026-02-13 16:41:49,843 - DEBUG - Release <POINTER(ITypeInfo) ptr=0x28117ec0360 at 2811dd12690>
2026-02-13 16:41:49,843 - DEBUG - Release <POINTER(ITypeInfo) ptr=0x28117ec08e0 at 2811dd10a70>
2026-02-13 16:41:49,843 - DEBUG - Release <POINTER(ITypeLib) ptr=0x28113351bb0 at 2811d937da0>
2026-02-13 16:41:49,844 - DEBUG - Release <POINTER(ITypeInfo) ptr=0x28113474bc8 at 2811d937ec0>
2026-02-13 16:41:49,844 - DEBUG - Release <POINTER(ITypeInfo) ptr=0x281134755e8 at 2811dd10830>
2026-02-13 16:41:49,844 - DEBUG - Release <POINTER(ITypeInfo) ptr=0x28117ec0360 at 2811dd12690>
2026-02-13 16:41:49,844 - DEBUG - Release <POINTER(ITypeLib) ptr=0x28113351bb0 at 2811d937ec0>
2026-02-13 16:41:49,844 - DEBUG - Release <POINTER(ITypeInfo) ptr=0x281134750a8 at 2811d937da0>
2026-02-13 16:41:49,846 - DEBUG - Release <POINTER(ITypeLib) ptr=0x28113351bb0 at 2811dd134a0>
2026-02-13 16:41:49,846 - DEBUG - Release <POINTER(ITypeInfo) ptr=0x281134744a8 at 2811dd12de0>
2026-02-13 16:41:49,847 - DEBUG - Release <POINTER(ITypeInfo) ptr=0x281134744a8 at 2811dd12de0>
2026-02-13 16:41:49,847 - DEBUG - Release <POINTER(ITypeInfo) ptr=0x281134743e8 at 2811dd30830>
2026-02-13 16:41:49,848 - DEBUG - Release <POINTER(ITypeInfo) ptr=0x281134744a8 at 2811dd307a0>
2026-02-13 16:41:49,848 - DEBUG - Release <POINTER(ITypeLib) ptr=0x28113351bb0 at 2811dd303b0>
2026-02-13 16:41:49,848 - DEBUG - Release <POINTER(ITypeLib) ptr=0x28113351bb0 at 2811dd30290>
2026-02-13 16:41:49,848 - DEBUG - Release <POINTER(ITypeInfo) ptr=0x281134743e8 at 2811dd30200>
2026-02-13 16:41:49,849 - DEBUG - Release <POINTER(ITypeLib) ptr=0x28113351bb0 at 2811dd13ec0>
2026-02-13 16:41:49,849 - DEBUG - Release <POINTER(ITypeLib) ptr=0x28113351bb0 at 2811dd13530>
2026-02-13 16:41:49,849 - DEBUG - Release <POINTER(ITypeInfo) ptr=0x28113474388 at 2811dd128d0>
2026-02-13 16:41:49,849 - DEBUG - Release <POINTER(ITypeInfo) ptr=0x281134741a8 at 2811dd12e70>
2026-02-13 16:41:49,850 - DEBUG - Release <POINTER(ITypeInfo) ptr=0x281134741a8 at 2811dd134a0>
2026-02-13 16:41:49,850 - DEBUG - Release <POINTER(ITypeInfo) ptr=0x28113474388 at 2811dd135c0>
2026-02-13 16:41:49,850 - DEBUG - Release <POINTER(ITypeInfo) ptr=0x28113474388 at 2811dd131d0>
2026-02-13 16:41:49,850 - DEBUG - Release <POINTER(ITypeInfo) ptr=0x28117aca2b0 at 2811dd12840>
2026-02-13 16:41:49,850 - DEBUG - Release <POINTER(ITypeLib) ptr=0x28113351bb0 at 2811dd12a80>
2026-02-13 16:41:49,851 - DEBUG - Release <POINTER(ITypeInfo) ptr=0x28113475108 at 2811dd10830>
2026-02-13 16:41:49,851 - DEBUG - Release <POINTER(ITypeInfo) ptr=0x28117ec0360 at 2811dd12a80>
2026-02-13 16:41:49,851 - DEBUG - Release <POINTER(ITypeLib) ptr=0x28113351bb0 at 2811d937da0>
2026-02-13 16:41:49,851 - DEBUG - Release <POINTER(ITypeInfo) ptr=0x28113474a48 at 2811d937ec0>
2026-02-13 16:41:49,851 - DEBUG - Release <POINTER(ITypeInfo) ptr=0x28113475108 at 2811d937da0>
2026-02-13 16:41:49,852 - DEBUG - Release <POINTER(ITypeInfo) ptr=0x281134744a8 at 2811d937ec0>
2026-02-13 16:41:49,852 - DEBUG - Release <POINTER(ITypeInfo) ptr=0x28113474388 at 2811d937da0>
2026-02-13 16:41:49,852 - DEBUG - Release <POINTER(ITypeInfo) ptr=0x281134743e8 at 2811d937ec0>
2026-02-13 16:41:49,852 - DEBUG - Release <POINTER(ITypeInfo) ptr=0x28117ebf6a8 at 2811dd10830>
2026-02-13 16:41:49,853 - DEBUG - Release <POINTER(ITypeInfo) ptr=0x28117ec0360 at 2811dd13380>
2026-02-13 16:41:49,853 - DEBUG - Release <POINTER(ITypeLib) ptr=0x28113351bb0 at 2811dd10830>
2026-02-13 16:41:49,853 - DEBUG - Release <POINTER(ITypeInfo) ptr=0x28113474f88 at 2811dd12c30>
2026-02-13 16:41:49,853 - DEBUG - Release <POINTER(ITypeInfo) ptr=0x28117ec08e0 at 2811dd10830>
2026-02-13 16:41:49,853 - DEBUG - Release <POINTER(ITypeLib) ptr=0x28113351bb0 at 2811d937ec0>
2026-02-13 16:41:49,853 - DEBUG - Release <POINTER(ITypeInfo) ptr=0x28113474da8 at 2811d937da0>
2026-02-13 16:41:49,854 - DEBUG - Release <POINTER(ITypeInfo) ptr=0x28113474f88 at 2811d937ec0>
2026-02-13 16:41:49,854 - DEBUG - Release <POINTER(ITypeInfo) ptr=0x28117aca2b0 at 2811dd11910>
2026-02-13 16:41:49,855 - DEBUG - Release <POINTER(ITypeLib) ptr=0x28113351bb0 at 2811dd12c30>
2026-02-13 16:41:49,855 - DEBUG - Release <POINTER(ITypeInfo) ptr=0x28113474aa8 at 2811dd10830>
2026-02-13 16:41:49,856 - DEBUG - Release <POINTER(ITypeLib) ptr=0x28113351bb0 at 2811d937ec0>
2026-02-13 16:41:49,856 - DEBUG - Release <POINTER(ITypeInfo) ptr=0x281134749e8 at 2811d937da0>
2026-02-13 16:41:49,857 - DEBUG - Release <POINTER(ITypeInfo) ptr=0x28113474aa8 at 2811d937ec0>
2026-02-13 16:41:49,857 - DEBUG - Release <POINTER(ITypeInfo) ptr=0x28113474f88 at 2811dd10830>
2026-02-13 16:41:49,857 - DEBUG - Release <POINTER(ITypeLib) ptr=0x28113351bb0 at 2811d937ec0>
2026-02-13 16:41:49,858 - DEBUG - Release <POINTER(ITypeInfo) ptr=0x28113474508 at 2811d937da0>
2026-02-13 16:41:49,858 - DEBUG - Release <POINTER(ITypeInfo) ptr=0x28117ebd080 at 2811dd13ec0>
2026-02-13 16:41:49,858 - DEBUG - Release <POINTER(ITypeLib) ptr=0x28113351bb0 at 2811d937da0>
2026-02-13 16:41:49,858 - DEBUG - Release <POINTER(ITypeInfo) ptr=0x28113474c28 at 2811d937ec0>
2026-02-13 16:41:49,859 - DEBUG - Release <POINTER(ITypeInfo) ptr=0x28117ebefc8 at 2811dd12c30>
2026-02-13 16:41:49,859 - DEBUG - Release <POINTER(ITypeLib) ptr=0x28113351bb0 at 2811d937ec0>
2026-02-13 16:41:49,859 - DEBUG - Release <POINTER(ITypeInfo) ptr=0x28113474b08 at 2811d937da0>
2026-02-13 16:41:49,859 - DEBUG - Release <POINTER(ITypeInfo) ptr=0x28117ebbc90 at 2811dd134a0>
2026-02-13 16:41:49,859 - DEBUG - Release <POINTER(ITypeLib) ptr=0x28113351bb0 at 2811d937da0>
2026-02-13 16:41:49,859 - DEBUG - Release <POINTER(ITypeInfo) ptr=0x28113475168 at 2811d937ec0>
2026-02-13 16:41:49,860 - DEBUG - Release <POINTER(ITypeInfo) ptr=0x28117ebbd98 at 2811dd131d0>
2026-02-13 16:41:49,860 - DEBUG - Release <POINTER(ITypeLib) ptr=0x28113351bb0 at 2811d937ec0>
2026-02-13 16:41:49,860 - DEBUG - Release <POINTER(ITypeInfo) ptr=0x28113474088 at 2811d937da0>
2026-02-13 16:41:49,860 - DEBUG - Release <POINTER(ITypeInfo) ptr=0x28117ebc7e8 at 2811dd13920>
2026-02-13 16:41:49,860 - DEBUG - Release <POINTER(ITypeInfo) ptr=0x28117ec0990 at 2811dd135c0>
2026-02-13 16:41:49,860 - DEBUG - Release <POINTER(ITypeInfo) ptr=0x28113474868 at 2811dd13920>
2026-02-13 16:41:49,861 - DEBUG - Release <POINTER(ITypeInfo) ptr=0x28117ec08e0 at 2811dd135c0>
2026-02-13 16:41:49,861 - DEBUG - Release <POINTER(ITypeInfo) ptr=0x28117ebdc30 at 2811dd13920>
2026-02-13 16:41:49,861 - DEBUG - Release <POINTER(ITypeLib) ptr=0x28113351bb0 at 2811d937da0>
2026-02-13 16:41:49,861 - DEBUG - Release <POINTER(ITypeInfo) ptr=0x28113474b68 at 2811d937ec0>
2026-02-13 16:41:49,861 - DEBUG - Release <POINTER(ITypeInfo) ptr=0x28117ebc108 at 2811dd304d0>
2026-02-13 16:41:49,862 - DEBUG - Release <POINTER(ITypeInfo) ptr=0x28117ec0678 at 2811dd30200>
2026-02-13 16:41:49,862 - DEBUG - Release <POINTER(ITypeLib) ptr=0x28113351bb0 at 2811d937ec0>
2026-02-13 16:41:49,862 - DEBUG - Release <POINTER(ITypeInfo) ptr=0x28113474c88 at 2811d937da0>
2026-02-13 16:41:49,863 - DEBUG - Release <POINTER(ITypeInfo) ptr=0x28117ebbf50 at 2811dd304d0>
2026-02-13 16:41:49,863 - DEBUG - Release <POINTER(ITypeInfo) ptr=0x28117ec0678 at 2811dd303b0>
2026-02-13 16:41:49,863 - DEBUG - Release <POINTER(ITypeLib) ptr=0x28113351bb0 at 2811d937da0>
2026-02-13 16:41:49,864 - DEBUG - Release <POINTER(ITypeInfo) ptr=0x28113474ce8 at 2811d937ec0>
2026-02-13 16:41:49,864 - DEBUG - Release <POINTER(ITypeInfo) ptr=0x28117ebc058 at 2811dd304d0>
2026-02-13 16:41:49,865 - DEBUG - Release <POINTER(ITypeInfo) ptr=0x28117ec0678 at 2811dd307a0>
2026-02-13 16:41:49,865 - DEBUG - Release <POINTER(ITypeLib) ptr=0x28113351bb0 at 2811d937ec0>
2026-02-13 16:41:49,865 - DEBUG - Release <POINTER(ITypeInfo) ptr=0x28113474d48 at 2811d937da0>
2026-02-13 16:41:49,866 - DEBUG - Release <POINTER(ITypeInfo) ptr=0x28117ebee10 at 2811dd30c20>
2026-02-13 16:41:49,866 - DEBUG - Release <POINTER(ITypeInfo) ptr=0x28117ec0eb8 at 2811dd30d40>
2026-02-13 16:41:49,866 - DEBUG - Release <POINTER(ITypeInfo) ptr=0x28117ec1540 at 2811dd305f0>
2026-02-13 16:41:49,866 - DEBUG - Release <POINTER(ITypeLib) ptr=0x28113351bb0 at 2811d937da0>
2026-02-13 16:41:49,866 - DEBUG - Release <POINTER(ITypeInfo) ptr=0x281134756a8 at 2811d937ec0>
2026-02-13 16:41:49,867 - DEBUG - Release <POINTER(ITypeLib) ptr=0x28113351bb0 at 2811dd311c0>
2026-02-13 16:41:49,867 - DEBUG - Release <POINTER(ITypeLib) ptr=0x28113351bb0 at 2811dd310a0>
2026-02-13 16:41:49,868 - DEBUG - Release <POINTER(ITypeInfo) ptr=0x28113474568 at 2811dd31010>
2026-02-13 16:41:49,868 - DEBUG - Release <POINTER(ITypeInfo) ptr=0x28117ec1178 at 2811dd30950>
2026-02-13 16:41:49,868 - DEBUG - Release <POINTER(ITypeInfo) ptr=0x28117ec11d0 at 2811dd30dd0>
2026-02-13 16:41:49,868 - DEBUG - Release <POINTER(ITypeInfo) ptr=0x28117ec1178 at 2811dd30950>
2026-02-13 16:41:49,869 - DEBUG - Release <POINTER(ITypeInfo) ptr=0x28117aca258 at 2811dd31490>
2026-02-13 16:41:49,869 - DEBUG - Release <POINTER(ITypeInfo) ptr=0x28113474ec8 at 2811dd310a0>
2026-02-13 16:41:49,869 - DEBUG - Release <POINTER(ITypeLib) ptr=0x28113351bb0 at 2811dd311c0>
2026-02-13 16:41:49,870 - DEBUG - Release <POINTER(ITypeInfo) ptr=0x28113474e68 at 2811dd30ef0>
2026-02-13 16:41:49,870 - DEBUG - Release <POINTER(ITypeInfo) ptr=0x28117ebf860 at 2811dd320f0>
2026-02-13 16:41:49,871 - DEBUG - Release <POINTER(ITypeInfo) ptr=0x28117aca2b0 at 2811dd31be0>
2026-02-13 16:41:49,871 - DEBUG - Release <POINTER(ITypeLib) ptr=0x28113351bb0 at 2811dd31a30>
2026-02-13 16:41:49,871 - DEBUG - Release <POINTER(ITypeInfo) ptr=0x28113474688 at 2811dd31910>
2026-02-13 16:41:49,871 - DEBUG - Release <POINTER(ITypeInfo) ptr=0x28113474688 at 2811dd322a0>
2026-02-13 16:41:49,871 - DEBUG - Release <POINTER(ITypeLib) ptr=0x28113351bb0 at 2811dd319a0>
2026-02-13 16:41:49,872 - DEBUG - Release <POINTER(ITypeInfo) ptr=0x281134752e8 at 2811dd31490>
2026-02-13 16:41:49,872 - DEBUG - Release <POINTER(ITypeInfo) ptr=0x28117aca308 at 2811dd319a0>
2026-02-13 16:41:49,873 - DEBUG - Release <POINTER(ITypeInfo) ptr=0x28113474028 at 2811dd32c30>
2026-02-13 16:41:49,874 - DEBUG - Release <POINTER(ITypeInfo) ptr=0x28117aca2b0 at 2811dd32180>
2026-02-13 16:41:49,874 - DEBUG - Release <POINTER(ITypeLib) ptr=0x28113351bb0 at 2811dd322a0>
2026-02-13 16:41:49,874 - DEBUG - Release <POINTER(ITypeInfo) ptr=0x28113474028 at 2811dd31f40>
2026-02-13 16:41:49,874 - DEBUG - Release <POINTER(ITypeInfo) ptr=0x28117aca2b0 at 2811dd31b50>
2026-02-13 16:41:49,874 - DEBUG - Release <POINTER(ITypeLib) ptr=0x28113351bb0 at 2811dd315b0>
2026-02-13 16:41:49,874 - DEBUG - Release <POINTER(ITypeInfo) ptr=0x28113475228 at 2811dd30ef0>
2026-02-13 16:41:49,874 - DEBUG - Release <POINTER(ITypeInfo) ptr=0x28117aca2b0 at 2811dd30cb0>
2026-02-13 16:41:49,874 - DEBUG - Release <POINTER(ITypeLib) ptr=0x28113351bb0 at 2811d937ec0>
2026-02-13 16:41:49,875 - DEBUG - Release <POINTER(ITypeInfo) ptr=0x28113475468 at 2811d937da0>
2026-02-13 16:41:49,875 - DEBUG - Release <POINTER(ITypeInfo) ptr=0x28113474568 at 2811d937ec0>
2026-02-13 16:41:49,875 - DEBUG - Release <POINTER(ITypeInfo) ptr=0x28113474e68 at 2811d937da0>
2026-02-13 16:41:49,875 - DEBUG - Release <POINTER(ITypeInfo) ptr=0x28113475228 at 2811d937ec0>
2026-02-13 16:41:49,875 - DEBUG - Release <POINTER(ITypeInfo) ptr=0x28113474688 at 2811d937da0>
2026-02-13 16:41:49,876 - DEBUG - Release <POINTER(ITypeInfo) ptr=0x281134752e8 at 2811d937ec0>
2026-02-13 16:41:49,876 - DEBUG - Release <POINTER(ITypeInfo) ptr=0x28113474028 at 2811d937da0>
2026-02-13 16:41:49,954 - DEBUG - filename: "C:\WINDOWS\System32\Speech\Common\sapi.dll": tlib_mtime: 1765359304.1630275
2026-02-13 16:41:49,967 - DEBUG - Release <POINTER(ITypeLib) ptr=0x28113351bb0 at 2811dd12de0>
2026-02-13 16:41:49,968 - INFO - # Generating comtypes.gen.SpeechLib
2026-02-13 16:41:50,010 - DEBUG - GetModule(TLIBATTR(GUID={00020430-0000-0000-C000-000000000046}, Version=2.0, LCID=0, FLags=0x8))
2026-02-13 16:41:50,012 - INFO - Could not import comtypes.gen._00020430_0000_0000_C000_000000000046_0_2_0: No module named 'comtypes.gen._00020430_0000_0000_C000_000000000046_0_2_0'
2026-02-13 16:41:50,014 - INFO - # Generating comtypes.gen._00020430_0000_0000_C000_000000000046_0_2_0
2026-02-13 16:41:50,015 - DEBUG - Release <POINTER(ITypeLib) ptr=0x28113352130 at 2811dd13800>
2026-02-13 16:41:50,016 - DEBUG - Release <POINTER(ITypeLib) ptr=0x28113352130 at 2811dd13650>
2026-02-13 16:41:50,016 - DEBUG - Release <POINTER(ITypeInfo) ptr=0x28117aca308 at 2811dd128d0>
2026-02-13 16:41:50,017 - DEBUG - Release <POINTER(ITypeLib) ptr=0x28113352130 at 2811dd13da0>
2026-02-13 16:41:50,017 - DEBUG - Release <POINTER(ITypeLib) ptr=0x28113352130 at 2811dd128d0>
2026-02-13 16:41:50,017 - DEBUG - Release <POINTER(ITypeInfo) ptr=0x28117aca360 at 2811dd13650>
2026-02-13 16:41:50,018 - DEBUG - Release <POINTER(ITypeLib) ptr=0x28113352130 at 2811dd12b10>
2026-02-13 16:41:50,018 - DEBUG - Release <POINTER(ITypeLib) ptr=0x28113352130 at 2811dd13650>
2026-02-13 16:41:50,018 - DEBUG - Release <POINTER(ITypeInfo) ptr=0x28117aca3b8 at 2811dd128d0>
2026-02-13 16:41:50,019 - DEBUG - Release <POINTER(ITypeInfo) ptr=0x28117aca308 at 2811dd10170>
2026-02-13 16:41:50,019 - DEBUG - Release <POINTER(ITypeLib) ptr=0x28113352130 at 2811dd128d0>
2026-02-13 16:41:50,019 - DEBUG - Release <POINTER(ITypeInfo) ptr=0x28117aca2b0 at 2811dd13650>
2026-02-13 16:41:50,020 - DEBUG - Release <POINTER(ITypeInfo) ptr=0x28117aca308 at 2811dd12450>
2026-02-13 16:41:50,020 - DEBUG - Release <POINTER(ITypeInfo) ptr=0x28117aca308 at 2811dd109e0>
2026-02-13 16:41:50,021 - DEBUG - Release <POINTER(ITypeInfo) ptr=0x28117aca360 at 2811dd109e0>
2026-02-13 16:41:50,021 - DEBUG - Release <POINTER(ITypeInfo) ptr=0x28117aca3b8 at 2811dd109e0>
2026-02-13 16:41:50,021 - DEBUG - Release <POINTER(ITypeInfo) ptr=0x28117aca2b0 at 2811dd12cc0>
2026-02-13 16:41:50,022 - DEBUG - Release <POINTER(ITypeLib) ptr=0x28113352130 at 2811dd13650>
2026-02-13 16:41:50,022 - DEBUG - Release <POINTER(ITypeInfo) ptr=0x28117aca258 at 2811dd128d0>
2026-02-13 16:41:50,023 - DEBUG - Release <POINTER(ITypeInfo) ptr=0x28117aca410 at 2811dd120f0>
2026-02-13 16:41:50,023 - DEBUG - Release <POINTER(ITypeInfo) ptr=0x28117aca2b0 at 2811dd103b0>
2026-02-13 16:41:50,023 - DEBUG - Release <POINTER(ITypeLib) ptr=0x28113352130 at 2811dd128d0>
2026-02-13 16:41:50,024 - DEBUG - Release <POINTER(ITypeInfo) ptr=0x28117aca410 at 2811dd13650>
2026-02-13 16:41:50,024 - DEBUG - Release <POINTER(ITypeLib) ptr=0x28113352130 at 2811dd13650>
2026-02-13 16:41:50,024 - DEBUG - Release <POINTER(ITypeInfo) ptr=0x28117aca468 at 2811dd128d0>
2026-02-13 16:41:50,025 - DEBUG - Release <POINTER(ITypeLib) ptr=0x28113352130 at 2811dd128d0>
2026-02-13 16:41:50,025 - DEBUG - Release <POINTER(ITypeInfo) ptr=0x28117aca4c0 at 2811dd13650>
2026-02-13 16:41:50,025 - DEBUG - Release <POINTER(ITypeLib) ptr=0x28113352130 at 2811dd13650>
2026-02-13 16:41:50,026 - DEBUG - Release <POINTER(ITypeInfo) ptr=0x28117aca518 at 2811dd128d0>
2026-02-13 16:41:50,026 - DEBUG - Release <POINTER(ITypeLib) ptr=0x28113352130 at 2811dd128d0>
2026-02-13 16:41:50,026 - DEBUG - Release <POINTER(ITypeInfo) ptr=0x28117aca570 at 2811dd13650>
2026-02-13 16:41:50,027 - DEBUG - Release <POINTER(ITypeLib) ptr=0x28113352130 at 2811dd13650>
2026-02-13 16:41:50,027 - DEBUG - Release <POINTER(ITypeInfo) ptr=0x28117aca5c8 at 2811dd128d0>
2026-02-13 16:41:50,027 - DEBUG - Release <POINTER(ITypeLib) ptr=0x28113352130 at 2811dd128d0>
2026-02-13 16:41:50,028 - DEBUG - Release <POINTER(ITypeInfo) ptr=0x28117aca620 at 2811dd13650>
2026-02-13 16:41:50,028 - DEBUG - Release <POINTER(ITypeLib) ptr=0x28113352130 at 2811dd13650>
2026-02-13 16:41:50,029 - DEBUG - Release <POINTER(ITypeInfo) ptr=0x28117aca678 at 2811dd128d0>
2026-02-13 16:41:50,029 - DEBUG - Release <POINTER(ITypeLib) ptr=0x28113352130 at 2811dd128d0>
2026-02-13 16:41:50,029 - DEBUG - Release <POINTER(ITypeInfo) ptr=0x28117aca6d0 at 2811dd13650>
2026-02-13 16:41:50,030 - DEBUG - Release <POINTER(ITypeLib) ptr=0x28113352130 at 2811dd13650>
2026-02-13 16:41:50,030 - DEBUG - Release <POINTER(ITypeInfo) ptr=0x28117aca728 at 2811dd128d0>
2026-02-13 16:41:50,031 - DEBUG - Release <POINTER(ITypeLib) ptr=0x28113352130 at 2811dd128d0>
2026-02-13 16:41:50,031 - DEBUG - Release <POINTER(ITypeInfo) ptr=0x28117aca780 at 2811dd13650>
2026-02-13 16:41:50,032 - DEBUG - Release <POINTER(ITypeLib) ptr=0x28113352130 at 2811dd13650>
2026-02-13 16:41:50,032 - DEBUG - Release <POINTER(ITypeInfo) ptr=0x28117aca7d8 at 2811dd128d0>
2026-02-13 16:41:50,032 - DEBUG - Release <POINTER(ITypeLib) ptr=0x28113352130 at 2811dd128d0>
2026-02-13 16:41:50,033 - DEBUG - Release <POINTER(ITypeInfo) ptr=0x28117aca830 at 2811dd13650>
2026-02-13 16:41:50,033 - DEBUG - Release <POINTER(ITypeLib) ptr=0x28113352130 at 2811dd13650>
2026-02-13 16:41:50,034 - DEBUG - Release <POINTER(ITypeInfo) ptr=0x28117aca888 at 2811dd128d0>
2026-02-13 16:41:50,034 - DEBUG - Release <POINTER(ITypeLib) ptr=0x28113352130 at 2811dd128d0>
2026-02-13 16:41:50,034 - DEBUG - Release <POINTER(ITypeInfo) ptr=0x28117aca8e0 at 2811dd13650>
2026-02-13 16:41:50,035 - DEBUG - Release <POINTER(ITypeLib) ptr=0x28113352130 at 2811dd13650>
2026-02-13 16:41:50,035 - DEBUG - Release <POINTER(ITypeInfo) ptr=0x28117aca938 at 2811dd128d0>
2026-02-13 16:41:50,036 - DEBUG - Release <POINTER(ITypeLib) ptr=0x28113352130 at 2811dd128d0>
2026-02-13 16:41:50,036 - DEBUG - Release <POINTER(ITypeInfo) ptr=0x28117aca990 at 2811dd13650>
2026-02-13 16:41:50,036 - DEBUG - Release <POINTER(ITypeLib) ptr=0x28113352130 at 2811dd13650>
2026-02-13 16:41:50,037 - DEBUG - Release <POINTER(ITypeInfo) ptr=0x28117aca9e8 at 2811dd128d0>
2026-02-13 16:41:50,037 - DEBUG - Release <POINTER(ITypeLib) ptr=0x28113352130 at 2811dd128d0>
2026-02-13 16:41:50,038 - DEBUG - Release <POINTER(ITypeInfo) ptr=0x28117acaa40 at 2811dd13650>
2026-02-13 16:41:50,038 - DEBUG - Release <POINTER(ITypeLib) ptr=0x28113352130 at 2811dd13650>
2026-02-13 16:41:50,039 - DEBUG - Release <POINTER(ITypeInfo) ptr=0x28117acaa98 at 2811dd128d0>
2026-02-13 16:41:50,039 - DEBUG - Release <POINTER(ITypeLib) ptr=0x28113352130 at 2811dd128d0>
2026-02-13 16:41:50,039 - DEBUG - Release <POINTER(ITypeInfo) ptr=0x28117acaaf0 at 2811dd13650>
2026-02-13 16:41:50,040 - DEBUG - Release <POINTER(ITypeLib) ptr=0x28113352130 at 2811dd13650>
2026-02-13 16:41:50,040 - DEBUG - Release <POINTER(ITypeInfo) ptr=0x28117acab48 at 2811dd128d0>
2026-02-13 16:41:50,041 - DEBUG - Release <POINTER(ITypeLib) ptr=0x28113352130 at 2811dd128d0>
2026-02-13 16:41:50,041 - DEBUG - Release <POINTER(ITypeInfo) ptr=0x28117acaba0 at 2811dd13650>
2026-02-13 16:41:50,041 - DEBUG - Release <POINTER(ITypeLib) ptr=0x28113352130 at 2811dd13650>
2026-02-13 16:41:50,042 - DEBUG - Release <POINTER(ITypeInfo) ptr=0x28117acabf8 at 2811dd128d0>
2026-02-13 16:41:50,043 - DEBUG - Release <POINTER(ITypeLib) ptr=0x28113352130 at 2811dd128d0>
2026-02-13 16:41:50,043 - DEBUG - Release <POINTER(ITypeInfo) ptr=0x28117acac50 at 2811dd13650>
2026-02-13 16:41:50,046 - DEBUG - Release <POINTER(ITypeInfo) ptr=0x28117aca8e0 at 2811dc0bd10>
2026-02-13 16:41:50,046 - DEBUG - Release <POINTER(ITypeInfo) ptr=0x28117acaca8 at 2811dc0ae70>
2026-02-13 16:41:50,047 - DEBUG - Release <POINTER(ITypeInfo) ptr=0x28117acaca8 at 2811dc09d00>
2026-02-13 16:41:50,048 - DEBUG - Release <POINTER(ITypeInfo) ptr=0x28117aca8e0 at 2811dc0b020>
2026-02-13 16:41:50,048 - DEBUG - Release <POINTER(ITypeInfo) ptr=0x28117aca8e0 at 2811dd10200>
2026-02-13 16:41:50,049 - DEBUG - Release <POINTER(ITypeInfo) ptr=0x28117aca2b0 at 2811dd11fd0>
2026-02-13 16:41:50,049 - DEBUG - Release <POINTER(ITypeLib) ptr=0x28113352130 at 2811dd13650>
2026-02-13 16:41:50,049 - DEBUG - Release <POINTER(ITypeInfo) ptr=0x28117acaca8 at 2811dd128d0>
2026-02-13 16:41:50,051 - DEBUG - Release <POINTER(ITypeInfo) ptr=0x28117aca258 at 2811dd11fd0>
2026-02-13 16:41:50,051 - DEBUG - Release <POINTER(ITypeLib) ptr=0x28113352130 at 2811dd128d0>
2026-02-13 16:41:50,051 - DEBUG - Release <POINTER(ITypeInfo) ptr=0x28117acad00 at 2811dd13650>
2026-02-13 16:41:50,052 - DEBUG - Release <POINTER(ITypeInfo) ptr=0x28117acad00 at 2811dd10200>
2026-02-13 16:41:50,052 - DEBUG - Release <POINTER(ITypeLib) ptr=0x28113352130 at 2811dd13650>
2026-02-13 16:41:50,052 - DEBUG - Release <POINTER(ITypeInfo) ptr=0x28117acad58 at 2811dd128d0>
2026-02-13 16:41:50,053 - DEBUG - Release <POINTER(ITypeInfo) ptr=0x28117acad00 at 2811dd11eb0>
2026-02-13 16:41:50,054 - DEBUG - Release <POINTER(ITypeInfo) ptr=0x28117aca258 at 2811dc0bec0>
2026-02-13 16:41:50,054 - DEBUG - Release <POINTER(ITypeLib) ptr=0x28113352130 at 2811dd11eb0>
2026-02-13 16:41:50,055 - DEBUG - Release <POINTER(ITypeInfo) ptr=0x28117acae08 at 2811dd10dd0>
2026-02-13 16:41:50,055 - DEBUG - Release <POINTER(ITypeInfo) ptr=0x28117acaca8 at 2811dd11eb0>
2026-02-13 16:41:50,055 - DEBUG - Release <POINTER(ITypeLib) ptr=0x28113352130 at 2811dd128d0>
2026-02-13 16:41:50,056 - DEBUG - Release <POINTER(ITypeInfo) ptr=0x28117acadb0 at 2811dd13650>
2026-02-13 16:41:50,056 - DEBUG - Release <POINTER(ITypeInfo) ptr=0x28117aca8e0 at 2811dc0b9b0>
2026-02-13 16:41:50,057 - DEBUG - Release <POINTER(ITypeInfo) ptr=0x28117aca8e0 at 2811dc0aa80>
2026-02-13 16:41:50,058 - DEBUG - Release <POINTER(ITypeInfo) ptr=0x28117aca6d0 at 2811dc0aa80>
2026-02-13 16:41:50,058 - DEBUG - Release <POINTER(ITypeInfo) ptr=0x28117aca728 at 2811dc0aa80>
2026-02-13 16:41:50,059 - DEBUG - Release <POINTER(ITypeInfo) ptr=0x28117aca620 at 2811dc0bf50>
2026-02-13 16:41:50,059 - DEBUG - Release <POINTER(ITypeInfo) ptr=0x28117aca678 at 2811dc09c70>
2026-02-13 16:41:50,060 - DEBUG - Release <POINTER(ITypeInfo) ptr=0x28117aca6d0 at 2811dc09d00>
2026-02-13 16:41:50,060 - DEBUG - Release <POINTER(ITypeInfo) ptr=0x28117aca728 at 2811dc0b410>
2026-02-13 16:41:50,061 - DEBUG - Release <POINTER(ITypeInfo) ptr=0x28117aca8e0 at 2811dc0b0b0>
2026-02-13 16:41:50,065 - DEBUG - Release <POINTER(ITypeInfo) ptr=0x28117aca8e0 at 2811dc0bec0>
2026-02-13 16:41:50,066 - DEBUG - Release <POINTER(ITypeInfo) ptr=0x28117aca8e0 at 2811dc0ae70>
2026-02-13 16:41:50,067 - DEBUG - Release <POINTER(ITypeInfo) ptr=0x28117aca2b0 at 2811dc0be30>
2026-02-13 16:41:50,068 - DEBUG - Release <POINTER(ITypeLib) ptr=0x28113352130 at 2811dd13650>
2026-02-13 16:41:50,068 - DEBUG - Release <POINTER(ITypeInfo) ptr=0x28117acae60 at 2811dd128d0>
2026-02-13 16:41:50,070 - DEBUG - Release <POINTER(ITypeInfo) ptr=0x28117aca8e0 at 2811dc0bd10>
2026-02-13 16:41:50,070 - DEBUG - Release <POINTER(ITypeInfo) ptr=0x28117aca8e0 at 2811dc0bd10>
2026-02-13 16:41:50,071 - DEBUG - Release <POINTER(ITypeInfo) ptr=0x28117aca6d0 at 2811dc0bd10>
2026-02-13 16:41:50,071 - DEBUG - Release <POINTER(ITypeInfo) ptr=0x28117aca728 at 2811dc0bd10>
2026-02-13 16:41:50,071 - DEBUG - Release <POINTER(ITypeInfo) ptr=0x28117aca620 at 2811dc080e0>
2026-02-13 16:41:50,072 - DEBUG - Release <POINTER(ITypeInfo) ptr=0x28117aca678 at 2811dc0bd10>
2026-02-13 16:41:50,072 - DEBUG - Release <POINTER(ITypeInfo) ptr=0x28117aca6d0 at 2811dc09c70>
2026-02-13 16:41:50,072 - DEBUG - Release <POINTER(ITypeInfo) ptr=0x28117aca728 at 2811dc0b0b0>
2026-02-13 16:41:50,073 - DEBUG - Release <POINTER(ITypeInfo) ptr=0x28117aca258 at 2811dc0be30>
2026-02-13 16:41:50,073 - DEBUG - Release <POINTER(ITypeLib) ptr=0x28113352130 at 2811dd128d0>
2026-02-13 16:41:50,073 - DEBUG - Release <POINTER(ITypeInfo) ptr=0x28117acaeb8 at 2811dd13650>
2026-02-13 16:41:50,074 - DEBUG - Release <POINTER(ITypeInfo) ptr=0x28117acaeb8 at 2811dc0b410>
2026-02-13 16:41:50,074 - DEBUG - Release <POINTER(ITypeLib) ptr=0x28113352130 at 2811dd13650>
2026-02-13 16:41:50,074 - DEBUG - Release <POINTER(ITypeInfo) ptr=0x28117acaf10 at 2811dd128d0>
2026-02-13 16:41:50,075 - DEBUG - Release <POINTER(ITypeInfo) ptr=0x28117acaeb8 at 2811dc09c70>
2026-02-13 16:41:50,075 - DEBUG - Release <POINTER(ITypeInfo) ptr=0x28117acae60 at 2811dc0bec0>
2026-02-13 16:41:50,076 - DEBUG - Release <POINTER(ITypeLib) ptr=0x28113352130 at 2811dd128d0>
2026-02-13 16:41:50,076 - DEBUG - Release <POINTER(ITypeInfo) ptr=0x28117acaf68 at 2811dd13650>
2026-02-13 16:41:50,076 - DEBUG - Release <POINTER(ITypeLib) ptr=0x28113352130 at 2811dd13650>
2026-02-13 16:41:50,077 - DEBUG - Release <POINTER(ITypeInfo) ptr=0x28117acafc0 at 2811dd128d0>
2026-02-13 16:41:50,077 - DEBUG - Release <POINTER(ITypeLib) ptr=0x28113352130 at 2811dd128d0>
2026-02-13 16:41:50,077 - DEBUG - Release <POINTER(ITypeInfo) ptr=0x28117acb018 at 2811dd13650>
2026-02-13 16:41:50,078 - DEBUG - Release <POINTER(ITypeInfo) ptr=0x28117acae08 at 2811dd128d0>
2026-02-13 16:41:50,078 - DEBUG - Release <POINTER(ITypeInfo) ptr=0x28117acae08 at 2811dc0ae70>
2026-02-13 16:41:50,079 - DEBUG - Release <POINTER(ITypeLib) ptr=0x28113352130 at 2811dd128d0>
2026-02-13 16:41:50,079 - DEBUG - Release <POINTER(ITypeInfo) ptr=0x28117acb070 at 2811dd13650>
2026-02-13 16:41:50,087 - DEBUG - filename: "C:\Windows\System32\stdole2.tlb": tlib_mtime: 1711956124.7159297
2026-02-13 16:41:50,088 - DEBUG - Release <POINTER(ITypeLib) ptr=0x28113352130 at 2811dd12e70>
2026-02-13 16:41:50,089 - INFO - # Generating comtypes.gen.stdole
2026-02-13 16:41:50,209 - DEBUG - Release <POINTER(ITypeLib) ptr=0x28113352130 at 2811dd10200>
2026-02-13 16:41:50,210 - DEBUG - Release <POINTER(ITypeLib) ptr=0x28113352130 at 2811dc0b410>
2026-02-13 16:41:50,744 - DEBUG - Release <POINTER(ITypeLib) ptr=0x28113351bb0 at 2811dd12c30>
2026-02-13 16:41:50,745 - DEBUG - Release <POINTER(ITypeLib) ptr=0x28113351bb0 at 2811dc0a4e0>
2026-02-13 16:41:50,747 - DEBUG - Release <POINTER(ITypeLib) ptr=0x28113351bb0 at 2811dc0ac30>
2026-02-13 16:41:50,747 - DEBUG - Release <POINTER(ITypeLib) ptr=0x28113351bb0 at 2811dc0a570>
2026-02-13 16:41:50,748 - DEBUG - Release <POINTER(ITypeLib) ptr=0x28113351bb0 at 2811dc0b770>
2026-02-13 16:41:50,749 - DEBUG - Release <POINTER(ITypeLib) ptr=0x28113351bb0 at 2811dd13410>
2026-02-13 16:41:50,749 - DEBUG - Release <POINTER(ITypeLib) ptr=0x28113351bb0 at 2811dd10830>
2026-02-13 16:41:50,750 - DEBUG - Release <POINTER(ITypeLib) ptr=0x28113351bb0 at 2811dd134a0>
2026-02-13 16:41:50,750 - DEBUG - Release <POINTER(ITypeLib) ptr=0x28113351bb0 at 2811dd131d0>
2026-02-13 16:41:50,750 - DEBUG - Release <POINTER(ITypeLib) ptr=0x28113351bb0 at 2811dd13920>
2026-02-13 16:41:50,750 - DEBUG - Release <POINTER(ITypeLib) ptr=0x28113351bb0 at 2811dd30200>
2026-02-13 16:41:50,751 - DEBUG - Release <POINTER(ITypeLib) ptr=0x28113351bb0 at 2811dd303b0>
2026-02-13 16:41:50,752 - DEBUG - Release <POINTER(ITypeLib) ptr=0x28113351bb0 at 2811dd115b0>
2026-02-13 16:41:50,752 - DEBUG - Release <POINTER(ITypeLib) ptr=0x28113351bb0 at 2811dd12690>
2026-02-13 16:41:50,752 - DEBUG - Release <POINTER(ITypeLib) ptr=0x28113351bb0 at 2811dd12a80>
2026-02-13 16:41:50,753 - DEBUG - Release <POINTER(ITypeLib) ptr=0x28113351bb0 at 2811dd13b60>
2026-02-13 16:41:50,753 - DEBUG - Release <POINTER(ITypeLib) ptr=0x28113351bb0 at 2811dd10a70>
2026-02-13 16:41:50,754 - DEBUG - Release <POINTER(ITypeLib) ptr=0x28113351bb0 at 2811db5d9a0>
2026-02-13 16:41:50,754 - DEBUG - Release <POINTER(ITypeLib) ptr=0x28113351bb0 at 2811dd13ec0>
2026-02-13 16:41:50,755 - DEBUG - Release <POINTER(ITypeLib) ptr=0x28113351bb0 at 2811db5e3c0>
2026-02-13 16:41:50,755 - DEBUG - Release <POINTER(ITypeLib) ptr=0x28113351bb0 at 2811dc0ba40>
2026-02-13 16:41:50,756 - DEBUG - Release <POINTER(ITypeLib) ptr=0x28113351bb0 at 2811dc0b5c0>
2026-02-13 16:41:50,756 - DEBUG - Release <POINTER(ITypeLib) ptr=0x28113351bb0 at 2811db5fec0>
2026-02-13 16:41:50,756 - DEBUG - Release <POINTER(ITypeLib) ptr=0x28113351bb0 at 2811db5e600>
2026-02-13 16:41:50,757 - DEBUG - Release <POINTER(ITypeLib) ptr=0x28113351bb0 at 2811db5d5b0>
2026-02-13 16:41:50,757 - DEBUG - Release <POINTER(ITypeLib) ptr=0x28113351bb0 at 2811db5f6e0>
2026-02-13 16:41:50,758 - DEBUG - Release <POINTER(ITypeLib) ptr=0x28113351bb0 at 2811db5e570>
2026-02-13 16:41:50,758 - DEBUG - Release <POINTER(ITypeLib) ptr=0x28113351bb0 at 2811db5e330>
2026-02-13 16:41:50,759 - DEBUG - Implements default interface from typeinfo <class 'comtypes.gen._C866CA3A_32F7_11D2_9602_00C04F8EE628_0_5_4.ISpeechVoice'>
2026-02-13 16:41:50,760 - DEBUG - Final result is <POINTER(ISpeechVoice) ptr=0x2815ef9dcd0 at 2811da9eda0>
2026-02-13 16:41:50,761 - DEBUG - Release <POINTER(ITypeLib) ptr=0x28113351bb0 at 2811da9ec10>
2026-02-13 16:41:50,761 - DEBUG - Release <POINTER(ITypeInfo) ptr=0x28117ebb608 at 2811da9e2b0>
2026-02-13 16:41:50,762 - DEBUG - Release <POINTER(ITypeInfo) ptr=0x28117ebb660 at 2811da9e760>
2026-02-13 16:41:50,762 - DEBUG - Release <POINTER(IProvideClassInfo) ptr=0x2815ef9dcf0 at 2811da9e120>
2026-02-13 16:41:50,763 - DEBUG - Release <POINTER(IUnknown) ptr=0x2815ef9dc90 at 2811da9df90>
2026-02-13 16:41:50,765 - DEBUG - SAPI.SpFileStream -> {947812B3-2AE1-4644-BA86-9E90DED7EC91}
2026-02-13 16:41:50,765 - DEBUG - CoCreateInstance({947812B3-2AE1-4644-BA86-9E90DED7EC91}, clsctx=None, interface=None)
2026-02-13 16:41:50,771 - DEBUG - GetBestInterface(<POINTER(IUnknown) ptr=0x2815ef9e750 at 2811db2c4a0>)
2026-02-13 16:41:50,773 - DEBUG - Does NOT implement IProvideClassInfo, trying IProvideClassInfo2
2026-02-13 16:41:50,773 - DEBUG - Does NOT implement IProvideClassInfo/IProvideClassInfo2
2026-02-13 16:41:50,775 - DEBUG - Release <POINTER(IUnknown) ptr=0x28117ebbf50 at 2811db349f0>
2026-02-13 16:41:50,775 - DEBUG - Default interface is {AF67F125-AB39-4E93-B4A2-CC2E66E182A7}
2026-02-13 16:41:50,775 - DEBUG - Release <POINTER(IUnknown) ptr=0x2815ef9e750 at 2811da71940>
2026-02-13 16:41:50,776 - DEBUG - GetModule(TLIBATTR(GUID={C866CA3A-32F7-11D2-9602-00C04F8EE628}, Version=5.4, LCID=0, FLags=0x8))
2026-02-13 16:41:50,776 - DEBUG - Implements default interface from typeinfo <class 'comtypes.gen._C866CA3A_32F7_11D2_9602_00C04F8EE628_0_5_4.ISpeechFileStream'>
2026-02-13 16:41:50,777 - DEBUG - Final result is <POINTER(ISpeechFileStream) ptr=0x2815ef9e750 at 2811da9df90>
2026-02-13 16:41:50,777 - DEBUG - Release <POINTER(ITypeLib) ptr=0x28113351bb0 at 2811db5e720>
2026-02-13 16:41:50,778 - DEBUG - Release <POINTER(IDispatch) ptr=0x2815ef9e750 at 2811da9e760>
2026-02-13 16:41:50,778 - DEBUG - Release <POINTER(ITypeInfo) ptr=0x28117ebbf50 at 2811d937d10>
2026-02-13 16:41:50,779 - DEBUG - Release <POINTER(IUnknown) ptr=0x2815ef9e750 at 2811db2c4a0>
2026-02-13 16:41:51,253 - DEBUG - SAPI.SPVoice -> {96749377-3391-11D2-9EE3-00C04F797396}
2026-02-13 16:41:51,253 - DEBUG - CoCreateInstance({96749377-3391-11D2-9EE3-00C04F797396}, clsctx=None, interface=None)
2026-02-13 16:41:51,254 - DEBUG - GetBestInterface(<POINTER(IUnknown) ptr=0x28118c26fe0 at 2811da71940>)
2026-02-13 16:41:51,254 - DEBUG - Does implement IProvideClassInfo
2026-02-13 16:41:51,254 - DEBUG - Default interface is {269316D8-57BD-11D2-9EEE-00C04F797396}
2026-02-13 16:41:51,255 - DEBUG - Release <POINTER(IUnknown) ptr=0x28118c27020 at 2811bfdefd0>
2026-02-13 16:41:51,255 - DEBUG - GetModule(TLIBATTR(GUID={C866CA3A-32F7-11D2-9602-00C04F8EE628}, Version=5.4, LCID=0, FLags=0x8))
2026-02-13 16:41:51,255 - DEBUG - Implements default interface from typeinfo <class 'comtypes.gen._C866CA3A_32F7_11D2_9602_00C04F8EE628_0_5_4.ISpeechVoice'>
2026-02-13 16:41:51,256 - DEBUG - Final result is <POINTER(ISpeechVoice) ptr=0x28118c27020 at 28124893bb0>
2026-02-13 16:41:51,256 - DEBUG - Release <POINTER(ITypeLib) ptr=0x28113351bb0 at 2811db5e600>
2026-02-13 16:41:51,256 - DEBUG - Release <POINTER(ITypeInfo) ptr=0x28117ebb608 at 2811db5f6e0>
2026-02-13 16:41:51,256 - DEBUG - Release <POINTER(ITypeInfo) ptr=0x28117ebb660 at 2811db5e570>
2026-02-13 16:41:51,256 - DEBUG - Release <POINTER(IProvideClassInfo) ptr=0x28118c27040 at 281248dc050>
2026-02-13 16:41:51,257 - DEBUG - Release <POINTER(IUnknown) ptr=0x28118c26fe0 at 2811da71940>
2026-02-13 16:41:51,257 - DEBUG - <POINTER(ISpeechVoice) ptr=0x28118c27020 at 28124893bb0> using sinkinterface from clsid <class 'comtypes.gen._C866CA3A_32F7_11D2_9602_00C04F8EE628_0_5_4._ISpeechVoiceEvents'>
2026-02-13 16:41:51,257 - DEBUG - Release <POINTER(IProvideClassInfo2) ptr=0x28118c27040 at 28124893d40>
2026-02-13 16:41:51,260 - DEBUG - <comtypes.client._events.CreateEventReceiver.<locals>.Sink object at 0x000002811DA71D30>: _ISpeechVoiceEvents.VoiceChange not implemented
2026-02-13 16:41:51,261 - DEBUG - <comtypes.client._events.CreateEventReceiver.<locals>.Sink object at 0x000002811DA71D30>: _ISpeechVoiceEvents.Bookmark not implemented
2026-02-13 16:41:51,261 - DEBUG - <comtypes.client._events.CreateEventReceiver.<locals>.Sink object at 0x000002811DA71D30>: _ISpeechVoiceEvents.Sentence not implemented
2026-02-13 16:41:51,261 - DEBUG - <comtypes.client._events.CreateEventReceiver.<locals>.Sink object at 0x000002811DA71D30>: _ISpeechVoiceEvents.Phoneme not implemented
2026-02-13 16:41:51,261 - DEBUG - <comtypes.client._events.CreateEventReceiver.<locals>.Sink object at 0x000002811DA71D30>: _ISpeechVoiceEvents.Viseme not implemented
2026-02-13 16:41:51,262 - DEBUG - <comtypes.client._events.CreateEventReceiver.<locals>.Sink object at 0x000002811DA71D30>: _ISpeechVoiceEvents.AudioLevel not implemented
2026-02-13 16:41:51,262 - DEBUG - <comtypes.client._events.CreateEventReceiver.<locals>.Sink object at 0x000002811DA71D30>: _ISpeechVoiceEvents.EnginePrivate not implemented
2026-02-13 16:41:51,262 - DEBUG - Start advise <class 'comtypes.gen._C866CA3A_32F7_11D2_9602_00C04F8EE628_0_5_4._ISpeechVoiceEvents'>
2026-02-13 16:41:51,263 - DEBUG - <comtypes.client._events.CreateEventReceiver.<locals>.Sink object at 0x000002811DA71D30>.QueryInterface({A372ACD1-3BEF-4BBD-8FFB-CB3E2B416AF8}) -> S_OK
2026-02-13 16:41:51,263 - DEBUG - 1 active COM objects: Added   <comtypes.client._events.CreateEventReceiver.<locals>.Sink object at 0x000002811DA71D30>
2026-02-13 16:41:51,264 - DEBUG - <comtypes.client._events.CreateEventReceiver.<locals>.Sink object at 0x000002811DA71D30>.AddRef() -> 1
2026-02-13 16:41:51,273 - DEBUG - Release <POINTER(IConnectionPointContainer) ptr=0x28118c27048 at 281248ece60>
2026-02-13 16:41:51,757 - DEBUG - wrap_outparam(<POINTER(ISpeechObjectToken) ptr=0x28118c27670 at 281248ece60>)
2026-02-13 16:41:51,758 - DEBUG - Release <POINTER(ISpeechObjectToken) ptr=0x28118c27670 at 281248ece60>
2026-02-13 16:41:51,760 - DEBUG - wrap_outparam(<POINTER(ISpeechObjectTokens) ptr=0x28118c34d70 at 281248ece60>)
2026-02-13 16:41:51,761 - DEBUG - Release <POINTER(IUnknown) ptr=0x28118c33aa0 at 2811bfdfb10>
2026-02-13 16:41:51,761 - DEBUG - wrap_outparam(<POINTER(IDispatch) ptr=0x28118c374a0 at 281248ed180>)
2026-02-13 16:41:51,761 - DEBUG - GetBestInterface(<POINTER(IDispatch) ptr=0x28118c374a0 at 281248ed180>)
2026-02-13 16:41:51,762 - DEBUG - Does NOT implement IProvideClassInfo, trying IProvideClassInfo2
2026-02-13 16:41:51,762 - DEBUG - Does NOT implement IProvideClassInfo/IProvideClassInfo2
2026-02-13 16:41:51,763 - DEBUG - Release <POINTER(IUnknown) ptr=0x28117ebb7c0 at 2811da77360>
2026-02-13 16:41:51,764 - DEBUG - Default interface is {C74A3ADC-B727-4500-A84A-B526721C8B8C}
2026-02-13 16:41:51,764 - DEBUG - Release <POINTER(IUnknown) ptr=0x28118c374a0 at 2811da77360>
2026-02-13 16:41:51,764 - DEBUG - GetModule(TLIBATTR(GUID={C866CA3A-32F7-11D2-9602-00C04F8EE628}, Version=5.4, LCID=0, FLags=0x8))
2026-02-13 16:41:51,765 - DEBUG - Implements default interface from typeinfo <class 'comtypes.gen._C866CA3A_32F7_11D2_9602_00C04F8EE628_0_5_4.ISpeechObjectToken'>
2026-02-13 16:41:51,765 - DEBUG - Final result is <POINTER(ISpeechObjectToken) ptr=0x28118c374a0 at 281248ed4a0>
2026-02-13 16:41:51,765 - DEBUG - Release <POINTER(ITypeLib) ptr=0x28113351bb0 at 2811db5e570>
2026-02-13 16:41:51,765 - DEBUG - Release <POINTER(IDispatch) ptr=0x28118c374a0 at 281248dc650>
2026-02-13 16:41:51,766 - DEBUG - Release <POINTER(ITypeInfo) ptr=0x28117ebb7c0 at 2811db5ff50>
2026-02-13 16:41:51,766 - DEBUG - Release <POINTER(IDispatch) ptr=0x28118c374a0 at 281248ed180>
2026-02-13 16:41:51,766 - DEBUG - Release <POINTER(IEnumVARIANT) ptr=0x28118c33aa0 at 281248ed310>
2026-02-13 16:41:51,767 - DEBUG - Release <POINTER(ISpeechObjectTokens) ptr=0x28118c34d70 at 281248ece60>
2026-02-13 16:41:51,767 - DEBUG - Release <POINTER(ISpeechObjectToken) ptr=0x28118c374a0 at 281248ed4a0>
2026-02-13 16:41:51,769 - DEBUG - wrap_outparam(<POINTER(ISpeechObjectTokens) ptr=0x28118c38470 at 281248ed4a0>)
2026-02-13 16:41:51,769 - DEBUG - Release <POINTER(IUnknown) ptr=0x28118c33440 at 2811dcd55b0>
2026-02-13 16:41:51,769 - DEBUG - Release <POINTER(ISpeechObjectTokens) ptr=0x28118c38470 at 281248ed4a0>
2026-02-13 16:41:51,769 - DEBUG - wrap_outparam(<POINTER(IDispatch) ptr=0x28118c372f0 at 281248dc650>)
2026-02-13 16:41:51,769 - DEBUG - GetBestInterface(<POINTER(IDispatch) ptr=0x28118c372f0 at 281248dc650>)
2026-02-13 16:41:51,770 - DEBUG - Does NOT implement IProvideClassInfo, trying IProvideClassInfo2
2026-02-13 16:41:51,770 - DEBUG - Does NOT implement IProvideClassInfo/IProvideClassInfo2
2026-02-13 16:41:51,771 - DEBUG - Release <POINTER(IUnknown) ptr=0x28117ebb7c0 at 2811daba250>
2026-02-13 16:41:51,771 - DEBUG - Default interface is {C74A3ADC-B727-4500-A84A-B526721C8B8C}
2026-02-13 16:41:51,771 - DEBUG - Release <POINTER(IUnknown) ptr=0x28118c372f0 at 2811daba250>
2026-02-13 16:41:51,772 - DEBUG - GetModule(TLIBATTR(GUID={C866CA3A-32F7-11D2-9602-00C04F8EE628}, Version=5.4, LCID=0, FLags=0x8))
2026-02-13 16:41:51,774 - DEBUG - Implements default interface from typeinfo <class 'comtypes.gen._C866CA3A_32F7_11D2_9602_00C04F8EE628_0_5_4.ISpeechObjectToken'>
2026-02-13 16:41:51,774 - DEBUG - Final result is <POINTER(ISpeechObjectToken) ptr=0x28118c372f0 at 281248dc4d0>
2026-02-13 16:41:51,774 - DEBUG - Release <POINTER(ITypeLib) ptr=0x28113351bb0 at 2811db5e570>
2026-02-13 16:41:51,774 - DEBUG - Release <POINTER(IDispatch) ptr=0x28118c372f0 at 2811db2c8f0>
2026-02-13 16:41:51,774 - DEBUG - Release <POINTER(ITypeInfo) ptr=0x28117ebb7c0 at 2811db5df40>
2026-02-13 16:41:51,775 - DEBUG - Release <POINTER(IDispatch) ptr=0x28118c372f0 at 281248dc650>
2026-02-13 16:41:51,776 - DEBUG - wrap_outparam(<POINTER(IDispatch) ptr=0x28118c371d0 at 2811db2c8f0>)
2026-02-13 16:41:51,776 - DEBUG - GetBestInterface(<POINTER(IDispatch) ptr=0x28118c371d0 at 2811db2c8f0>)
2026-02-13 16:41:51,777 - DEBUG - Does NOT implement IProvideClassInfo, trying IProvideClassInfo2
2026-02-13 16:41:51,777 - DEBUG - Does NOT implement IProvideClassInfo/IProvideClassInfo2
2026-02-13 16:41:51,778 - DEBUG - Release <POINTER(IUnknown) ptr=0x28117ebb7c0 at 2811da62c50>
2026-02-13 16:41:51,778 - DEBUG - Default interface is {C74A3ADC-B727-4500-A84A-B526721C8B8C}
2026-02-13 16:41:51,778 - DEBUG - Release <POINTER(IUnknown) ptr=0x28118c371d0 at 2811da62050>
2026-02-13 16:41:51,779 - DEBUG - GetModule(TLIBATTR(GUID={C866CA3A-32F7-11D2-9602-00C04F8EE628}, Version=5.4, LCID=0, FLags=0x8))
2026-02-13 16:41:51,779 - DEBUG - Implements default interface from typeinfo <class 'comtypes.gen._C866CA3A_32F7_11D2_9602_00C04F8EE628_0_5_4.ISpeechObjectToken'>
2026-02-13 16:41:51,779 - DEBUG - Final result is <POINTER(ISpeechObjectToken) ptr=0x28118c371d0 at 281248dc650>
2026-02-13 16:41:51,779 - DEBUG - Release <POINTER(ITypeLib) ptr=0x28113351bb0 at 2811db5d9a0>
2026-02-13 16:41:51,780 - DEBUG - Release <POINTER(IDispatch) ptr=0x28118c371d0 at 2811db349f0>
2026-02-13 16:41:51,780 - DEBUG - Release <POINTER(ITypeInfo) ptr=0x28117ebb7c0 at 2811db5e570>
2026-02-13 16:41:51,780 - DEBUG - Release <POINTER(IDispatch) ptr=0x28118c371d0 at 2811db2c8f0>
2026-02-13 16:41:51,780 - DEBUG - Release <POINTER(ISpeechObjectToken) ptr=0x28118c372f0 at 281248dc4d0>
2026-02-13 16:41:51,781 - DEBUG - Release <POINTER(IEnumVARIANT) ptr=0x28118c33440 at 281248ece60>
2026-02-13 16:41:51,782 - DEBUG - Release <POINTER(ISpeechObjectToken) ptr=0x28118c371d0 at 281248dc650>
2026-02-13 16:42:12,155 - DEBUG - Starting new HTTP connection (1): localhost:11434
2026-02-13 16:42:12,226 - DEBUG - Starting new HTTP connection (1): localhost:11434
2026-02-13 16:43:04,529 - DEBUG - Starting new HTTP connection (1): localhost:11434
2026-02-13 17:04:21,978 - INFO - ==================================================
2026-02-13 17:04:21,979 - INFO - BRIO STARTUP INITIATED
2026-02-13 17:04:21,979 - INFO - ==================================================
2026-02-13 17:04:21,979 - INFO - Creating BrioSystem instance...
2026-02-13 17:04:21,980 - INFO - Registered component for monitoring: HeartLoop
2026-02-13 17:04:24,712 - INFO - [System] Local Mind initialized.
2026-02-13 17:04:25,440 - DEBUG - Importing AvifImagePlugin
2026-02-13 17:04:25,488 - DEBUG - Importing BlpImagePlugin
2026-02-13 17:04:25,530 - DEBUG - Importing BmpImagePlugin
2026-02-13 17:04:25,530 - DEBUG - Importing BufrStubImagePlugin
2026-02-13 17:04:25,569 - DEBUG - Importing CurImagePlugin
2026-02-13 17:04:25,599 - DEBUG - Importing DcxImagePlugin
2026-02-13 17:04:25,666 - DEBUG - Importing DdsImagePlugin
2026-02-13 17:04:25,748 - DEBUG - Importing EpsImagePlugin
2026-02-13 17:04:25,816 - DEBUG - Importing FitsImagePlugin
2026-02-13 17:04:25,844 - INFO - BrioSystem created successfully
2026-02-13 17:04:25,845 - INFO - Entering main event loop
2026-02-13 17:04:25,854 - DEBUG - Importing FliImagePlugin
2026-02-13 17:04:25,881 - DEBUG - Importing FpxImagePlugin
2026-02-13 17:04:25,912 - DEBUG - Image: failed to import FpxImagePlugin: No module named 'olefile'
2026-02-13 17:04:25,912 - DEBUG - Importing FtexImagePlugin
2026-02-13 17:04:25,944 - DEBUG - Importing GBrioagePlugin
2026-02-13 17:04:25,944 - DEBUG - Image: failed to import GBrioagePlugin: No module named 'PIL.GBrioagePlugin'
2026-02-13 17:04:25,945 - DEBUG - Importing GifImagePlugin
2026-02-13 17:04:25,945 - DEBUG - Importing GribStubImagePlugin
2026-02-13 17:04:25,987 - DEBUG - Importing Hdf5StubImagePlugin
2026-02-13 17:04:26,030 - DEBUG - Importing IcnsImagePlugin
2026-02-13 17:04:26,196 - DEBUG - Importing IcoImagePlugin
2026-02-13 17:04:26,253 - DEBUG - Importing ImImagePlugin
2026-02-13 17:04:26,338 - DEBUG - Importing ImtImagePlugin
2026-02-13 17:04:26,371 - DEBUG - Importing IptcImagePlugin
2026-02-13 17:04:26,412 - DEBUG - Importing JpegImagePlugin
2026-02-13 17:04:26,412 - DEBUG - Importing Jpeg2KImagePlugin
2026-02-13 17:04:26,413 - DEBUG - Importing McIdasImagePlugin
2026-02-13 17:04:26,490 - DEBUG - Importing MicImagePlugin
2026-02-13 17:04:26,540 - DEBUG - Image: failed to import MicImagePlugin: No module named 'olefile'
2026-02-13 17:04:26,541 - DEBUG - Importing MpegImagePlugin
2026-02-13 17:04:26,597 - DEBUG - Importing MpoImagePlugin
2026-02-13 17:04:26,786 - DEBUG - Importing MspImagePlugin
2026-02-13 17:04:26,822 - DEBUG - Importing PalmImagePlugin
2026-02-13 17:04:26,857 - DEBUG - Importing PcdImagePlugin
2026-02-13 17:04:26,883 - DEBUG - Importing PcxImagePlugin
2026-02-13 17:04:26,883 - DEBUG - Importing PdfImagePlugin
2026-02-13 17:04:26,974 - DEBUG - Importing PixarImagePlugin
2026-02-13 17:04:27,001 - DEBUG - Importing PngImagePlugin
2026-02-13 17:04:27,001 - DEBUG - Importing PpmImagePlugin
2026-02-13 17:04:27,001 - DEBUG - Importing PsdImagePlugin
2026-02-13 17:04:27,028 - DEBUG - Importing QoiImagePlugin
2026-02-13 17:04:27,058 - DEBUG - Importing SgiImagePlugin
2026-02-13 17:04:27,085 - DEBUG - Importing SpiderImagePlugin
2026-02-13 17:04:27,120 - DEBUG - Importing SunImagePlugin
2026-02-13 17:04:27,155 - DEBUG - Importing TgaImagePlugin
2026-02-13 17:04:27,188 - DEBUG - Importing TiffImagePlugin
2026-02-13 17:04:27,188 - DEBUG - Importing WebPImagePlugin
2026-02-13 17:04:27,225 - DEBUG - Importing WmfImagePlugin
2026-02-13 17:04:27,278 - DEBUG - Importing XbmImagePlugin
2026-02-13 17:04:27,316 - DEBUG - Importing XpmImagePlugin
2026-02-13 17:04:27,353 - DEBUG - Importing XVThumbImagePlugin
